            0.300376 0 0 0 -7.47026e-05 -5.16935e-05  2.86714e-06 0 0 0   -0.011 -0.02329  0.04412  -0.00587018  0.000873463 -0.000185045  0.0246703 0.00405366 -0.0123907 0 0 0      0      0 -9.809 
            0.399925 0.0100959   15.1019 -0.060343 -0.0179047  0.0222948  0.0137295  6.06923e-06  4.62448e-06 -8.16074e-07 -0.0110002 -0.0232898  0.0441201 -0.000232327  -0.00745267   0.00270627  0.0246702 0.00405353 -0.0123907   4.0451e-07 -4.48569e-07 -1.59344e-07 -3.37403e-07  4.31894e-07       -9.809 
            0.500208 -0.0696699    15.0906 -0.0366031 -0.00942108  0.00875932    0.038041 -9.00118e-05 -6.05814e-05 -2.36235e-05 -0.0110002 -0.0232897  0.0441198  0.0441488 -0.0708006   0.122214  0.0249475 0.00363071 -0.0124603 -1.93241e-06  1.58607e-05 -3.23039e-05  9.84517e-06 -1.51476e-05       -9.809 
            0.601211 0.0340062   15.1011  0.215273 -0.0179441 0.00932231  0.0281012  0.00178023   0.0131395 0.000519056 -0.0109977 -0.0232867  0.0441185 -0.00602173  -0.0462221   0.0388066  0.0247095 0.00349241 -0.0128218   0.00183135 -0.000335863   0.00221368 -0.00225383 0.000323661      -9.809 
            0.701226  -0.260373    15.0679 -0.0274161 -0.025259 0.0187036 0.0246291 0.0139752 0.0348021 0.0038948 -0.0110048 -0.0232899  0.0441234  -0.0310982 -0.00187181   0.0160398  0.0253674 0.00348763 -0.0118792  0.00493708 -0.00259587  0.00550975 -0.00596567  0.00249177      -9.809 
            0.800213 -0.123899    15.041 0.0186431 -0.0153165   0.017516  0.0154005  0.0134403 -0.0280369 0.00347286 -0.0110051 -0.0232888  0.0441217  0.00821666 -0.00539523  -0.0133257  0.0250332 0.00374335 -0.0121287 -0.00674712 -0.00249347  0.00589293  0.0047926 0.00240925     -9.809 
            0.900242   -0.4558   15.0389 -0.179148 -0.0192611   0.010591  0.0121607   -0.010649   0.0135321 -0.00285559 -0.0109997 -0.0232922  0.0441175 -0.0046439 -0.0151992 -0.0191651  0.0261155 0.00328669 -0.0118216 -0.000269714   0.00192786    0.0103087 -0.00232138 -0.00185868      -9.809 
            0.999855 -0.466966   14.9516 -0.152479 -0.00925306   0.0171968  0.00700642  0.0284224 -0.0769792 0.00730574 -0.0110002 -0.0232928  0.0441125 0.0286227 0.0104393 -0.027559  0.0260396 0.00365827 -0.0120429  -0.0165264 -0.00527096  0.00868583  0.0131767 0.00507615   -9.80899 
             1.10117  -0.35999   14.9446 -0.246213 -0.0132383  0.0236288  0.0118279  0.0590444 -0.0214813  0.0157301 -0.0110005 -0.0232897  0.0441085  0.00924033   0.0277581 -0.00984496   0.025428 0.00328923 -0.0115885 -0.00380162  -0.0108845 -0.00058892 0.0036691 0.0105257  -9.80899 
             1.20023 -0.156274   14.8771  -0.19151 -0.0176377  0.0269057  0.0184171 0.0633361 0.0198981 0.0170195 -0.0109986 -0.0232724  0.0441094 -0.00638712   0.0288238  0.00974765  0.0247593  0.0030177 -0.0116239 0.00713271 -0.0116276 -0.0129208 -0.00341576   0.0113237    -9.80899 
             1.30054 -0.198617   14.8567 -0.141042 -0.0232169  0.0307537  0.0237602 0.0686517  0.056156 0.0185084 -0.0109976 -0.0232616  0.0441085 -0.0204447  0.0334639  0.0225969  0.0248872 0.00262483 -0.0117594  0.0156473 -0.0125801 -0.0197705 -0.00962065   0.0123021    -9.80899 
             1.39999 -0.226296   14.7653  -0.28632 -0.0246447  0.0289002  0.0301388 0.0380263 0.0521682 0.0103564 -0.0109953 -0.0232612  0.0441082 -0.0160361  0.0207954  0.0356434   0.024908 0.00255652 -0.0112728   0.0170557 -0.00691956  -0.0278223 -0.00894824  0.00690256    -9.80899 
              1.5002 -0.116367   14.6411 -0.176349 -0.0250101  0.0293269  0.0207922  0.0302726  0.0442681 0.00827689 -0.0110038  -0.023267  0.0441063 -0.0185218  0.0153542 0.00426588  0.0245855 0.00280267 -0.0113309  0.00908201 -0.00555788  -0.0032196 -0.00760306  0.00544681      -9.809 
              1.6012 -0.258843   14.7469 0.0958953 -0.0235371  0.0272073  0.0220329  0.0118614  0.0297534 0.00346625 -0.0110122 -0.0232813  0.0441059  0.0014558 0.00773398 0.00744436  0.0250355  0.0026263 -0.0113677  0.00694604 -0.00218118 -0.00523151 -0.00513863   0.0021948      -9.809 
             1.70116 -0.201474   14.8675 0.0652586 -0.0164411  0.0264433   0.021562  0.00537292 -0.00160893  0.00173592  -0.011018 -0.0232867  0.0441234  0.0238376 0.00438513 0.00505698   0.024752 0.00240692 -0.0109669   0.00100957 -0.000993724  -0.00450351 0.000191482  0.00102689      -9.809 
             1.80026 -0.0037258    15.0202   0.142421 -0.018719 0.0248201 0.0303135 -0.000265135    0.0199559  0.000412861 -0.0110295 -0.0232816  0.0441074    0.018593 -0.00512353   0.0258191  0.0242864 0.00221896  -0.011213  0.00796772 7.25712e-05  -0.0161854 -0.00344409 5.15742e-05      -9.809 
             1.90014 -0.230392   15.0111 -0.200862 -0.0185437  0.0302766  0.0268689 0.0192772 0.0269085 0.0053316 -0.0110363 -0.0232831  0.0441121  0.016317 0.0108888 0.0119825  0.0247373 0.00223265 -0.0107936  0.00693904 -0.00353564 -0.00718121 -0.00467783  0.00348026      -9.809 
             2.00052 -0.469084   14.9936 -0.610239 -0.0178679  0.0275193  0.0270548 0.00605154  0.0310258 0.00209708 -0.0110234  -0.023288  0.0441079  0.0172981 0.00666657 0.00997064  0.0252891 0.00216107 -0.0104563   0.0072884 -0.00113141 -0.00557053 -0.00538675  0.00116287      -9.809 
             2.10117 -0.397174   14.8441 -0.625443 -0.0183052  0.0293364  0.0215968 0.00903603  0.0378512 0.00291543 -0.0110383 -0.0232868  0.0441144   0.0109775   0.0116593 -0.00516086  0.0250743 0.00238813 -0.0104759 0.00640064 -0.0017164  0.0028336 -0.00662138  0.00171686      -9.809 
             2.20029 -0.164853   14.8782 -0.422238 -0.0263573  0.0260416  0.0240955 -0.00170761   0.0663205 0.000600914 -0.0110421 -0.0232658   0.044129   -0.0102892 -0.000983893   0.00133025  0.0245389 0.00205073 -0.0106773   0.0121199 0.000259481 0.000894516   -0.0114675 -8.68761e-05     -9.80899 
             2.30029  -0.14908   14.8557 -0.345486 -0.0284532  0.0296143  0.0266653 0.00752133  0.0701596 0.00290243  -0.011036 -0.0232605  0.0441294 -0.0100431 0.00581459 0.00740504  0.0244802 0.00192412 -0.0106998    0.013447 -0.00141522 -0.00153367 -0.0120727 0.00154839   -9.80899 
              2.4001 -0.235032   14.8837 -0.528075 -0.0266184  0.0317764    0.02647  0.0108188  0.0629154 0.00363657 -0.0110364 -0.0232615  0.0441296 -0.000511484   0.00962728   0.00603166  0.0245605 0.00182581  -0.010253    0.011967 -0.00202271 -0.00096429 -0.0108275 0.00207649   -9.80899 
             2.50021 -0.217438   14.9244 -0.423924 -0.0347238  0.0230359  0.0318331  -0.0100802   0.0832735 -0.00129966  -0.011044 -0.0232451  0.0441219 -0.0199999 -0.0117927   0.017229  0.0246189 0.00171108 -0.0104805   0.0165944  0.00183657 -0.00439273  -0.0143946 -0.00144055    -9.80899 
             2.60122 -0.358943   14.9077 -0.481019 -0.0314829  0.0263074   0.027524 -0.00144124   0.0707766 0.000718772 -0.0110429 -0.0232446  0.0441264 -0.00592362  0.00100773  0.00400681  0.0248858  0.0018036 -0.0102749    0.013032 0.000219443 0.000512658   -0.0122327 -2.02301e-05     -9.80899 
             2.70032 -0.420887   14.9883  -0.42258 -0.0209069  0.0198771  0.0245863  -0.0138988   0.0447498 -0.00280242 -0.0110508 -0.0232607  0.0441296   0.0266912  -0.0100939 -0.00278758  0.0250595 0.00169798  -0.010302 0.00782962 0.00250421 0.00203487 -0.00789709 -0.00246881      -9.809 
             2.80015 -0.408411   15.0186 -0.486983 -0.0205799  0.0202345  0.0246785  -0.0116236   0.0503815 -0.00213007 -0.0110502 -0.0232619  0.0441287   0.0226918 -0.00502986 -0.00223424  0.0249476 0.00170015 -0.0100859 0.00886883  0.0020816 0.00204544 -0.00883986 -0.00200986      -9.809 
             2.89981 -0.363131   15.1515 -0.481779 -0.0210752  0.0269889  0.0221726 0.000732157   0.0574015  0.00121882 -0.0110446 -0.0232652  0.0441229   0.0186942   0.0121686 -0.00800889  0.0247872 0.00147579  -0.010053    0.0095838 -0.000226908   0.00429371 -0.00993997 0.000248716    -9.80899 
             3.00025  -0.16317     15.26 -0.348765 -0.0192513  0.0327434  0.0203628 0.00856981  0.0578961 0.00332066 -0.0110386 -0.0232673  0.0441172  0.0202727  0.0193668 -0.0104926  0.0243574 0.00138866 -0.0102716  0.00946412 -0.00169029   0.0051059 -0.00995918  0.00164432    -9.80899 
             3.10116 -0.144845    15.402 -0.428184 -0.0182094  0.0349881  0.0279922 0.00918472  0.0596979 0.00352423 -0.0110475 -0.0232585  0.0441133 0.0201361 0.0171509 0.0088809   0.0242277   0.0011577 -0.00998049   0.0115207 -0.00176108 -0.00130943 -0.0102365 0.00178733   -9.80899 
             3.20001 -0.271897   15.2677 -0.326349 -0.0248676  0.0352284  0.0263754 0.00639773  0.0754786 0.00285349 -0.0110594 -0.0232445  0.0441316 -0.00713655   0.0165338  0.00282786  0.0244928 0.00137658 -0.0098606   0.0137024 -0.00124641  0.00144948 -0.0129821 0.00140699   -9.80899 
             3.30024 -0.162443   15.1692 -0.313208 -0.0229024  0.0359907  0.0237583 0.00522778  0.0708819 0.00242789 -0.0110618 -0.0232455  0.0441229 -0.00361369   0.0124817 -0.00287422  0.0242264 0.00136982 -0.0097713   0.012337 -0.0010385 0.00321225 -0.0121991  0.0011617   -9.80899 
             3.40006 -0.0819284    15.0807  -0.283586 -0.0246149  0.0352532  0.0232271 0.0027009 0.0729304 0.0015974 -0.0110637 -0.0232459  0.0441272 -0.00951142  0.00790348 -0.00363816   0.024124 0.00131979 -0.0100804    0.0126454 -0.000558836   0.00346984  -0.0125688 0.000716098    -9.80899 
              3.5003 0.0864108   14.9656 -0.220472 -0.0228393  0.0365627  0.0246837 0.00411291  0.0678962 0.00203664  -0.011057 -0.0232428  0.0441192 -0.00283174  0.00389046 0.000420027  0.0237415 0.00128588 -0.0100134   0.0121519 -0.00081935  0.00197907  -0.0117106 0.000939859    -9.80899 
             3.60025 -0.0362945    14.9536  -0.422437 -0.0176039  0.0362264  0.0228226 0.00332335  0.0587975 0.00171008 -0.0110579 -0.0232283  0.0441139  0.00984265 5.35898e-05 -0.00331077   0.0239409  0.00115058 -0.00977192    0.0102359 -0.000668717   0.00262223  -0.0101357 0.000753022    -9.80899 
              3.7002 0.0508321   14.9819 -0.428686 -0.0232247  0.0322022  0.0251149 -0.00128061   0.0685697 4.64646e-05 -0.0110511 -0.0232374  0.0441096 -0.0119678 -0.0135196 0.00179231   0.0237826  0.00112599 -0.00985689   0.0123906 0.000215747  0.00163454  -0.0118682 -4.6605e-05    -9.80899 
             3.79999 -0.254024    15.107 -0.604053 -0.0279312  0.0360951  0.0304337 0.00445619  0.0734968 0.00218224 -0.0110611 -0.0232562  0.0441097   -0.0227134 -6.85241e-05    0.0130981   0.0243013 0.000902364 -0.00943235    0.0141622 -0.000882306  -0.00111932  -0.0127474 0.000995542    -9.80899 
             3.90022 -0.244675   15.0389 -0.505431 -0.0285232  0.0368352  0.0303477 0.00531007  0.0709962 0.00248005 -0.0110611 -0.0232564  0.0441117 -0.0202702 0.00157816  0.0103344    0.024283 0.000934924 -0.00951091    0.0134865  -0.00104755 -0.000462889 -0.0122905 0.00114189   -9.80899 
             3.99995 -0.148141   14.9502 -0.554061 -0.0259001   0.037037  0.0301783 0.00559025   0.064107 0.00251467 -0.0110598  -0.023256  0.0441081  -0.0104913 0.000294412  0.00823981    0.024027 0.000954821 -0.00936179   0.0120967 -0.00110047 -0.00019588 -0.0110881 0.00112586   -9.80899 
             4.10032 -0.231389   14.8969 -0.513608 -0.0194285  0.0338027   0.027331 0.00201194  0.0535857 0.00111207 -0.0110606 -0.0232684  0.0440972  0.00673908 -0.00557008 0.000979189   0.0242087 0.000892894 -0.00943699   0.00967949 -0.000418979   0.00116591 -0.00925654 0.000374934      -9.809 
              4.2002 -0.126617   14.8942 -0.458728 -0.0136395  0.0334029  0.0348209 0.00271257  0.0459028 0.00127651 -0.0110608  -0.023266  0.0440977   0.0217766 -0.00724652   0.0180807   0.0240031 0.000705392 -0.00951689   0.00954646 -0.000535024  -0.00325126 -0.00805523 0.000338912      -9.809 
             4.30008 -0.152465    14.767  -0.46056 -0.0148964  0.0349671  0.0365381 0.00509597  0.0506642 0.00214697 -0.0110617 -0.0232647  0.0441018   0.0145057 -0.00378126   0.0177601   0.0240041 0.000716135 -0.00943156     0.010346 -0.000990942  -0.00289035 -0.00884037 0.000837554      -9.809 
             4.39995 -0.238754   14.6589 -0.330855 -0.0228112  0.0309798   0.028767 0.00121023  0.0628786 0.00100809 -0.0110792 -0.0232376  0.0441116  -0.0157993   -0.010573 -0.00457156   0.0241482 0.000827755 -0.00942058    0.0110657 -0.000255326   0.00268255    -0.01085 0.000339521    -9.80899 
             4.50022 -0.260161   14.7354 -0.070901 -0.0272858  0.0310442  0.0274115  0.0022547  0.0674306 0.00136617 -0.0110741 -0.0232219  0.0441082  -0.0164984  -0.0083734 -0.00628532   0.0241629  0.00068367 -0.00939066    0.0117285 -0.000449708   0.00342511  -0.0116114 0.000577972    -9.80899 
             4.60118 -0.0782413    14.9775 -0.0866593 -0.0355531  0.0349042  0.0305629  0.0070397  0.0755997 0.00272028 -0.0110677  -0.023221  0.0440733  -0.0286241 -0.00245132  0.00119277   0.0237416  0.00042036 -0.00921618  0.0136227 -0.0013476 0.00211136 -0.0130045 0.00147394   -9.80899 
              4.7003 -0.0625269    14.9348 -0.0667177 -0.0329938  0.0330828  0.0231356 0.00555234  0.0692362 0.00226848 -0.0110616 -0.0232217  0.0440848  -0.0153837 -0.00820929  -0.0151584   0.0237369 0.000587009 -0.00932411   0.0116381 -0.00108968  0.00528991 -0.0118964 0.00122577   -9.80899 
             4.80022 -0.103425   14.9678  -0.22612 -0.0338584   0.029009  0.0204438 0.00256176  0.0686051 0.00163139 -0.0110564 -0.0232203  0.0440868 -0.0110326 -0.0181668 -0.0181549   0.0238547 0.000551258 -0.00949698     0.011402 -0.000536799   0.00578804 -0.0117928 0.00070698   -9.80899 
             4.90018 -0.0704715    14.9284  -0.514626 -0.0356998  0.0290312   0.021598 0.00444121  0.0696276 0.00202862 -0.0110621 -0.0232237   0.044085 -0.0103183 -0.0174035 -0.0117403   0.0237217  0.00053014 -0.00927194    0.0118968 -0.000875139   0.00449087 -0.0119583  0.0010171   -9.80899 
             4.99984 -0.121389   14.9915 -0.629583 -0.0351229  0.0358492  0.0252549  0.0123387  0.0683659 0.00353126 -0.0110842 -0.0232211  0.0440824  -0.00150771 -0.000802154  -0.00118701   0.0237533 0.000328731 -0.00908112   0.0121729 -0.00231705   0.0022398 -0.0117169 0.00236577   -9.80899 
             5.09983 -0.0697378    14.9187  -0.544552 -0.0332295  0.0399334  0.0259861  0.0162699  0.0663652 0.00422562 -0.0110853 -0.0232225  0.0440793  0.00585433   0.0054359 0.000864319   0.0236736 0.000388515 -0.00919264   0.0119085 -0.00304306  0.00174221  -0.011361 0.00303983   -9.80899 
             5.20028 0.0739714   14.9086 -0.586453 -0.0339479   0.039572   0.023399   0.015747  0.0678939 0.00415808 -0.0110874 -0.0232238  0.0440811  0.00438275 -0.00160695 -0.00525839   0.0233777 0.000360666 -0.00908834    0.011907 -0.00296239   0.0029993  -0.011652 0.00299488   -9.80899 
             5.30117 -0.0786708    14.9254   -0.61865 -0.0384579  0.0458731  0.0273825  0.0211848   0.073488 0.00527576 -0.0110862 -0.0232187  0.0440881 -0.00603833   0.0100229  0.00433205   0.0236313 0.000311233 -0.00903487   0.0133197 -0.00395902  0.00146107  -0.012535 0.00397836   -9.80899 
             5.40003  0.184712   14.8843 -0.512641 -0.0382748   0.041967  0.0246927  0.0175893  0.0723883 0.00456916 -0.0110919  -0.023224  0.0440903  -0.0053638  -0.0079183 -0.00235996   0.0232023 0.000418953 -0.00920248   0.0128304 -0.00330107  0.00267665 -0.0124161 0.00336958   -9.80899 
             5.49975 0.0736392   14.9856 -0.517675 -0.0419233  0.0378634  0.0264245  0.0149423  0.0755813 0.00408448  -0.011094 -0.0232182  0.0440852 -0.0111065  -0.018763 0.00195481   0.0233935 0.000252118    -0.00914   0.0135753 -0.00279735  0.00207377 -0.0129887 0.00295288   -9.80899 
             5.60019 0.0933251   14.9915 -0.438503 -0.0379529  0.0310169  0.0235617  0.0114042  0.0705092 0.00329964 -0.0110996 -0.0232284  0.0440848  0.00232147  -0.0339191 -0.00440431    0.023374 0.000284103 -0.00917157   0.0123979 -0.00214612  0.00296739 -0.0122016 0.00225622   -9.80899 
             5.70036 -0.0645896    15.0479  -0.504874 -0.0352561  0.0254712   0.020908 0.00973593  0.0682288 0.00290888   -0.0111 -0.023227 0.0440835    0.010649  -0.0397151 -0.00899779   0.0236072 0.000258349 -0.00897743   0.0117879 -0.00183854   0.0036815 -0.0118531 0.00194297   -9.80899 
             5.80031 -0.0157036    15.1546  -0.412913 -0.0327774  0.0216322  0.0226926  0.0101762   0.067127 0.00299653 -0.0111029   -0.02323  0.0440853   0.0172989  -0.0432658 -0.00287301   0.0235586 0.000181582 -0.00910626   0.0118541 -0.00191209  0.00258739 -0.0116472 0.00194925   -9.80899 
             5.90003 -0.159441   15.2149 -0.446515 -0.0290736  0.0200293  0.0193908 0.0120435 0.0655271 0.0034344 -0.0111009 -0.0232265  0.0440908   0.0234115  -0.0374047 -0.00920256   0.0237861 0.000227291 -0.00903084   0.0112861 -0.00227406  0.00360801 -0.0113459 0.00229109   -9.80899 
             6.00029 -0.272662   15.3889 -0.464056 -0.0294076  0.0192649  0.0239904  0.0141441  0.0680686 0.00406989  -0.011107 -0.0232349  0.0440877    0.01615 -0.0305643 0.00266284   0.0239522 5.52055e-05 -0.00895741   0.0122711 -0.00266398  0.00173255 -0.0117212 0.00263124   -9.80899 
             6.10005 -0.296675   15.3492  -0.57576 -0.0250202  0.0282386  0.0205956  0.0225235  0.0658979 0.00661325 -0.0111168 -0.0232278  0.0440921   0.0212144 -0.00375083 -0.00564186   0.0238954 0.000125439 -0.00867812   0.0115095 -0.00429169  0.00293683 -0.0112089 0.00413979   -9.80899 
             6.20116  0.131792    15.323 -0.328467 -0.0273469  0.0268464  0.0324496  0.0225953  0.0696252 0.00668568 -0.0111105 -0.0231872  0.0441022  0.0105307 -0.0159193   0.022044    0.0232593 -9.60487e-05  -0.00895255   0.0134844 -0.00424932 -0.00117677 -0.0118511  0.0040767   -9.80899 
             6.30037 -0.130684   15.1407  -0.67649 -0.0207224  0.0403163  0.0254841 0.0322759 0.0654529 0.0106271 -0.0111491 -0.0231706  0.0440714  0.0222242  0.0174224 0.00213931   0.0235883 8.18989e-05 -0.00861631   0.0117257 -0.00619281  0.00172261 -0.0109681 0.00585647   -9.80899 
             6.39986 -0.0890549    14.9431  -0.621405 -0.0161286  0.0417798  0.0247153 0.0322044 0.0633763  0.010571 -0.0111479 -0.0231695  0.0440593   0.0274011   0.0151461 0.000253509   0.0235481 7.10572e-05 -0.00872468   0.0112515 -0.00618017  0.00192648 -0.0106092 0.00582231   -9.80899 
             6.50028 -0.0404135    14.9702  -0.590507 -0.0133665  0.0400154  0.0241513  0.0302207  0.0632797 0.00966273 -0.0111487 -0.0231698  0.0440604   0.0255403  0.00556989 -0.00106932   0.0234904 -1.8355e-05 -0.00879968   0.0111706 -0.00578063  0.00211134 -0.0106214 0.00545396   -9.80899 
             6.60021 -0.0913691    14.9994  -0.604471 -0.00794234   0.0398129   0.0196536  0.0297565  0.0609432 0.00944859 -0.0111513 -0.0231715  0.0440614   0.027617 0.00353478 -0.0103717   0.0235641 5.63931e-05 -0.00875586   0.0102834 -0.00569555  0.00337613 -0.0101986 0.00533706   -9.80899 
             6.70012  0.145495   15.0576 -0.562064 -0.00876237   0.0423435   0.0192407 0.0312955 0.0637731 0.0101336 -0.0111469   -0.02317  0.0440508  0.0156205 0.00259731 -0.0093662   0.0231851 6.14499e-06 -0.00877358   0.0108495 -0.00600725  0.00336657 -0.0106566 0.00568701   -9.80899 
             6.80036  0.195453   15.1147 -0.590715 -0.0126676  0.0430755  0.0250551 0.0317191 0.0676452 0.0103049 -0.0111494 -0.0231634  0.0440375  0.00190448 -0.00226045  0.00455421    0.0230807 -0.000143827  -0.00867283   0.0122461 -0.00608379  0.00149199 -0.0113838 0.00583719   -9.80899 
             6.90031  0.157341   15.0864 -0.554597 -0.0175967  0.0369278  0.0271896  0.0282397  0.0712842 0.00869576 -0.0111514 -0.0231579  0.0440328  -0.012673 -0.0197705 0.00761173    0.0231519 -0.000184824  -0.00869031   0.0130649 -0.00537384  0.00120585 -0.0121063 0.00527897   -9.80899 
             7.00037 0.0200336   14.9837 -0.593214 -0.0140762  0.0338964  0.0252518  0.0277474  0.0676037 0.00852969 -0.0111498 -0.0231593  0.0440268 -0.00349579  -0.0245034  0.00254049    0.0233438 -0.000105908  -0.00859782  0.0121378 -0.0052791 0.00178107 -0.0114537 0.00510589   -9.80899 
             7.10009 0.0677937   14.9317 -0.493255 -0.0202687  0.0254468  0.0239819  0.0242596  0.0717923 0.00697343 -0.0111571 -0.0231486  0.0440284  -0.0217129  -0.0412847 -0.00121183    0.0233019 -0.000165827  -0.00870952   0.0127294 -0.00456411  0.00250811 -0.0122363  0.0045905   -9.80899 
             7.20003 -0.167401   14.8866 -0.570468 -0.0204191  0.0267056  0.0245535 0.0271892  0.070324 0.0082336 -0.0111568 -0.0231516  0.0440366  -0.0185329  -0.0289492 0.000596084    0.0236186 -0.000241179  -0.00854743   0.0125355 -0.00515779     0.00221 -0.0119201 0.00508161   -9.80899 
             7.29996  0.110416   14.7561 -0.428997 -0.0241811  0.0318782  0.0254482 0.0318965 0.0718209 0.0101716 -0.0111511 -0.0231507  0.0440363 -0.0260299 -0.0184842 0.00230955    0.0232225 -0.000216591  -0.00870687   0.0128776 -0.00610893  0.00207871 -0.0120676 0.00597431   -9.80899 
             7.40013  0.05301  14.7629 -0.43798 -0.0286022  0.0324196  0.0279136 0.0332866 0.0732885 0.0107036 -0.0111498 -0.0231503  0.0440368 -0.0290628 -0.0175601  0.0073713     0.023273 -0.000378839  -0.00859842  0.0133401 -0.0063862 0.00153524 -0.0123177 0.00623678   -9.80899 
             7.49981 -0.00771392     14.7046   -0.232072 -0.0301415  0.0244546  0.0248567  0.0298582    0.07233 0.00955138 -0.0111582 -0.0231524  0.0440318  -0.0207485  -0.0313076 -0.00074142    0.0233646 -0.000224636  -0.00858626   0.0128472 -0.00571086  0.00255155 -0.0121716 0.00564384   -9.80899 
             7.60025 -0.202332     14.81 -0.110109 -0.0316992  0.0264071  0.0226084 0.0325403 0.0721309 0.0103135 -0.0111498 -0.0231494  0.0440416 -0.0214353 -0.0198202 -0.0056523    0.0236378 -0.000331903  -0.00853079   0.012647 -0.0062371 0.00317195 -0.0120785  0.0061387   -9.80899 
             7.70045 -0.149318   14.9339 -0.101535 -0.0283828  0.0285949  0.0223182 0.0349113 0.0687453 0.0108198 -0.0111544 -0.0231482  0.0440583 -0.00554958  -0.0120448 -0.00469302    0.0235511 -0.000319892  -0.00852549   0.0120492 -0.00669099  0.00288764 -0.0114788 0.00654619   -9.80899 
             7.80019 -0.201648   14.9865 -0.300848 -0.0265237  0.0303297  0.0190816 0.0364471 0.0672394 0.0110788  -0.011156 -0.0231398  0.0440634  0.00327393 -0.00624057  -0.0108005    0.0235856 -0.000330511  -0.00837921   0.0115976 -0.00698499  0.00357747 -0.0112155 0.00684285   -9.80899 
             7.89991 -0.0824185    14.9297  -0.521794 -0.0252748  0.0316713  0.0203401 0.0376192 0.0667368  0.011274 -0.0111618 -0.0231312  0.0440598  0.00877535 -0.00501445  -0.0058192     0.023392 -0.000352518  -0.00833985   0.0116446 -0.00720359  0.00289606 -0.0111316 0.00704411   -9.80899 
              8.0012 -0.240579   14.8076 -0.626351 -0.0213242  0.0282808   0.014851 0.0358559 0.0646109 0.0110028 -0.0111564 -0.0231199  0.0440552   0.0155491 -0.00870252  -0.0162524     0.023613 -0.000270215   -0.0083088     0.01097 -0.00686773  0.00409608 -0.0107613 0.00678103   -9.80899 
             8.10032 -0.0155702    14.8148  -0.605372 -0.0272895  0.0345115  0.0139483 0.0398781 0.0695568 0.0115835 -0.0111677 -0.0231331  0.0440513 -0.00207293  0.00218029  -0.0156535    0.0232779 -0.000341563  -0.00829156   0.0119104 -0.00764735   0.0042425 -0.0116488 0.00743778   -9.80899 
             8.20005 -0.120985   14.8222 -0.519514 -0.0322499  0.0388215  0.0164336 0.0420411 0.0727496 0.0118555 -0.0111662 -0.0231235  0.0440536  -0.0121872   0.0105021 -0.00736573    0.0234443 -0.000405276  -0.00835124   0.0127213 -0.00805236  0.00337924 -0.0121917 0.00780728   -9.80899 
             8.29976 -0.115367   14.8456 -0.574673 -0.0357328  0.0392623  0.0195858 0.0417621 0.0743021 0.0118208 -0.0111662 -0.0231212  0.0440535  -0.016375 0.00834521 0.00065736    0.0234141 -0.000450124  -0.00825987   0.0132187 -0.00799176  0.00244757 -0.0124405 0.00776837   -9.80899 
             8.40029  0.132911   14.9509 -0.511108 -0.0426431  0.0434718  0.0265068 0.0437186  0.077873 0.0120281  -0.011166 -0.0231043  0.0440391 -0.0267694  0.0093029  0.0149546    0.0230869 -0.000586572  -0.00835725   0.0142383   -0.008355 0.000901332 -0.0130094 0.00815122   -9.80899 
             8.50017   0.22226   14.9301 -0.468036 -0.0362895  0.0421925  0.0284054 0.0429784 0.0723637 0.0120407 -0.0111694 -0.0231156  0.0440452 -0.00322023 -0.00217933   0.0167528    0.0229774 -0.000536535  -0.00840551   0.0132459 -0.00822106 0.000439014 -0.0120682 0.00791984   -9.80899 
             8.60019  0.401372   14.9391 -0.382993 -0.0334991  0.0393527  0.0272461 0.0420358  0.070425 0.0119491 -0.0111713 -0.0231243  0.0440478 0.00550169 -0.0174238   0.011009    0.0227504 -0.000517044  -0.00847645   0.0127378 -0.00804686  0.00103585  -0.011762 0.00772714   -9.80899 
             8.70025 -0.134588    14.952 -0.610642 -0.0254818  0.0452865  0.0226853 0.0456752 0.0660348  0.012686  -0.011177 -0.0231087  0.0440694    0.0245301  0.000876416 -0.000277668    0.0234074 -0.000492356  -0.00813141   0.0116284 -0.00875464   0.0021599 -0.0109735 0.00828365   -9.80899 
             8.80019  0.250724    15.051 -0.487103 -0.0211333  0.0483117  0.0253369 0.0475333 0.0650994 0.0130255  -0.011178 -0.0231074  0.0440703   0.0317686 -0.00216769  0.00572744    0.0229177 -0.000554464  -0.00827701    0.011604 -0.00911456  0.00145062 -0.0107724 0.00855533   -9.80899 
             8.89999  0.108271   15.1665 -0.551165 -0.0249132  0.0471787  0.0250227 0.0468807 0.0692661 0.0128266 -0.0111727 -0.0231067  0.0440581   0.0166062 -0.00665814  0.00332149    0.0230978 -0.000634751  -0.00818015   0.0123147 -0.00898893  0.00194613 -0.0114988 0.00855617   -9.80899 
             9.00013 -0.102156   15.2709 -0.623751 -0.0246929   0.044635  0.0277183 0.0459314 0.0701635 0.0126133 -0.0111735 -0.0231123  0.0440512  0.0153366 -0.0101063  0.0085947    0.0233579 -0.000673032  -0.00805981   0.0126211 -0.00880341  0.00142393 -0.0116633  0.0083831   -9.80899 
             9.10115 -0.044588   15.3514 -0.523275 -0.0196424   0.044808  0.0294555 0.0466576 0.0680923 0.0127996  -0.011174 -0.0231178  0.0440548   0.0230741 -0.00965412   0.0110424    0.0233047 -0.000666381  -0.00814261    0.012301 -0.00894742  0.00106352  -0.011289 0.00844572   -9.80899 
             9.20031 -0.067896   15.3387 -0.431257 -0.0185785  0.0453394  0.0236725 0.0471965 0.0688576 0.0129809 -0.0111753 -0.0231119  0.0440578   0.0168468 -0.00690195 -0.00461308    0.0233493 -0.000644677   -0.0081843   0.0119688 -0.00905824  0.00276618 -0.0114325  0.0086428   -9.80899 
             9.30015 -0.207622   15.2321 -0.412015 -0.0191494  0.0406231  0.0260221 0.0453958 0.0701031 0.0122734 -0.0111764  -0.023111  0.0440602 0.00962595 -0.0142333 0.00230394    0.0235249 -0.000687917  -0.00811825    0.012399 -0.00868092  0.00219879 -0.0116784 0.00831218   -9.80899 
             9.40005 -0.0775141    15.2174  -0.589926 -0.0157522   0.038078   0.023274 0.0449912 0.0686911 0.0121023 -0.0111776 -0.0231045  0.0440547   0.0153274   -0.017396 -0.00458209    0.0233478 -0.000749219  -0.00808455   0.0119145 -0.00859645  0.00277293  -0.011447 0.00823634   -9.80899 
             9.50037 -0.218866   14.8731 -0.715479 -0.0165023  0.0404475  0.0188203 0.0465214 0.0700849 0.0129317  -0.011203 -0.0231098  0.0440642  0.00474674 -0.00677241  -0.0136188   0.0235026 -0.00056737 -0.00798536   0.0118277 -0.00892341   0.0037535  -0.011633 0.00855131   -9.80899 
             9.59994 -0.209357   14.9442 -0.694347 -0.0151459  0.0355969  0.0171909  0.044879   0.06952 0.0120288 -0.0112012 -0.0231091  0.0440645 0.00504388 -0.0153654 -0.0140178    0.0235006 -0.000705136  -0.00802132   0.0117012 -0.00856542  0.00377899 -0.0115679 0.00823121   -9.80899 
             9.70014 -0.240228    15.051  -0.58206 -0.0213246  0.0322809  0.0188493 0.0440624 0.0727543 0.0115179 -0.0111964 -0.0230979  0.0440533  -0.0146315   -0.017443 -0.00811657    0.0235724 -0.000763373  -0.00813695   0.0125431 -0.00838304  0.00335965 -0.0121571 0.00814258   -9.80899 
             9.80007 -0.0247508    14.9907  -0.604431 -0.0191535   0.030055  0.0121554 0.0440626 0.0710255 0.0115258 -0.0111976 -0.0231075  0.0440558 -0.0120904 -0.0207468 -0.0202864    0.0232746 -0.000615273  -0.00807302   0.0117599 -0.00838384  0.00448038 -0.0118104 0.00807746   -9.80899 
             9.90036   0.08478   14.9793 -0.596915 -0.0195139  0.0292715  0.0114925 0.0446681 0.0704216 0.0118791 -0.0111979 -0.0231045  0.0440541 -0.0131361 -0.0215254 -0.0171916    0.0231249 -0.000625478  -0.00805459   0.0117529 -0.00851874   0.0041549 -0.0117086 0.00818696   -9.80899 
             9.99976 -0.00301258     15.0199   -0.613925 -0.021055 0.0313194 0.0124288 0.0462559 0.0704234 0.0127734  -0.011199 -0.0231036  0.0440522 -0.0154824 -0.0145306 -0.0118829    0.0232215 -0.000747715  -0.00800672   0.0119587 -0.00887346  0.00360713 -0.0117023 0.00850825   -9.80899 
             10.1001 0.0555674   14.9896 -0.536793 -0.0297548  0.0287605  0.0146434 0.0457723 0.0737166 0.0123961 -0.0112001 -0.0230931   0.044049   -0.036224  -0.0204018 -0.00526695    0.0231655 -0.000781194  -0.00807667   0.0128433 -0.00876495  0.00313065 -0.0123274 0.00852866   -9.80899 
             10.2011 -0.0524189    14.9179  -0.610557 -0.0263672  0.0311587  0.0180547 0.0475677 0.0698573 0.0135048 -0.0111971 -0.0230985  0.0440468 -0.0209086 -0.0127621 0.00355495    0.0232684 -0.000781822  -0.00796326   0.0124141 -0.00917521  0.00205462 -0.0116847 0.00877269   -9.80899 
             10.3002 0.0133519   14.8297 -0.505989 -0.0311415  0.0285404  0.0183953 0.0470824 0.0710771 0.0132089 -0.0111992 -0.0230954  0.0440495 -0.0317396 -0.0184352 0.00319069    0.0232106 -0.000791856  -0.00806228   0.0126436 -0.00906436  0.00214431 -0.0119061  0.0087149   -9.80899 
             10.4002 0.0754038   14.7751 -0.523661 -0.0233617  0.0345394  0.0236219 0.0503246 0.0654437 0.0150002 -0.0111911 -0.0230921  0.0440386 -0.00299039 -0.00655635   0.0145792    0.0231111 -0.000857568  -0.00800764   0.0119202 -0.00979268 0.000766291 -0.0109375 0.00917379   -9.80899 
                10.5 0.0750953   14.6506 -0.410883 -0.0251273  0.0304424  0.0245199 0.0490893 0.0661343 0.0144138 -0.0111947 -0.0230902  0.0440398 -0.00679118  -0.0180273   0.0139985     0.023128 -0.000820528  -0.00807662   0.0120133 -0.00951994 0.000928014 -0.0110782 0.00896002   -9.80899 
             10.6001 0.0795637   14.7222 -0.238928 -0.0280155  0.0290296  0.0219068 0.0492423 0.0674223 0.0144256 -0.0111909 -0.0230828  0.0440376 -0.00870027  -0.0187085  0.00502419    0.0231112 -0.000846969  -0.00803328   0.0120178 -0.00954388  0.00181964 -0.0112384 0.00902274   -9.80899 
             10.7002 -0.362771   14.7759   -0.3327 -0.027881 0.0288732 0.0213542 0.0496496  0.066997 0.0145684 -0.0111908 -0.0230809  0.0440428 -0.00850934 -0.00995365  0.00305215    0.0235796 -0.000844678  -0.00776748   0.0118746 -0.00962849  0.00200136 -0.0111442 0.00909488   -9.80899 
             10.8004 0.0370686   14.9823 -0.204452 -0.0290677  0.0356991  0.0238002 0.0528346 0.0674004 0.0152255 -0.011189 -0.023079 0.0440307 -0.00732194  0.00134138  0.00756238    0.0231379 -0.000919275  -0.00795884  0.0120521 -0.0102865 0.00161508 -0.0112062 0.00964423   -9.80899 
             10.9002 -0.076829   15.0223 -0.387123 -0.0318616  0.0351734  0.0243437 0.0525915 0.0684442 0.0151731 -0.0111867 -0.0230868  0.0440265  -0.00956388 -0.000752624   0.00703946    0.0232555 -0.000925529  -0.00787701  0.0122469  -0.010241 0.00173374 -0.0113869 0.00959246   -9.80899 
                  11 0.0173449   14.9868 -0.682185 -0.0309898  0.0393912  0.0249077 0.0542743 0.0676866 0.0154175 -0.0111988 -0.0230765  0.0440205 -0.00253697  0.00440743  0.00693208    0.0230997 -0.000966084  -0.00775774  0.0120873 -0.0105792 0.00171581 -0.0112639  0.0098928   -9.80899 
             11.1002 -0.172854   14.9539 -0.711241 -0.0345378  0.0398282  0.0259572 0.0542447 0.0692791 0.0153776 -0.0112005 -0.0230828   0.044025 -0.00913748  0.00582768  0.00723475     0.023329 -0.000993359  -0.00776537  0.0124081 -0.0105725 0.00175369 -0.0115367 0.00986736   -9.80899 
             11.2012  -0.10624    14.918 -0.477184 -0.0369693   0.032206  0.0234792  0.051231 0.0699406   0.01507 -0.0112082 -0.0230764  0.0440259  -0.0107863  -0.0122803 0.000329552   0.0232957 -0.00100023   -0.007931   0.0124134 -0.00996053  0.00242315 -0.0116573 0.00935796   -9.80899 
             11.3004 -0.250219   14.8701 -0.577783 -0.0354279  0.0319907  0.0180944 0.0514961 0.0686621 0.0151308 -0.0112118 -0.0230732   0.044022 -0.00360912 -0.00745422  -0.0109224    0.0234221 -0.000975592  -0.00776963  0.0119556 -0.0100176 0.00339914 -0.0114684 0.00940189   -9.80899 
             11.4001 -0.123525   14.9104 -0.567794 -0.0248572  0.0287359  0.0187019 0.0507068 0.0638415 0.0151309  -0.011212 -0.0230779  0.0440212   0.0265097  -0.0141807 -0.00635986   0.0232828 -0.00100296 -0.00780149   0.0110724 -0.00986591  0.00274073 -0.0106269 0.00920172   -9.80899 
             11.4999 -0.0179634    14.8821  -0.483837 -0.0305998  0.0294687  0.0155335 0.0515081 0.0674476 0.0151257 -0.0112114 -0.0230715  0.0440216 0.00384848 -0.0116276 -0.0126302    0.0231857 -0.000935005  -0.00790307  0.0116906 -0.0100203 0.00347846  -0.011263 0.00939206   -9.80899 
             11.6012  -0.10713    14.966 -0.559584 -0.0255149  0.0315321  0.0148151 0.0527158 0.0654892 0.0152784 -0.0112136 -0.0230716  0.0440265    0.017595 -0.00483593  -0.0111917    0.0232594 -0.000980533  -0.00779158  0.0113244  -0.010268 0.00324032 -0.0109069 0.00956163   -9.80899 
             11.7003 0.0502722    15.034 -0.604509 -0.0255871  0.0327915  0.0156412 0.0534192 0.0664205 0.0153283 -0.0112142 -0.0230718  0.0440214   0.0149748 -0.00515339 -0.00737089   0.0230598 -0.00100901 -0.00771254  0.0115814 -0.0104126 0.00293717 -0.0110423 0.00970465   -9.80899 
             11.8002 -0.148355   15.1689  -0.60619 -0.0286072  0.0378904  0.0206461    0.0552 0.0686745 0.0154876 -0.0112177 -0.0230737   0.044014 0.00751199  0.0069077 0.00432707   0.0232851 -0.00108165 -0.00769331  0.0122482 -0.0107843 0.00202273 -0.0113592  0.0100707   -9.80899 
             11.9001 -0.135141   15.2335  -0.59941 -0.0305667  0.0388061  0.0220663  0.055235 0.0698322 0.0154563 -0.0112176 -0.0230727  0.0440106 0.000254162  0.00707428  0.00610454   0.0232675 -0.00105777 -0.00768529  0.0125179 -0.0107922 0.00192235 -0.0115514  0.0101057   -9.80899 
             11.9999 -0.169719   15.3127 -0.562451 -0.0286202   0.035773  0.0217674 0.0539989  0.068857   0.01522 -0.0112188 -0.0230745  0.0440102  0.000101991 -0.000643163   0.00452594   0.0233135 -0.00108029 -0.00770127  0.0122869  -0.010529 0.00201612 -0.0114163 0.00986366   -9.80899 
             12.1002 -0.119119   15.2674 -0.510827 -0.0283956  0.0399851  0.0207098 0.0553959  0.068896  0.015646 -0.0112171 -0.0230747  0.0440108 0.00281542 0.00809996 0.00152764   0.0232496 -0.00107579 -0.00767059  0.0122184 -0.0108338 0.00228305 -0.0113961   0.010112   -9.80899 
             12.1999  0.180298   15.1845 -0.367466 -0.0289685  0.0338915  0.0289715 0.0534377 0.0687913 0.0148138  -0.011214 -0.0230561  0.0440222 -0.00499479  -0.0130708   0.0184358   0.0229642  -0.0011575 -0.00786293   0.0126592  -0.0103859 0.000881739 -0.0114184 0.00976639   -9.80899 
             12.3005  0.218906   15.0425 -0.530953 -0.0262283  0.0373425  0.0250853 0.0549581 0.0677716 0.0156534 -0.0112246 -0.0230582  0.0440032  0.00246515 -0.00770627  0.00698145   0.0229059 -0.00110748  -0.0077963  0.0120998 -0.0107411 0.00178429 -0.0111982  0.0100239   -9.80899 
             12.4003 -0.192652   14.8423 -0.710419 -0.0246222  0.0325789  0.0196478 0.0536637 0.0673932 0.0149522 -0.011233 -0.023041 0.0439857  0.00197368   -0.011161 -0.00577641   0.0233279 -0.00105777  -0.0076153  0.0116131 -0.0104281 0.00278158 -0.0111221 0.00975773   -9.80899 
             12.5012 -0.183587   14.8704 -0.639994 -0.0223658   0.028924  0.0192895 0.0529413 0.0663731 0.0145464 -0.0112318 -0.0230428  0.0439813  0.00274964  -0.0150488 -0.00545567   0.0233333 -0.00107116 -0.00766387  0.0114272 -0.0102609  0.0026717 -0.0109676 0.00960022   -9.80899 
             12.6002 -0.113535   14.9652 -0.568018 -0.0259871   0.031489  0.0169815 0.0541307 0.0680134 0.0151965 -0.0112256 -0.0230376  0.0439754  -0.0123297 -0.00741217 -0.00964101   0.0232632  -0.0011134 -0.00771258  0.0116413 -0.0105349 0.00308177 -0.0111998 0.00986496   -9.80899 
             12.7002 -0.247682   15.0248 -0.632993 -0.0257094  0.0298657  0.0197908 0.0538081 0.0670696 0.0150461 -0.0112319 -0.0230432  0.0439788  -0.0108687  -0.0073696 -0.00151905   0.0233848 -0.00118076 -0.00762788  0.0117005 -0.0104703 0.00238105 -0.0110956 0.00978766   -9.80899 
             12.8001 -0.356206   14.9269 -0.636005 -0.0211776   0.029212  0.0159701 0.0538357 0.0650034 0.0151404 -0.0112322 -0.0230418  0.0439796 -0.00124691  -0.0035569 -0.00901552   0.0234979 -0.00113172 -0.00761103  0.0110344 -0.0104695 0.00284376 -0.0106885 0.00972792   -9.80899 
             12.9001 -0.0206397    14.8895  -0.574692 -0.0176461  0.0290064  0.0164168 0.0540312 0.0634127  0.015313 -0.0112316 -0.0230359  0.0439786  0.00525209 -0.00706773 -0.00588602   0.0231343 -0.00118379 -0.00765238  0.0107991 -0.0105193 0.00251433 -0.0104369  0.0097341   -9.80899 
                  13 -0.0351383    14.7636  -0.619122 -0.0204409  0.0305062  0.0183357 0.0545791  0.064486 0.0155969 -0.0112315 -0.0230353   0.043981  -0.00591914  -0.00364183 -0.000501009   0.0231285 -0.00116332 -0.00758212  0.0111808 -0.0106561 0.00218317 -0.0106488 0.00988409   -9.80899 
             13.1004 -0.0429759    14.6747  -0.626349 -0.0244375  0.0373698  0.0177228 0.0565844  0.066006 0.0166455  -0.011234 -0.0230366  0.0439815  -0.0135358   0.0105678 -0.00191128   0.0231239 -0.00119345  -0.0075466  0.0114557 -0.0111327 0.00238299 -0.0108406  0.0102976   -9.80899 
             13.2002 0.0502197   14.6546 -0.468093 -0.0339259  0.0439825  0.0171344 0.0581692 0.0692101 0.0171967 -0.0112283 -0.0230221  0.0439792  -0.0355148    0.018821 -0.00355549   0.0230303 -0.00119873 -0.00760341  0.0120972 -0.0114924  0.0026866 -0.0113381  0.0106662   -9.80899 
                13.3  0.185878   14.8242 -0.184512 -0.0386644   0.045293  0.0215092 0.0580593 0.0696319 0.0171397 -0.0112347 -0.0230108  0.0439744 -0.0325107  0.0115584 0.00664152   0.0228999 -0.00129045 -0.00765489   0.012412  -0.011472 0.00195984 -0.0114765  0.0106799   -9.80899 
             13.3997 -0.0125008    14.9558  -0.455757 -0.0431507  0.0442298  0.0271173 0.0573196  0.070008 0.0169458 -0.0112429  -0.023016  0.0439673  -0.031507 0.00672788  0.0166535   0.0230655 -0.00129904 -0.00749479  0.0126861 -0.0113221 0.00117742 -0.0115963  0.0105745   -9.80899 
             13.5002 0.0323825   15.0637  -0.43632 -0.0397196  0.0418691  0.0305513 0.0564638 0.0675432 0.0169905 -0.0112514  -0.023008  0.0439849  -0.0122636 -0.00320004   0.0208933   0.0230267 -0.00133135 -0.00752892   0.0122253  -0.0111382 0.000704664 -0.0111829  0.0104097   -9.80899 
             13.6002   0.01868   15.0261 -0.709261 -0.0423662  0.0466393  0.0296093 0.0580113 0.0681929 0.0171061 -0.0112616  -0.023017  0.0439859 -0.0117619  0.0045669  0.0145604   0.0230216 -0.00133334 -0.00747397  0.0122617 -0.0114668 0.00124963 -0.0112807  0.0106799   -9.80899 
             13.7003 0.0840179   15.0022 -0.830358 -0.0383668  0.0473861  0.0289842 0.0581778 0.0663579 0.0172029 -0.0112597  -0.022998  0.0439807 0.00612643 0.00106467  0.0106945   0.0229526 -0.00134411 -0.00747886  0.0118177 -0.0114945  0.0014577 -0.0109673  0.0106966   -9.80899 
             13.7999 0.0990922   15.0383  -0.85274 -0.0342728  0.0452645  0.0310799 0.0576145  0.065193 0.0172494 -0.0112561 -0.0229944  0.0439787   0.0196631 -0.00742401   0.0131039   0.0229487 -0.00136101 -0.00752456  0.0116016  -0.011376 0.00120478 -0.0107644  0.0105686   -9.80899 
             13.8998   0.11132   15.1169 -0.821029 -0.0303515  0.0408601  0.0299792 0.0565752 0.0643977 0.0172849  -0.011255 -0.0229957  0.0439791   0.029681 -0.0181836 0.00842201   0.0229624 -0.00139764 -0.00761066  0.0113809 -0.0111572  0.0015394 -0.0106861  0.0103872   -9.80899 
             14.0012 0.0332729   15.1837  -0.93578 -0.0325108  0.0371297  0.0305269 0.0557995  0.066272 0.0171912  -0.011253 -0.0229919  0.0439759  0.0213405 -0.0238474 0.00747724    0.023018 -0.00140922 -0.00749506  0.0117692 -0.0109942 0.00173056 -0.0110406  0.0103845   -9.80899 
             14.1002  -0.15132   15.2514 -0.908907 -0.0292702  0.0307422  0.0285819 0.0545332 0.0656013 0.0172307 -0.0112535 -0.0229892  0.0439694  0.0257067 -0.0301598 0.00205091   0.0232103 -0.00138756 -0.00750131  0.0115693 -0.0107282 0.00211847 -0.0110422   0.010173   -9.80899 
             14.2004 0.0794048   15.3179 -0.926132 -0.0268596  0.0324559  0.0257326 0.0559886 0.0657233  0.017225   -0.01125 -0.0229925  0.0439666   0.0264618  -0.0265283 -0.00475402   0.0229665 -0.00137961 -0.00747266  0.0115094  -0.011042 0.00262775 -0.0110245  0.0104586   -9.80899 
             14.3003 -0.0962731    15.4691  -0.749011 -0.0260128  0.0338486  0.0322878 0.0570924  0.066918 0.0173084 -0.0112487 -0.0229921  0.0439678  0.0200787 -0.0176893 0.00996535   0.0231486 -0.00150647 -0.00747595  0.0119676 -0.0112815 0.00160064 -0.011006 0.0106518  -9.80899 
             14.4002 0.0672567   15.2946 -0.683932 -0.0198697  0.0318476  0.0235098 0.0571798 0.0652478 0.0173529 -0.0112586 -0.0230085  0.0439564   0.031035 -0.0226224 -0.0102015       0.023 -0.00138461  -0.0075204  0.0112461 -0.0113109 0.00298741 -0.0108798  0.0106133   -9.80899 
             14.5002 0.163884  15.1614 -0.71411 -0.0201589  0.0373978  0.0231396 0.0591341 0.0667533 0.0180437 -0.0112563   -0.02301  0.0439616   0.0208854 -0.00915648 -0.00996783    0.022916 -0.00137523 -0.00756197  0.0115736 -0.0117744  0.0029904 -0.0109359  0.0110615   -9.80899 
             14.6012 -0.0503091    15.0519   -1.04915 -0.0160381  0.0385699  0.0207291 0.0597308  0.066127 0.0183557 -0.0112606 -0.0230002  0.0439547   0.0181498 -0.00640211  -0.0123012    0.023085 -0.00138254 -0.00736915  0.0113617 -0.0119145 0.00315595 -0.0107936  0.0111188   -9.80899 
             14.7003 0.0676325   15.0594  -1.11542 -0.0192413  0.0337453  0.0239399 0.0585338 0.0674198 0.0176557 -0.0112508 -0.0230134  0.0439634  0.00335998  -0.0177708 -0.00340115   0.0230044 -0.00140061 -0.00749158  0.0118912 -0.0116326 0.00261603 -0.0110899  0.0110072   -9.80899 
             14.8001 0.118048  14.9173 -1.19577 -0.0196734  0.0307049  0.0230782 0.0582194  0.067669 0.0174402 -0.0112507 -0.0230154  0.0439653  0.00461372  -0.0223749 -0.00475322   0.0229598 -0.00143081  -0.0074973  0.0119152 -0.0115536 0.00270831 -0.0111593  0.0109759   -9.80899 
             14.9002 -0.110619   14.8642   -1.3928 -0.028547 0.0322685 0.0209344 0.0583689 0.0712304 0.0176234 -0.0112572 -0.0230256  0.0439727  -0.0116992  -0.0127258 -0.00962683   0.0231567 -0.00140475 -0.00738116  0.0125659 -0.0116276 0.00320301 -0.0116458  0.0114117   -9.80899 
                  15 -0.050846   15.2179  -1.27117 -0.024647 0.0372345  0.023271 0.0602782 0.0701038 0.0187641 -0.0112718 -0.0230374  0.0439973  0.00858801 -0.00213143 -0.00165514   0.0231033 -0.00148983 -0.00740219  0.0124772 -0.0120998   0.002649 -0.011255 0.0115551  -9.80899 
                15.1  0.120277   15.7538 -0.998278 -0.0208281   0.032515  0.0294782 0.0594502 0.0690994 0.0185623 -0.0113323 -0.0230463  0.0440166  0.0333806 -0.0159066   0.011904   0.0229691  -0.0015066 -0.00750993   0.012533 -0.0119114 0.00163124 -0.0112032   0.011259   -9.80899 
             15.2002  0.322234   16.2185 -0.760675 -0.0153286  0.0391938  0.0344236 0.0618333 0.0693952 0.0193955 -0.0113317 -0.0230471   0.044016   0.0561734 -0.00762424   0.0196203    0.022781  -0.0015963 -0.00754536  0.0127169 -0.0124974 0.00110219 -0.0108654  0.0116141   -9.80899 
             15.3012  0.290035   16.5289 -0.554102 -0.0015364  0.0313978  0.0346126 0.0607224 0.0665283 0.0193401 -0.0113568 -0.0230858  0.0440584  0.0915891 -0.0298691  0.0180602   0.0228148 -0.00156956 -0.00751959  0.0120234 -0.0122221 0.00113471 -0.0106268  0.0110564   -9.80899 
             15.4003 0.0709117   16.7732 -0.502937 0.00357885  0.0346009  0.0309957 0.0618508 0.0681328 0.0195527 -0.0113315 -0.0230631  0.0440693  0.0949768 -0.0175702  0.0078597    0.023002 -0.00154296 -0.00736964  0.0121575 -0.0124717 0.00204619 -0.0109103  0.0114816   -9.80899 
             15.5003 -0.0709465    16.9087  -0.501892 0.0121283 0.0334795 0.0304857 0.0618649 0.0686994 0.0195282 -0.0113335 -0.0230607  0.0440751   0.111897 -0.0136224 0.00490626   0.0231327 -0.00156557 -0.00731637  0.0122181 -0.0124712 0.00225572 -0.0110517  0.0115476   -9.80899 
             15.6002 -0.0317827    16.8241  -0.694027 0.0247471 0.0350273 0.0270922 0.0625606 0.0684058 0.0200577 -0.0113474 -0.0230567   0.044073     0.12725 -0.00955148 -0.00357024    0.023072  -0.0015082 -0.00723867  0.0119319 -0.0126407 0.00275817 -0.0111235  0.0116944   -9.80899 
             15.7003 0.0717346   16.7488 -0.815814 0.0389587 0.0358926 0.0254812 0.0630624 0.0682883 0.0205499 -0.0113563 -0.0230553  0.0440672    0.150431  -0.0120495 -0.00674424   0.0229911 -0.00151516 -0.00734959  0.0118246 -0.0127738 0.00290387 -0.0111282  0.0117971   -9.80899 
             15.8012 -0.00565604      16.521    -1.24805 0.0537953 0.0349051 0.0237989 0.0630434  0.068683  0.020569 -0.0113669 -0.0230677  0.0440775    0.171241  -0.0161653 -0.00980982   0.0230521 -0.00151967 -0.00731436  0.0118243 -0.0127743  0.0030674 -0.011259 0.0118199  -9.80899 
             15.9003 -0.0724433    16.4756   -1.66099 0.0704333 0.0351942 0.0209024 0.0633209 0.0691294 0.0210322  -0.011387 -0.0230806  0.0440813   0.187043 -0.0118613 -0.0141684   0.0230988 -0.00148871  -0.0072208  0.0117634 -0.0128693 0.00335081 -0.0114371  0.0119318   -9.80899 
             16.0001 0.143066   16.726 -1.69912 0.0857658 0.0290864 0.0257115    0.0623 0.0706398 0.0199209 -0.0113671 -0.0230839  0.0440912    0.193234  -0.0265522 -0.00106123    0.022955 -0.00158846 -0.00730335  0.0125479 -0.0125797  0.0026554 -0.0113315  0.0117977   -9.80899 
             16.1003 0.0830953   16.7518  -1.41674  0.105453 0.0223437 0.0256593 0.0614457 0.0704905 0.0188707 -0.0113737 -0.0230833  0.0440904     0.204666   -0.0358161 -0.000213961   0.0230825 -0.00154078 -0.00735137  0.0125321 -0.0123229 0.00263162 -0.0114271  0.0116194   -9.80899 
             16.2002 0.171572  16.6933    -1.09  0.136604 0.0202505 0.0262689  0.062801 0.0677912 0.0197525 -0.0113677 -0.0231799  0.0440896   0.247074 -0.0378333 0.00286719   0.0230777 -0.00160083 -0.00751052   0.011987 -0.0126813 0.00228572 -0.0107978  0.0112866   -9.80899 
             16.3004 0.203804  16.3179 -1.14045  0.160661 0.0166412 0.0307794 0.0627699 0.0681673 0.0196763 -0.0113529 -0.0231766  0.0440956   0.258797 -0.0353942  0.0127138   0.0230485 -0.00151719 -0.00733295  0.0124021 -0.0126713  0.0017735 -0.0105649   0.011277   -9.80899 
             16.4004 0.242482   16.001  -1.0189   0.18832 0.0148117 0.0297073 0.0632795 0.0677339  0.020395 -0.0113559  -0.023184  0.0440834   0.256266 -0.0372374 0.00902824   0.0230198 -0.00158655 -0.00733959  0.0120863 -0.0128149 0.00206462 -0.010572 0.0112986  -9.80899 
             16.5002 0.30009 15.8012 -1.1324  0.212093 0.0143098 0.0270319 0.0636406 0.0688165 0.0209107 -0.0113697 -0.0231927  0.0440888     0.25868  -0.0271076 0.000800015   0.0229966 -0.00156147 -0.00731926  0.0119867 -0.0128951 0.00259641 -0.0108138  0.0115481   -9.80899 
                16.6 0.198002  15.4695 -1.41767   0.23876 0.0142296 0.0285058 0.0641564 0.0688978 0.0218565 -0.0113699 -0.0231907  0.0440891   0.268381 -0.0224045   0.005648   0.0230752 -0.00159042 -0.00726211  0.0121177 -0.0130819 0.00241882 -0.0106309  0.0116386   -9.80899 
             16.7005  0.18188  15.2909 -1.94563   0.26268 0.0121679 0.0299081 0.0639456 0.0697978 0.0214433 -0.0113695   -0.02322  0.0440915   0.256799 -0.0250268 0.00609713   0.0230488  -0.0015684 -0.00722253  0.0123692 -0.0130502 0.00239108 -0.010729 0.0117601  -9.80899 
             16.8005 0.260496  15.4632 -2.46682  0.288203 0.0156867  0.030563 0.0650789  0.070961 0.0228785 -0.0114016 -0.0232369  0.0440725   0.261632 -0.0171454 0.00740385   0.0229601   -0.001697 -0.00722307  0.0125688 -0.0133935 0.00246878 -0.0105586  0.0120955   -9.80899 
             16.9004  0.14129  15.6909 -2.84228  0.312844 0.0141226 0.0300004 0.0648446 0.0717755 0.0225422 -0.0113886 -0.0232518  0.0440509   0.276539 -0.0272751 0.00355907   0.0230444 -0.00166746 -0.00719658  0.0126815 -0.0133332  0.0026735 -0.010684 0.0122774  -9.80899 
             17.0004 0.234448  16.0021 -3.05262  0.339438 0.0167862 0.0258956  0.065906 0.0729503  0.023379 -0.0113652 -0.0232531  0.0440411    0.27855 -0.0173998 -0.0122185    0.022948 -0.00162224  -0.0071818  0.0126584 -0.0135722 0.00333243 -0.0105084   0.012637   -9.80899 
             17.1001 0.0905851   16.5388  -2.98311  0.368758 0.0129647  0.025953 0.0654942 0.0723162  0.023063 -0.0113822 -0.0232599  0.0440415    0.291274   -0.016802 -0.00834158   0.0230749 -0.00163746 -0.00710344  0.0125854 -0.0134581 0.00315317 -0.0106352  0.0124601   -9.80899 
             17.2001 0.145639  17.0744  -2.5533  0.400409 0.0122067 0.0255377 0.0661493 0.0722184 0.0234362 -0.0113822 -0.0232803  0.0440574   0.314728 -0.0204563 -0.0037005   0.0230496 -0.00168987 -0.00724372  0.0125693 -0.0136196 0.00307435 -0.0104536  0.0123524   -9.80899 
             17.3003 -0.0490949    17.2074   -2.55531  0.433436 0.0111651 0.0177914 0.0665618 0.0722127 0.0237015 -0.0113514 -0.0232693   0.044076   0.338003 -0.0140767 -0.0221446   0.0231449 -0.00163189   -0.007125   0.012108 -0.0136291  0.0040008 -0.0105662   0.012394   -9.80899 
             17.4002 -0.164789   17.0907  -2.43634  0.471822 0.0211762 0.0122312  0.069809 0.0743523 0.0274306 -0.0112906 -0.0232884  0.0440917   0.368273  0.0134233 -0.0313005   0.0232088  -0.0016029 -0.00716993  0.0121732 -0.0145725 0.00451779 -0.00938537   0.0124973    -9.80899 
                17.5 -0.0749993    17.0187   -2.40781  0.502992 0.0190686 0.0145171 0.0672306 0.0753178 0.0252522 -0.0113028   -0.02327  0.0441499   0.373321  0.0075381 -0.0189834   0.0230832 -0.00167266  -0.0071604  0.0128669 -0.0139827 0.00401016 -0.00982083   0.0131021    -9.80899 
             17.6001 -0.157533   17.0367  -2.37291  0.537942 0.0162076 0.0139463 0.0655482 0.0756075 0.0234996  -0.011313 -0.0232687  0.0441748    0.388635 -0.00521187 -0.00534105   0.0231135 -0.00165765  -0.0070745  0.0130589 -0.0135551 0.00392545 -0.010273 0.0133902  -9.80899 
             17.7012 0.0423473    17.216  -2.01837  0.577312 0.0207823 0.0194393 0.0661142 0.0773138 0.0251711 -0.0112804  -0.023249  0.0441746   0.417769  0.0128687 0.00540436   0.0229634 -0.00167971 -0.00716711  0.0140082 -0.0138547 0.00317917 -0.00937753   0.0136849    -9.80899 
             17.8004 -0.00477639     17.3606    -1.61902  0.624624 0.0147457 0.0168009 0.0660123 0.0740316 0.0231235 -0.0113226 -0.0232796  0.0441684     0.452168 -0.000160059  0.000995224   0.0229925 -0.00166075 -0.00715351  0.0130748 -0.0136255 0.00334699 -0.0099888  0.0129174   -9.80899 
             17.9003 -0.105323   17.5945  -1.35518  0.671837 0.0143677  0.015206  0.066147 0.0736183 0.0230865 -0.0113236  -0.023282  0.0441689    0.476975  -0.0159829 -0.00243945   0.0230648 -0.00166027 -0.00709876  0.0128464 -0.0136264 0.00351544 -0.010116 0.0128322  -9.80899 
             17.9998 -0.0966322    17.6057   -1.07205  0.725364 0.0105703 0.0108527 0.0666626 0.0714011 0.0230379 -0.0113323 -0.0232926  0.0441627    0.511929  -0.0012712 -0.00915148    0.023073 -0.00160891  -0.0071638  0.0120276 -0.0136386 0.00386233 -0.0103897  0.0123827   -9.80899 
             18.1002 -0.00239134     17.4936   -0.901955   0.781663  0.0124302 0.00965478 0.0677342 0.0704077 0.0247026 -0.0113282 -0.0232865  0.0441442    0.538204 -0.00150285 -0.00592454   0.0230146 -0.00161518 -0.00701848  0.0117905  -0.013932 0.00382883 -0.0100731  0.0122755   -9.80899 
             18.2003  0.167829   17.1193 -0.586068   0.844946 0.00890729 0.00803603 0.0678485 0.0672682 0.0241115 -0.0113082 -0.0232789   0.044082     0.580167   -0.0142762 -0.000712121   0.0229266 -0.00158954 -0.00711945  0.0111197 -0.0139036 0.00373577 -0.00989264   0.0118462    -9.80899 
             18.3002 -0.00582018     16.7543   -0.583683   0.899168  0.0061455 0.00412265 0.0675244 0.0687579 0.0226066 -0.0113419  -0.023292  0.0441174   0.588002 -0.0171979  -0.013382   0.0230615 -0.00160427 -0.00700792   0.010972 -0.0137113 0.00421098 -0.0104374  0.0118419   -9.80899 
             18.4003  0.020407   16.3505 -0.492604    0.961073 -0.00194245 -0.00166923 0.0665699 0.0677201 0.0194474 -0.0113402 -0.0232811  0.0440935    0.61568 -0.0340307 -0.0296194   0.0230747 -0.00156045 -0.00714799  0.0103191  -0.013274 0.00460628 -0.0107468  0.0115089   -9.80899 
                18.5 -0.00780712     16.2531   -0.611555       1.016 -0.00651945 -0.00412149 0.0662743 0.0697836 0.0174739 -0.0113234 -0.0233262  0.0441094   0.612606 -0.0224662 -0.0304454   0.0231049 -0.00161324 -0.00713944  0.0108177 -0.0131095 0.00471692 -0.0110396  0.0114072   -9.80899 
             18.6001 0.00488291    16.3813  -0.803549     1.08534  -0.0107968 -0.00449603  0.065546 0.0681591 0.0180351 -0.0113459 -0.0232725  0.0441454   0.641634 -0.0357524 -0.0180088   0.0230351 -0.00159138 -0.00714096  0.0106077 -0.0130322 0.00423148 -0.0105375  0.0113971   -9.80899 
             18.7013 -0.155539   16.6478  -1.26562     1.15257  -0.0146034 -0.00740643 0.0656048 0.0676312  0.018366  -0.011351 -0.0232529  0.0441628   0.669071 -0.0496694 -0.0170557   0.0230866 -0.00163372  -0.0070575  0.0104263  -0.013039 0.00427557 -0.0104986  0.0114156   -9.80899 
             18.8004 -0.0302072    16.8193   -1.64327      1.2186   -0.019209 -0.00364457 0.0654396 0.0684187 0.0183428 -0.0113981 -0.0232555  0.0441429    0.682385  -0.0510863 -0.00743748   0.0229451 -0.00167488 -0.00706664  0.0110077 -0.0130787 0.00347841 -0.0101801  0.0114292   -9.80899 
             18.9002 -0.0834113    16.7191   -1.81471     1.28203  -0.0237143 -0.00404268 0.0652425 0.0695313 0.0183713 -0.0113971 -0.0232713  0.0441317   0.678296 -0.0380324 -0.0123978   0.0229917 -0.00160868 -0.00708096  0.0113206 -0.0130659 0.00352948 -0.010362 0.0114842  -9.80899 
                  19 -0.173427   16.5688  -1.91326     1.34414  -0.0287407 -0.00577314 0.0650177 0.0711938 0.0189641 -0.0114053 -0.0232608  0.0441429   0.667463 -0.0595773 -0.0166751   0.0230491 -0.00160743  -0.0071235   0.011686 -0.0130997 0.00373556 -0.0106396  0.0117161   -9.80899 
             19.1003 -0.11253  16.4839  -2.0487     1.41088  -0.0346024 -0.00329092 0.0651516 0.0713794 0.0190221 -0.0113998 -0.0232568  0.0441464   0.676713  -0.057247 0.00233919   0.0230352 -0.00163578 -0.00700584  0.0120925  -0.013019 0.00329426 -0.0105313  0.0117173   -9.80899 
             19.2002 -0.138508   16.4746  -1.72197     1.47413  -0.0399925 -0.00361315 0.0641072 0.0726596 0.0192621 -0.0114095  -0.023202  0.0441511   0.682937 -0.0466764 0.00194907   0.0231488 -0.00163921 -0.00710584  0.0123633 -0.0128289 0.00349779 -0.0108497   0.011965   -9.80899 
             19.3001 -0.0581745    16.3641   -1.50284     1.54661  -0.0413621 -0.00404288 0.0653306 0.0722289  0.020665 -0.0113712 -0.0232368  0.0441487    0.709569  -0.0388049 -0.00302831   0.0230632 -0.00157316 -0.00707296  0.0122454 -0.0132137 0.00344975 -0.0104807  0.0119345   -9.80899 
             19.4003 0.0584419    16.548  -1.22867     1.61835  -0.0496417 -0.00565115 0.0645635 0.0714198 0.0189444 -0.0114119 -0.0232419  0.0441497   0.730193 -0.0388132 -0.0158456    0.023011 -0.00162505 -0.00708637  0.0120251 -0.0128966 0.00347262 -0.0107491  0.0116887   -9.80899 
             19.4999 0.0224356   16.8367 -0.968686    1.70246 -0.0502047 -0.0077616  0.066282 0.0695342 0.0210934 -0.0114071 -0.0233119  0.0442128    0.768094  -0.0296007 -0.00979457   0.0229936 -0.00163697 -0.00709227  0.0113966 -0.0134295 0.00335139 -0.010129 0.0113207  -9.80899 
                19.6 -0.141806   17.2609 -0.888572     1.78538  -0.0515743 -0.00354632  0.066205  0.068967 0.0221386 -0.0114632 -0.0233379  0.0442394   0.802076 -0.0253273 0.00726803   0.0230565 -0.00168045  -0.0070956  0.0116055 -0.0136483 0.00256569 -0.00958167    0.011257    -9.80899 
             19.7004 -0.157873   17.3679 -0.984722      1.86552   -0.0515215 -0.000516353 0.0661274  0.069451 0.0224404 -0.0114754 -0.0233442  0.0442352   0.819127 -0.0119536  0.0155265   0.0230197 -0.00164175 -0.00699491  0.0119309 -0.0137718 0.00225915 -0.00941173   0.0113938    -9.80899 
             19.8003 -0.335233   17.1817  -1.01383      1.95536   -0.0551287 -0.000424233 0.0660446 0.0673556 0.0237192 -0.0114532 -0.0233105  0.0441977   0.850114 -0.0312625 0.00403128   0.0231165 -0.00162741 -0.00694189  0.0113856 -0.0137961 0.00212857 -0.00908424   0.0111819    -9.80899 
             19.9002 -0.151947   16.8225 -0.810037     2.03137  -0.0626573 -0.00254991 0.0654514 0.0696778 0.0205244 -0.0115228 -0.0233362  0.0442903   0.833763 -0.0128791 0.00538464   0.0230734 -0.00164023  -0.0070523  0.0115137 -0.0133509 0.00276507 -0.00984501   0.0110369    -9.80899 
                  20  -0.13072   16.4812 -0.658531     2.11102  -0.0644963 5.62042e-05 0.0653544 0.0706732 0.0202713 -0.0115102 -0.0233322  0.0443447   0.829146 -0.0147232 0.00628188   0.0231076 -0.00168737  -0.0070221  0.0121027 -0.0133418 0.00254902 -0.00987242   0.0111087    -9.80899 
             20.1002  -0.19293   16.1369 -0.531816    2.20031 -0.0687011  0.0043674 0.0645057 0.0689584 0.0192032  -0.011463 -0.0233375  0.0443095   0.864819 -0.0135376 0.00859419   0.0231456 -0.00166408 -0.00698876  0.0122263 -0.0131745 0.00195117 -0.00941483   0.0110304    -9.80899 
             20.2001 -0.249484   15.9761 -0.357777    2.28653 -0.0726934 0.00414579 0.0641807 0.0693624 0.0173993 -0.0114725 -0.0233345  0.0443088   0.882793 -0.0114445  0.0125739   0.0231775  -0.0017498 -0.00700986  0.0121599 -0.0129082 0.00215274 -0.00953434   0.0108381    -9.80899 
             20.3004 -0.333438   15.6742 -0.407639    2.37329 -0.0683704 0.00420419 0.0653637 0.0693188 0.0193597  -0.011485 -0.0233328  0.0443111    0.878322 -0.00943226  0.00389969   0.0231039 -0.00167797 -0.00700238  0.0120218 -0.0132858  0.0023676 -0.00967174   0.0110478    -9.80899 
             20.4002 -0.380006   15.5353 -0.520867    2.46205  -0.066447 0.00144093 0.0661796 0.0691904 0.0199537 -0.0114855 -0.0233296  0.0443101    0.874945  0.00985919 -0.00250022    0.023095 -0.00171921 -0.00700601  0.0117307 -0.0133677 0.00283158 -0.00980656   0.0110384    -9.80899 
             20.5001 -0.526758   15.6435 -0.687767    2.54945 -0.0735568 0.00273332 0.0647703 0.0698399 0.0186536 -0.0114669  -0.023339  0.0442983   0.881014 -0.0203472 0.00742949   0.0230936 -0.00169168 -0.00692503  0.0119756 -0.0129626 0.00261676 -0.0096981  0.0107923   -9.80899 
                20.6 -0.326103   15.7788 -0.446096     2.64427  -0.0719122 -0.00116625 0.0652105   0.06802 0.0187124 -0.0114363 -0.0233569  0.0443514     0.912834   -0.0145127 -4.15249e-05   0.0230295 -0.00170868  -0.0070356  0.0112636 -0.0131665 0.00316802 -0.00957952   0.0109815    -9.80899 
             20.7003 -0.443948   15.8404 -0.141884      2.7399   -0.074444 -0.00182444 0.0645478 0.0668516 0.0179338 -0.0114569 -0.0233862  0.0443792    0.926489  -0.0114708 -0.00432718   0.0231093 -0.00171861 -0.00699715  0.0109748 -0.0129697 0.00308041 -0.0093463  0.0109895   -9.80899 
             20.8012 -0.207537   15.9971  0.485156     2.82969  -0.0758021 0.000686542 0.0643485 0.0674546 0.0179273 -0.0114891 -0.0233534  0.0443631   0.911451  0.0164747 0.00140726   0.0229592 -0.00174941 -0.00704546  0.0112822 -0.0128289  0.0027022 -0.0093677   0.010912   -9.80899 
             20.8998 -0.353515    16.179   1.17169    2.92206 -0.0805383 0.00294421 0.0628607 0.0680958 0.0166604 -0.0115769 -0.0233577  0.0443332   0.914726 0.00668698 0.00942683   0.0230396 -0.00173767 -0.00705914  0.0114806 -0.0123806 0.00246602 -0.00912435   0.0106925    -9.80899 
             21.0002 -0.472538   16.3007   1.67306    3.01338 -0.0828463 0.00826339 0.0619158 0.0680651 0.0161042 -0.0116035 -0.0233688  0.0443185    0.914409 -0.00595477   0.0305164   0.0230836  -0.0018003 -0.00705617  0.0117895 -0.0122215 0.00189871 -0.00896783   0.0107319    -9.80899 
             21.1001 -0.498331   15.7814   2.16932    3.10541 -0.0769505  0.0119822 0.0622323 0.0658957  0.018224 -0.0115493 -0.0233818  0.0443218   0.914854 0.00187026  0.0159821   0.0230989 -0.00175644 -0.00703841  0.0116267 -0.0125397 0.00151846 -0.00933223   0.0111761    -9.80899 
             21.2002 -0.247602   15.0823   2.77353    3.19789 -0.0691761  0.0160883 0.0626029  0.063805 0.0206914  -0.011503 -0.0233791  0.0443092  0.923032 0.0654389 0.0373063   0.0229437 -0.00182525 -0.00702495  0.0114714 -0.0128893 0.00122505 -0.00988137   0.0114781    -9.80899 
             21.3002 -0.328874   15.0643   3.79514    3.29123 -0.0636638  0.0177821 0.0628949 0.0642585 0.0206543 -0.0115136 -0.0233756  0.0443083  0.934879 0.0690444 0.0255414   0.0230543 -0.00187822 -0.00705446  0.0114113 -0.0129105 0.00142679 -0.00986641   0.0113685    -9.80899 
             21.4004 -0.304677    15.584    5.1473    3.38844 -0.0596537  0.0194273 0.0599439 0.0660326 0.0197763 -0.0116048 -0.0234268  0.0443218  0.954881 0.0966654 0.0227711   0.0230945 -0.00195404 -0.00705537  0.0115362 -0.0122538 0.00154297 -0.0088622  0.0118086   -9.80899 
                21.5 -0.0383069    16.0586     7.0785    3.48432 -0.0463784  0.0195711 0.0597689 0.0647166 0.0201079 -0.0115545 -0.0234676  0.0443477  0.948539  0.149437 0.0136057   0.0229681 -0.00186994 -0.00714369  0.0112147 -0.0121962 0.00172816 -0.00913685   0.0121053    -9.80899 
             21.5999 -0.212632   16.5091   8.99042    3.57836 -0.0323558  0.0186843 0.0621004 0.0659264 0.0197275  -0.011534 -0.0234212  0.0443295  0.936248  0.158678 0.0216755    0.023031 -0.00193643 -0.00712416  0.0113528 -0.0122624 0.00216023 -0.00889812   0.0114979    -9.80899 
             21.7005 -0.326115   16.6068   11.0264    3.67429 -0.0234396  0.0151493 0.0612203 0.0737085 0.0193288 -0.0116667 -0.0234049  0.0442679   0.937016   0.155572 0.00164829   0.0230911 -0.00189673 -0.00714985  0.0123335 -0.0113557 0.00307057 -0.00618895   0.0114088    -9.80899 
             21.7998 -0.15312  16.3588   13.242    3.76777 0.00115977  0.0100061  0.065159 0.0674309  0.021725 -0.0116062  -0.023439  0.0442923    0.936557    0.249334 -0.00740562    0.023072 -0.00183053 -0.00711797  0.0108646 -0.0116221 0.00340154 -0.00860169   0.0111872    -9.80899 
             21.9002 -0.379635   15.8473   14.9294    3.86193  0.0261373 0.00906928 0.0642796 0.0663991 0.0220957 -0.0115999 -0.0234449  0.0442881    0.95441   0.249146 -0.0037336   0.0232066 -0.00184244 -0.00703758  0.0107043 -0.0115453 0.00332066 -0.00888472   0.0114766    -9.80899 
             22.0004 -0.310981   15.4704    15.825   3.95524 0.0566161 0.0136581 0.0635586 0.0578514 0.0229165 -0.0115926 -0.0234605  0.0442945  0.960022  0.289931 0.0047628   0.0231147 -0.00186134 -0.00701745 0.00976511 -0.0123959 0.00232116 -0.0116505  0.0113864   -9.80899 
             22.1003 -0.351772    15.787   16.1831   4.05069 0.0865328 0.0167989 0.0663016 0.0579404 0.0221682 -0.0115922 -0.0235131  0.0442953    0.96038   0.306058 0.00203215   0.0230725  -0.0019462 -0.00694872  0.0100102 -0.0132283 0.00203209 -0.0117607  0.0101652   -9.80899 
             22.2002 -0.351779   16.3418   16.0296   4.15209  0.114219 0.0121129 0.0586421 0.0615157  0.022583 -0.0114763 -0.0233616  0.0443678   0.982549   0.295204 0.00575349   0.0229541 -0.00184899 -0.00698733  0.0103884    -0.0112 0.00279108 -0.00999252   0.0130851    -9.80899 
             22.3002 -0.896335   16.6897   15.3906   4.25556  0.137991 0.0011807 0.0525509 0.0680449 0.0225523 -0.0112341   -0.02315  0.0444395    1.00931   0.246158 -0.0251398   0.0231695 -0.00188832 -0.00687633   0.0111371 -0.00902616  0.00440435 -0.00717533   0.0157177    -9.80898 
                22.4 -0.708938    16.627    15.039    4.35929   0.164293 0.00176025 0.0450597 0.0692707 0.0201399 -0.0112067  -0.023047  0.0444548    1.00761   0.282251 -0.0247571   0.0230398 -0.00189235 -0.00689454   0.0114559 -0.00754023  0.00406766 -0.0063189  0.0184101   -9.80898 
             22.5012 -0.945953   16.3916   14.6573   4.45922  0.189318 0.0123841 0.0468418 0.0684128 0.0197298 -0.0111641 -0.0231049  0.0444557   1.01852  0.235855 0.0200003   0.0230825 -0.00195938 -0.00689578  0.0123549 -0.0075267 0.00260478 -0.0060806  0.0181546   -9.80898 
             22.6002 -0.966173   15.7323   14.1725   4.56098  0.206897 0.0101762  0.047772 0.0844979 0.0183576  -0.011115 -0.0231332  0.0445037   1.02552   0.21546 0.0106857   0.0231193 -0.00184059  -0.0068863   0.0148394 -0.00770657  0.00377845 -0.000819802    0.0169762     -9.80899 
             22.7012 -0.894639   15.5707   13.7856    4.67188   0.234082 0.00780113  0.0299513   0.076177 0.00866298  -0.011126 -0.0230723  0.0444194     1.04994    0.235192 -0.00140855   0.0230316  -0.0019072 -0.00687236   0.0129562 -0.00438522  0.00358702 -0.00290353   0.0240099    -9.80897 
             22.8003 -1.07456  15.7557  13.2595     4.7791   0.256554 0.00158593   0.024498  0.0767083 0.00587617 -0.0111137  -0.023059   0.044421   1.05818   0.20392 -0.013048   0.0230587 -0.00183261 -0.00684486  0.0124001 -0.0039679 0.00427127 -0.0029075  0.0254385   -9.80897 
             22.9001 -1.1108 16.4068 12.9196    4.89008   0.278371 0.00337164  0.0179555  0.0729159 0.00095276 -0.011193 -0.023074 0.0444717     1.07975    0.219681 -0.00892188   0.0231005 -0.00195577 -0.00684903     0.01199 -0.00207834  0.00360816 -0.00352507   0.0287437    -9.80896 
             23.0003 -0.845031   16.8912   12.8988    4.99776   0.302572 0.00431159  0.0183255    0.06978 0.00115739 -0.0111988 -0.0230711  0.0444688     1.08372    0.230378 -0.00171463   0.0230366 -0.00190024 -0.00685494  0.0115667  -0.001979 0.00330272 -0.00451048   0.0289668    -9.80896 
                23.1 -0.919194   17.2759   12.8455    5.09718   0.318492 0.00425046 0.0343443   0.08043 0.0120565  -0.011198 -0.0229584  0.0443678     1.06798    0.200371 0.000361073   0.0230952 -0.00195005 -0.00687241  0.0135912 -0.0051988 0.00392946 -0.0019119  0.0220903   -9.80897 
             23.2002 -0.927698   17.4107   12.8786    5.21125   0.339933 0.00639097   0.023584  0.0803366 0.00349553 -0.0112183  -0.023036  0.0443702    1.08952   0.234914 0.00621224   0.0231692 -0.00193548 -0.00683262  0.0137162 -0.0026579 0.00365323 -0.000980696    0.0266087     -9.80896 
             23.2998 -0.665941   17.3414   13.2154   5.32321  0.356417 0.0112339     0.02206   0.0924026 -0.00154698 -0.0112859 -0.0230221  0.0443647   1.11867  0.210507 0.0153764   0.0230602 -0.00199372 -0.00690739   0.0164869 -0.00147603  0.00374508 0.00389959  0.0272701   -9.80896 
             23.4002 -0.799099   16.9309   13.2676   5.43137  0.381719 0.0182511  0.0288424   0.080908 0.00533855 -0.0111897 -0.0229989  0.0444376   1.12699  0.202298 0.0238393   0.0231013 -0.00191653 -0.00686912   0.0154672 -0.00265679    0.002691 0.000252834   0.0254728    -9.80897 
             23.5001 -0.608561   16.7015   13.5834   5.53837  0.403027 0.0193577 0.0396668 0.0827202 0.0113702 -0.0112418 -0.0229497  0.0445067   1.12177  0.275122 0.0316097   0.0231264 -0.00198586 -0.00689586   0.0155926 -0.00496228  0.00306473 -8.9226e-05   0.0211488    -9.80898 
             23.6001 -0.3608 16.5729 13.9639   5.65505  0.430943 0.0176286  0.0336853  0.0790249 0.00928202 -0.0112524 -0.0229922  0.0444678   1.15764  0.235107 0.0123971   0.0230611 -0.00192849 -0.00687892   0.0142699 -0.00419907  0.00330056 -0.00147971   0.0232383    -9.80897 
             23.7002 -0.287125   16.8652   13.8912   5.76777  0.461954 0.0175036 0.0400113 0.0698847 0.0131939 -0.0112414 -0.0229991  0.0444516   1.15932  0.276967 0.0201862   0.0230285 -0.00197059 -0.00686679   0.0125511 -0.00562622  0.00312535 -0.00511865   0.0213164    -9.80898 
             23.8002 -0.363411   17.3528   13.8012   5.88604  0.490789 0.0159243  0.037345 0.0718736 0.0119231 -0.0112212 -0.0229908  0.0444666     1.17953     0.29363 -0.00429425   0.0230704 -0.00203377 -0.00681542   0.0126684 -0.00511419  0.00346036 -0.00439249   0.0221494    -9.80897 
             23.8998 -0.711703   17.4852    13.326    6.0035  0.510522 0.0130814 0.0393953 0.0840321 0.0106078 -0.0111274 -0.0229928  0.0444258    1.19383   0.247456 -0.0195105   0.0231458 -0.00195248 -0.00678829   0.0145466 -0.00526796  0.00442832 -0.000468162    0.0208781     -9.80898 
             24.0002 -0.561806   17.4987   13.0474   6.13483  0.535333 0.0173486  0.0214831  0.0840775 0.00373009 -0.0111074 -0.0228992  0.0444479   1.21917   0.27973 0.0121937   0.0231213  -0.0020098 -0.00678173    0.014847 -0.00161279  0.00383727 0.000971216   0.0275667    -9.80896 
             24.1004 -0.431113   17.1398   13.0817   6.25698   0.56254 0.0236453  0.0210706  0.0806458 0.00389834 -0.0110784 -0.0228924  0.0444476   1.21502   0.24503 0.0205358   0.0230714 -0.00202533 -0.00681781  0.0148916  -0.001338 0.00315406 0.000329302   0.0280963    -9.80896 
             24.2002 -0.498177   16.3314   12.8796   6.38045  0.589154 0.0252824  0.0183073  0.0800878 0.00267016 -0.0110723 -0.0228897  0.0444186   1.22816  0.278045 0.0141006   0.0231352 -0.00199544 -0.00677952    0.0147194 -0.000815309   0.00314492 0.000277984   0.0291375    -9.80896 
             24.3002 -0.489183   15.3106   12.7894   6.50469  0.621257 0.0268442 0.0159177 0.0713849 0.0052664 -0.0110725 -0.0228902  0.0443754   1.24635  0.282343 0.0246448   0.0230547 -0.00195545  -0.0067456    0.0130561 -0.000710651   0.00275438 -0.00271366    0.030154    -9.80895 
             24.4002 -0.55233  15.2373  12.6643   6.62816  0.648608 0.0267214  0.0182861   0.068979 0.00736326 -0.0110765 -0.0228836  0.0443823    1.24042   0.241075 0.00780892   0.0230697   -0.002067 -0.00673146   0.0123577 -0.00136733   0.0028685 -0.00394842   0.0292661    -9.80896 
             24.4998 -0.104952   15.6652   12.9669  6.75279 0.673057 0.030397  0.0166384  0.0741827 0.00562851 -0.0111556 -0.0228719  0.0444062   1.23164  0.260623 0.0207142   0.0229615 -0.00206976 -0.00683739    0.0134114 -0.000723593   0.00285333 -0.00192425   0.0298253    -9.80895 
                24.6 -0.242593    15.854   12.7403   6.87472  0.698346 0.0262354  0.0181842  0.0745227 0.00620772 -0.0110541 -0.0228687  0.0444078    1.22525   0.244292 0.00534076   0.0230547 -0.00210431  -0.0067152    0.013017 -0.00135888  0.00359885 -0.00222102    0.028967    -9.80896 
             24.7012 -0.104339   15.7429   12.1302   6.99377  0.724404 0.0297459 0.0223276 0.0733161 0.0083186  -0.011079 -0.0228818  0.0443803    1.21202   0.258315 0.00828142   0.0230269 -0.00209908 -0.00667297   0.0131764 -0.00202154  0.00316438 -0.00268658   0.0276236    -9.80896 
             24.8004 -0.241975   15.4391   10.8265   7.11233  0.745047 0.0303113  0.0252085  0.0768511 0.00904956 -0.0110419 -0.0229319  0.0443848  1.20291 0.196265 0.025225   0.0230196 -0.00206904 -0.00661343   0.0138291 -0.00254422  0.00340793 -0.00166666   0.0263562    -9.80896 
             24.9003 -0.261198   15.3252   9.15362   7.23308   0.75566 0.0338283  0.0263063  0.0846473 0.00786299 -0.0108536 -0.0229715  0.0444178   1.20209   0.12312 0.0115887   0.0229826 -0.00210485 -0.00660368   0.0155894 -0.00233977  0.00347356 0.00125557  0.0257097   -9.80897 
             24.9999 -0.0721142    15.3295    7.77125   7.35517  0.766833 0.0354741  0.0245584  0.0880079 0.00586888 -0.0107898 -0.0229409   0.044441  1.21685 0.115978 0.023779   0.0229355 -0.00209445 -0.00661979   0.0161315 -0.00184523  0.00366896 0.00255418  0.0262474   -9.80896 
             25.0998 -0.148822    15.372    6.2913   7.47674  0.770532 0.0356621  0.0240877  0.0939419 0.00522155  -0.010704 -0.0229499  0.0444569   1.22603 0.0676817 0.0237325   0.0229618 -0.00212022 -0.00663524   0.0171139 -0.00175507  0.00411201 0.0045428 0.0258605  -9.80896 
             25.2003 -0.19244  15.7061  4.63957   7.59959  0.780202 0.0355417  0.0231577  0.0909974 0.00455451 -0.0107372 -0.0229383  0.0444596    1.22389   0.078525 0.00745506   0.0230173 -0.00214095   -0.006595   0.0164949 -0.00180901  0.00407014 0.00355249  0.0263536   -9.80896 
             25.3002 -0.379222   16.1411   3.17814  7.72161 0.783833 0.032524  0.0210368   0.091543 0.00432422 -0.0106841 -0.0229199  0.0444695     1.21464    0.019498 -0.00662168   0.0230294 -0.00213258 -0.00661559   0.0163588 -0.00212099  0.00461216 0.00359588  0.0264132   -9.80896 
             25.4001 -0.273772    16.509   2.42491   7.84363  0.788582 0.0323246  0.0217855  0.0889061 0.00541988 -0.0106378 -0.0229272  0.0444755    1.22389 0.00416288 -0.0130283    0.022967  -0.0021281 -0.00668911   0.0159403 -0.00240666  0.00447774 0.0026683 0.0264989  -9.80896 
             25.4998 -0.403188   16.8562   2.19737  7.97252 0.787557 0.029831     0.019238    0.0898046 -0.000942705   -0.01072 -0.0230433  0.0444786   1.25662 0.0285333 0.0053609   0.0231511 -0.00221261 -0.00662935   0.0157502 -0.00195108  0.00467995 0.00332802  0.0272522   -9.80896 
             25.6003 -0.108249    16.885   2.55207   8.09782   0.79201 0.0338185    0.0215604     0.088446 -0.000232384 -0.0106697 -0.0230468  0.0444846   1.25942 0.0294682 0.0260146    0.023066 -0.00219419 -0.00668901   0.0159573 -0.00178043  0.00418301 0.00321961  0.0271905   -9.80896 
             25.7012 0.013324  16.8007  3.05964   8.22609  0.800101 0.0372717    0.0221095     0.086713 -0.000498644 -0.0105449 -0.0231587  0.0444839   1.26173  0.080988 0.0155801   0.0230549 -0.00214868 -0.00668888   0.0158902 -0.00180362  0.00387608 0.00317384  0.0274754   -9.80896 
             25.8003 0.21327 16.7457 3.85756   8.35131  0.804196 0.0424947    0.022486    0.086882 -0.00128626 -0.0106108 -0.0230589  0.0444941   1.26915 0.0944159 0.0283644   0.0229962 -0.00220051  -0.0067466   0.0163928 -0.00165317  0.00357266 0.00330199  0.0272561   -9.80896 
             25.9002 0.214955   16.649  4.98819   8.47844  0.806182 0.0435978   0.0218664   0.0884652 -0.00561487 -0.0108574 -0.0230411  0.0444274    1.27375  0.0917933 0.00724552   0.0230558 -0.00215308 -0.00675051   0.0164891 -0.00124421   0.0036711 0.00364879  0.0269915   -9.80896 
                  26 0.442697  16.7938  6.85689    8.5989  0.823682 0.0442921   0.0252622   0.0884853 -0.00485089 -0.0106555 -0.0228243   0.044486   1.25078  0.157184 0.0190915   0.0230141 -0.00220847 -0.00681664   0.0165062 -0.00164773  0.00392744 0.00297436  0.0266582   -9.80896 
             26.1003 0.438391  17.0151  9.17371   8.71854  0.841603 0.0458678   0.0281585   0.0895498 -0.00830226 -0.0106667 -0.0226457  0.0444681   1.22979  0.230972 0.0215977   0.0230703 -0.00225407 -0.00683121   0.0167502 -0.00177537  0.00405649 0.00289236  0.0261045   -9.80896 
             26.1999 0.415089  17.0719  11.8681   8.84169  0.867552 0.0470854    0.027645    0.089852 -0.00793156  -0.010696 -0.0226726   0.044458   1.20625  0.294002 0.0208043   0.0230915 -0.00224307 -0.00686649   0.0167335 -0.00165895  0.00408167 0.00302799  0.0262068   -9.80896 
             26.3003 0.284452  17.0078   13.963   8.95972  0.897601 0.0449727   0.0358141   0.0896897 -0.00857562 -0.0106595 -0.0226016  0.0444876     1.18717    0.309137 -0.00523402   0.0230612 -0.00221287 -0.00683689     0.01606 -0.00160232  0.00449887 0.00214664  0.0252044   -9.80897 
             26.4005 0.290751  16.6565  15.3183   9.08075   0.92483 0.0433185   0.0338711   0.0945781 -0.00840911 -0.0106617 -0.0225773  0.0444564     1.18075    0.337954 0.000323889   0.0231306 -0.00219564 -0.00678412    0.0164877 -0.000580709   0.00487552 0.00384211   0.025973   -9.80896 
             26.5001 0.481846  16.2558   15.831   9.19672   0.95887 0.0469787   0.0330226   0.0917477 -0.00962648 -0.0106606 -0.0226074  0.0444668   1.16468  0.308587 0.0111611    0.022977  -0.0022003 -0.00676179     0.01665 -0.00136481   0.0045083 0.00324008  0.0255666   -9.80897 
                26.6 0.298551   15.832  15.6501   9.31544  0.989581 0.0486147   0.0291481   0.0927576 -0.00928324 -0.0105892 -0.0225238  0.0444678    1.16378   0.316633 0.00836678   0.0230059 -0.00218757 -0.00672834    0.0169551 -0.000816493   0.00450215 0.00391639  0.0265991   -9.80896 
             26.7012 0.104984   15.484  15.1448   9.42564   1.02307 0.0462081   0.0390217   0.0912074 -0.00870321 -0.0107483 -0.0227365  0.0444619     1.14544    0.300383 -0.00334977   0.0230485 -0.00217714 -0.00670945   0.0161651 -0.00223634  0.00465715 0.00243062   0.023806   -9.80897 
             26.8001 -0.174948   15.7304   14.1392   9.54427   1.05358 0.0447675   0.0330213   0.0885937 -0.00671995 -0.0108062 -0.0225388  0.0444815     1.15743    0.271558 -0.00988643    0.023039 -0.00226913 -0.00662038    0.015313 -0.00104852  0.00461176 0.00155287  0.0260408   -9.80897 
             26.8998 -0.337338   16.2556   12.9518 9.66017 1.07822 0.04293   0.0335935   0.0908333 -0.00726168 -0.0107393 -0.0225471  0.0444921    1.15624   0.263654 -0.0013532   0.0230785 -0.00228738 -0.00658123   0.0155288 -0.00101714  0.00485889 0.00218328  0.0258922   -9.80897 
             27.0002 -0.347123   16.8631   11.4584   9.77771   1.08867 0.0423398  0.0332886   0.109951 -0.0131495 -0.0103531 -0.0225499  0.0446164     1.16778    0.149109 -0.00541192   0.0230707  -0.0023199 -0.00657091   0.0189928 1.90504e-05  0.00579509 0.00905347  0.0259876   -9.80896 
                27.1 -0.270875   17.4626   9.68339   9.89271   1.10225 0.0431053  0.0359273   0.112506 -0.0119852 -0.0103186  -0.022603  0.0446041  1.15288 0.156084 0.000579   0.0230637 -0.00233279 -0.00653354    0.0196458 -0.000331633   0.00583831 0.00994298   0.024973   -9.80896 
             27.2003 -0.176223   17.8309   8.22273   10.0034   1.11591 0.0469207   0.0426328    0.111733 -0.00640221 -0.0103569 -0.0226522  0.0445612  1.13018 0.111912 0.016718   0.0230197 -0.00231658 -0.00661405   0.0203445 -0.00104397  0.00546402 0.00997671  0.0228858   -9.80897 
             27.2999 -0.375779   17.8235   6.58272   10.1173   1.12651 0.0456114   0.0396302    0.110866 -0.00688281 -0.0103772 -0.0226399  0.0445513     1.11671   0.0796546 0.000431295   0.0229943 -0.00230933 -0.00654096   0.0195665 -0.00101794  0.00557685 0.00926353  0.0236276   -9.80897 
             27.4001 -0.309605   17.4262   6.01004   10.2289   1.13447 0.0457687  0.0393818   0.109999 -0.0073988 -0.0103669 -0.0226507  0.0445407     1.10909    0.100413 -0.00214658   0.0230148 -0.00226344 -0.00661406    0.0195191 -0.000870817   0.00550079 0.00913469  0.0238835   -9.80897 
                27.5 -0.151309   16.6831    6.0986   10.3418   1.14503 0.0493712  0.0398439   0.107167 -0.0107575  -0.010307 -0.0227398  0.0444845   1.10559 0.0869883 0.0054199   0.0230075 -0.00222361  -0.0066558  0.0198235 -0.0002445 0.00520008 0.00919126  0.0245778   -9.80896 
             27.6001 -0.0696766    16.3467    6.43572   10.4531   1.15791 0.0498371   0.0384357    0.105321 -0.00815178 -0.0101953 -0.0228009   0.044486    1.08996   0.105013 0.00779582   0.0229653  -0.0022441 -0.00669257    0.0193495 -0.000294289   0.00512939 0.00855467  0.0249865   -9.80896 
             27.7012 -0.237027    16.458   6.89381  10.5539  1.16867 0.050766    0.042617    0.106926 -0.00566263 -0.0102302 -0.0225049  0.0444883    1.06123   0.127839 -0.0027928   0.0230537 -0.00231099  -0.0066724    0.0200019 -0.000898787   0.00525424 0.00862026  0.0234201   -9.80897 
             27.8012 -0.335345     16.52   7.20367   10.6609   1.18445 0.0508127   0.0417053    0.105688 -0.00284634 -0.0101511 -0.0225387  0.0445266   1.06927  0.131432 0.0212409   0.0229961 -0.00231963 -0.00668081    0.0195938 -0.000970773   0.00524329 0.00814625  0.0237068   -9.80897 
             27.9002 -0.417334   16.9917   7.39443    10.765   1.19651 0.0513388   0.0429083    0.106216 -0.00293614 -0.0101401 -0.0225048  0.0445005     1.05373    0.119681 -0.00478089   0.0229635 -0.00234966 -0.00670259  0.0196891 -0.0011485 0.00531396 0.00810885   0.023318   -9.80897 
             27.9998 -0.405007   17.6854   7.50122   10.8713   1.20926 0.0502978   0.0426488    0.106359 -0.00253391 -0.0101217 -0.0225092  0.0445181    1.04971   0.135272 0.00848671   0.0229658 -0.00235614 -0.00669329   0.0194332 -0.00112451  0.00541231 0.00798843  0.0234365   -9.80897 
             28.1003 -0.50937  18.3429  7.58565   10.9746   1.21508 0.0455593    0.044004    0.111946 -0.00759014 -0.0100501 -0.0225092  0.0445061     1.03199   0.0767904 -0.00488727   0.0230878 -0.00237838 -0.00668983    0.0194082 -0.000924811   0.00605438 0.00896085  0.0229611   -9.80897 
             28.2002 -0.55431  18.1182  6.38646   11.0796   1.21854 0.0331073  0.0430387   0.118985 -0.0120539 -0.0100149 -0.0224626  0.0445208   1.01553 0.0734833 -0.051039   0.0230933 -0.00233519 -0.00660019    0.0180962 -0.000514499   0.00702835 0.00949134  0.0232851   -9.80897 
             28.3001 -0.573807   17.0846   3.95036   11.1755   1.22503 0.0299628   0.0447113    0.118737 -0.00782552 -0.0101123 -0.0227196  0.0446161   0.984802  0.0247913 -0.0429766   0.0230717 -0.00227293 -0.00644549   0.0183803 -0.00113876  0.00699259 0.00914775  0.0223497   -9.80897 
                28.4 -0.746715   16.3152   1.13806  11.2732  1.22172 0.028458  0.0466462   0.117902 -0.0122193 -0.00984486  -0.0227574   0.0447053   0.984649  -0.056393 -0.0341523   0.0231013 -0.00231007 -0.00647696     0.019207 -0.000890892    0.0068915 0.00968771  0.0221023   -9.80897 
             28.5002 -0.915811   15.9258  -1.31063   11.3684   1.21265 0.0250782  0.0473995   0.118937 -0.0126379 -0.00974705  -0.0228952   0.0447745   0.979177   -0.10199 -0.0326787     0.02317 -0.00233098 -0.00643546    0.0195287 -0.000962711   0.00699785 0.00984423  0.0216536   -9.80897 
             28.5999 -0.536295   16.6272  -2.25786  11.4709  1.20122 0.030992  0.0556132   0.112816 -0.0170518 -0.00995898  -0.0228038   0.0448013   0.977254  -0.101719 0.00331112   0.0230746 -0.00239836 -0.00655676    0.020472 7.86678e-05  0.00608347 0.0100493 0.0214725  -9.80897 
             28.7004 -0.0118056    17.4936    -1.8821   11.5703   1.19253 0.0328132   0.057907   0.111905 -0.0194124 -0.0100951 -0.0228199  0.0448149   0.993971 -0.0535456 0.00561814   0.0230704 -0.00243705 -0.00662558    0.020541 0.000359027  0.00589561 0.0100263 0.0212589  -9.80897 
             28.8002 0.138352  17.9396 -1.31302   11.6667   1.19027 0.0419063  0.0609203   0.109529 -0.0116185 -0.0101269 -0.0226153  0.0447189    1.00198 -0.0383706  0.0213212    0.023055 -0.00240638 -0.00660964  0.0218384 0.00102448  0.0052172 0.0102349 0.0214634  -9.80897 
             28.9002  0.167529   18.0548 -0.728169   11.7686   1.18964 0.0482148 0.0627913  0.108138 -0.010393 -0.0101131 -0.0227038  0.0447261    1.02248 -0.0157479   0.030413    0.023073 -0.00240823 -0.00665112   0.0222991 0.000960116  0.00482297 0.0105451 0.0212149  -9.80897 
                  29    0.180159     17.4627 -0.00259615   11.8729   1.19401 0.0428903   0.0634264    0.113548 -0.00629359 -0.00999593  -0.0227309   0.0447957   1.04478 0.0123341 0.0107916   0.0230235 -0.00235446 -0.00664754   0.0217036 0.000507509  0.00574575 0.0113174 0.0212162  -9.80897 
             29.1002 0.148862  16.7648  1.08904   11.9771   1.19498 0.0439718   0.0625443    0.113608 -0.00858879 -0.0100511  -0.022608  0.0448443    1.08259 0.00358343 0.00841532    0.023076 -0.00236079 -0.00671528   0.0218099 0.000893693   0.0057733 0.0110124 0.0217076  -9.80897 
             29.2012 0.241158  16.3768   1.8613 12.0875 1.19856 0.04532   0.0625284    0.113527 -0.00830821 -0.0100429 -0.0226174  0.0448399   1.12272 0.0385988 0.0312627   0.0230578  -0.0023768 -0.00666019     0.02182 0.000844465  0.00573814 0.0110521 0.0216533  -9.80897 
             29.3004 0.113388  16.3472  2.26209  12.1976  1.19875 0.046458   0.061941   0.112457 -0.0111922 -0.0100786 -0.0225966  0.0448221   1.13768 0.0420034 0.0151628   0.0231011 -0.00242442 -0.00663073  0.0216074 0.00133586 0.00580524 0.0103355 0.0218036  -9.80897 
             29.4002 0.0671777   16.5896   2.23089   12.3111   1.20088 0.0399753  0.0647088   0.110223 -0.0120889 -0.0100563 -0.0226018  0.0448054     1.15392   0.0488426 -0.00842319   0.0231105 -0.00244089  -0.0066212  0.0211913 0.00184047 0.00660872 0.00958681  0.0217355   -9.80897 
             29.5002 0.191355  16.7726  2.19318   12.4239   1.20758 0.0492169  0.0618951   0.114465 -0.0147454 -0.0101174 -0.0226529  0.0447628  1.16765 0.046705 0.030224   0.0230118 -0.00242878 -0.00661595  0.0218339 0.00145124 0.00570209 0.0102387 0.0221321  -9.80897 
             29.6001 0.0865733   16.7123   1.99689   12.5426   1.21036 0.0499758  0.0622654   0.113451 -0.0138522 -0.0100966 -0.0226298  0.0447732    1.18875  0.0572769 0.00561464   0.0229963 -0.00242005 -0.00661046  0.0216837  0.0015697 0.00588901 0.0101079 0.0220345  -9.80897 
             29.7003 -0.00964681     16.4545     2.16977   12.6574    1.2067 0.0479609  0.0613367    0.11305 -0.0142531 -0.0100228 -0.0226819  0.0447892   1.19327 0.0349864 0.0158262   0.0230773 -0.00244889 -0.00661663  0.0218049  0.0020777 0.00623208 0.00963225  0.0219043   -9.80897 
             29.8005 0.262158  15.9291  2.55591   12.7762   1.20518 0.0485874  0.0604802    0.11265 -0.0136278 -0.0100085 -0.0226822  0.0448238   1.20204 0.0250763 0.0100834   0.0230146 -0.00238495 -0.00664958  0.0218011 0.00247963  0.0062675 0.00951577   0.021693   -9.80897 
             29.8998 0.126408  15.6417  2.93201   12.8948   1.20709 0.0480542  0.0604382   0.112898 -0.0140993 -0.0100203 -0.0226716  0.0448402    1.20709  0.0506821 0.00179526   0.0231062 -0.00244511 -0.00670533  0.0219288 0.00261371 0.00639699 0.00938381  0.0216376   -9.80897 
             30.0003 0.0579415   15.3636   3.16321   13.0169   1.20928 0.0528678  0.0589672   0.113665 -0.0136698  -0.010021 -0.0226824   0.044833   1.22819 0.0402959 0.0251913   0.0230766 -0.00245709 -0.00667953  0.0220319  0.0027357 0.00592397 0.00954371  0.0215333   -9.80897 
             30.1002 -0.131426   15.1204   3.20581   13.1448   1.21803 0.0508855  0.0602592    0.11212 -0.0124109 -0.0100275 -0.0226649  0.0448432    1.25122  0.0566986 -0.0125743   0.0230955 -0.00248514 -0.00664349   0.021638 0.00257999 0.00624167 0.00957703  0.0217186   -9.80897 
             30.2003 -0.0920627    14.8702    3.45005   13.2679   1.22311 0.0511583  0.0604991   0.112412 -0.0130024 -0.0100278 -0.0226638  0.0448435     1.2447  0.0763211 0.00661166   0.0230771 -0.00244131 -0.00662867  0.0217557  0.0025582 0.00625448 0.00951725  0.0216763   -9.80897 
             30.3002 0.0464107   14.8842   3.82036   13.3968   1.23285 0.0506083  0.0607278   0.111551 -0.0132209 -0.0100155 -0.0226754  0.0448534    1.25763  0.0844401 -0.0073322    0.023029 -0.00246953 -0.00666803  0.0215431 0.00247342 0.00634537 0.00953694  0.0218473   -9.80897 
             30.4005 0.0187719   14.9275   3.94277  13.5172  1.24321 0.051007  0.0619557   0.112312 -0.0152213 -0.0100095  -0.022677  0.0448105     1.25775   0.0979906 -0.00135092   0.0230343 -0.00247393 -0.00660875  0.0218525 0.00223229 0.00631537 0.00929289  0.0216714   -9.80897 
             30.5003 -0.180979   14.9779     3.658  13.6496  1.25092 0.046601  0.0609912   0.110893 -0.0125388 -0.00998699  -0.0226195   0.0448599     1.28367   0.0540995 -0.00504792   0.0230786 -0.00247225 -0.00662623  0.0215519 0.00261813 0.00671003 0.00962449  0.0218889   -9.80897 
             30.6002 -0.395045   14.9877   2.53566    13.779   1.25746 0.0412311  0.0616747   0.109799 -0.0126034 -0.0100101 -0.0225809  0.0448658    1.28902  0.0245485 -0.0300313   0.0230839 -0.00249731 -0.00651201  0.0215347 0.00265186 0.00714855 0.00965583  0.0219379   -9.80897 
             30.6999 -0.290215   14.9419   1.91858    13.904   1.25664 0.0394604  0.0614779   0.110701 -0.0111212 -0.00995683  -0.0226737   0.0448744    1.28423 0.00685631 -0.0121744   0.0230157 -0.00246842 -0.00657415  0.0218939 0.00271009 0.00715761 0.00960951  0.0216293   -9.80897 
             30.8004 -0.0754343    15.0879    1.53171   14.0271   1.25806 0.0385628   0.0613054    0.111439 -0.00886068 -0.00995551  -0.0227259   0.0448574     1.2794 0.00418281  -0.010711   0.0229796  -0.0024901 -0.00656089  0.0222141 0.00262662  0.0071711 0.00943343  0.0214587   -9.80897 
             30.9002 -0.0182085    15.2796     1.0121   14.1553   1.25806 0.0437925    0.062762    0.112875 -0.00730539 -0.00998351  -0.0227029   0.0448641     1.28457   0.0124961 -0.00158601   0.0230015 -0.00247425 -0.00658434  0.0220719 0.00305581  0.0062914 0.00933523    0.02122   -9.80897 
             31.0002 -0.219951   15.5459 -0.309154   14.2807   1.25263 0.0480048   0.0622016    0.113665 -0.00502336 -0.00994706  -0.0227564    0.044847    1.27861 -0.0481865 0.00741495    0.022976 -0.00254831 -0.00654537  0.0221816 0.00336862 0.00589983 0.0091035 0.0211261  -9.80897 
             31.0998 -0.214716   15.6068  -1.93873   14.4049   1.24403 0.0487157   0.0607389    0.113911 -0.00332615 -0.00991229   -0.022831   0.0448514       1.271   -0.108605 -0.00059556  0.0229422 -0.0025211 -0.0065617  0.0223513 0.00353231 0.00596483 0.00892104  0.0212762   -9.80897 
             31.2002 -0.225739   15.5461  -3.76667   14.5309   1.22821 0.0474646   0.0586178    0.113156 -0.00217254 -0.00985723  -0.0228697   0.0448727    1.26833  -0.139743 0.00815322   0.0229411 -0.00246808 -0.00651424  0.0223554 0.00368735 0.00619597 0.00864953  0.0214166   -9.80897 
             31.3012 -0.193101   15.6096  -5.46542   14.6592   1.21113 0.0464907   0.0589701     0.11204 -0.00346591 -0.00982979  -0.0228349   0.0448773    1.27358  -0.179561 -0.0188631   0.0229707 -0.00251919 -0.00652759  0.0221256 0.00362147 0.00624675 0.00844925  0.0211325   -9.80897 
             31.4003 -0.332552   15.6671  -6.94384   14.7738   1.18896 0.0439018  0.0466537   0.110869 0.00558088 -0.00977192  -0.0229206   0.0449067      1.24123     -0.19896 -0.000478702   0.0230034  -0.0025294 -0.00651438  0.0224525 0.00507791 0.00658239 0.00716229  0.0236865   -9.80897 
             31.5002 -0.215985   15.7191  -7.45141  14.9022  1.16746 0.044226  0.0508603   0.110183 0.00292556 -0.0097824 -0.0229676  0.0448999       1.249   -0.202393 -0.00915999    0.022929 -0.00252096 -0.00657599  0.0221685 0.00460193 0.00641675 0.00719897  0.0226017   -9.80897 
             31.6014 -0.210596   15.7429  -7.35771   15.0262   1.14762 0.0434193  0.0498578   0.111631 0.00355809 -0.00973985  -0.0229393   0.0449113     1.24548   -0.208043 -0.00145152   0.0229566  -0.0024868 -0.00658787  0.0224619 0.00465529 0.00653814 0.00764158  0.0229728   -9.80897 
             31.7004 -0.148645   15.8576  -6.90889   15.1491   1.12146 0.0397612  0.0460182   0.106092 0.00277205 -0.00994047  -0.0228885   0.0448626     1.24816   -0.178918 -0.00867898   0.023046 -0.0025372 -0.0065921  0.0213659 0.00516711 0.00660057 0.00548216  0.0234004   -9.80897 
             31.8002 0.0853252   15.8058  -6.27177   15.2785   1.10947 0.0391823  0.0520808   0.112152 0.00352307 -0.00971359  -0.0230329   0.0448932     1.26153   -0.159584 -0.00949362   0.0229906 -0.00253701 -0.00659585  0.0223829 0.00388915 0.00680097 0.00808361  0.0219065   -9.80897 
             31.9002 -0.0110807    15.5978   -5.90928   15.4044   1.09785 0.0385301  0.0529264   0.116708 0.00448328 -0.00962256  -0.0230309   0.0449217    1.26374  -0.153741 0.00105845   0.0230489 -0.00250549 -0.00657958  0.0232024 0.00360556 0.00703048 0.00972726  0.0219645   -9.80897 
             31.9999 0.030826  15.3196 -5.55359    15.533   1.08846 0.0374052   0.055284   0.121115 0.00634599 -0.00957454  -0.0230479   0.0449279    1.27172  -0.115767 0.00780469   0.0230429 -0.00250903 -0.00654744  0.0238971 0.00301954 0.00728518 0.0114203 0.0214357  -9.80897 
             32.1003 0.00337705    15.0529   -5.16787  15.6584  1.07314 0.037998  0.0526037    0.11773 0.00435001 -0.00957783  -0.0230421   0.0449312     1.26489   -0.144178 -0.00247172   0.0230395 -0.00252322 -0.00653817  0.0234575 0.00352547 0.00694385  0.010102 0.0220544  -9.80897 
             32.1998 0.212158  14.8583   -4.707    15.782   1.06273 0.0372346  0.0491845   0.118298 0.00155482 -0.00958606  -0.0230427   0.0449418    1.26465  -0.095126 -0.0102651   0.0230124 -0.00255758 -0.00654561  0.0236876 0.00433955 0.00710698 0.00994167  0.0235456   -9.80897 
             32.3003 0.0967792   14.7411  -4.36467  15.9071  1.04917 0.035361   0.0473054    0.113545 0.000657411 -0.00957328  -0.0230497   0.0449351    1.26982 -0.0815145 -0.0253178     0.02307 -0.00256496 -0.00648716  0.0228928 0.00489048   0.006911 0.00816021  0.0238067   -9.80897 
             32.4002 0.0148099   14.6669  -4.08366   16.0278   1.03674 0.0325795   0.0431537    0.110596 -0.00331629 -0.00954433   -0.023077   0.0449154    1.25569 -0.0977842 -0.0198283   0.0230533 -0.00253523 -0.00652293  0.0226847 0.00618309 0.00708271 0.00678395  0.0254963   -9.80896 
             32.4999 0.0338053   14.7052  -4.00382   16.1513   1.02769 0.0313951   0.0418714      0.1113 -0.00485608 -0.00954697   -0.023095   0.0449053     1.2511 -0.0956863 -0.0255028   0.0229915 -0.00253748 -0.00648382  0.0228709 0.00641373 0.00709917 0.00686336  0.0260666   -9.80896 
             32.6003 -0.144796   14.8647  -3.80743   16.2769   1.01341 0.0303256   0.041412   0.109554 -0.0036905 -0.00954118  -0.0230953   0.0449055     1.24962    -0.12381 -0.00687897   0.0230789 -0.00257844 -0.00648918  0.0224636 0.00642552 0.00682214 0.00618835  0.0258045   -9.80896 
             32.7003 0.237983  14.8798 -3.51508   16.3968   1.00044 0.0316167   0.0366738    0.108054 -0.00453457 -0.00953533  -0.0231082   0.0449066      1.24072    -0.101532 -0.000117974   0.0230066 -0.00252461 -0.00649972  0.0223444 0.00739095 0.00649017 0.00505961  0.0271757   -9.80896 
             32.8001 0.412235  14.9279 -3.39407    16.525  0.993748 0.0343978   0.0393523    0.110089 -0.00416559 -0.00955819  -0.0230644    0.044898    1.25891 -0.0810197  0.0105093   0.0229702  -0.0025436 -0.00647408  0.0223119 0.00667357 0.00603192 0.00570744  0.0262883   -9.80896 
                32.9  0.21319  14.9397 -3.80984   16.6516  0.983643 0.0366132   0.0395169     0.10962 -0.00359036 -0.00954755  -0.0230575   0.0448988   1.26189 -0.110735 0.0121885   0.0230129 -0.00257547 -0.00642766  0.0221429 0.00658568 0.00585537 0.00552194  0.0260537   -9.80896 
             33.0002 0.118618  14.8835 -4.67922    16.777  0.967346 0.0379215   0.0379851    0.106064 -0.00247929 -0.00943457  -0.0230707   0.0449102    1.25916  -0.139511 0.00611921   0.0230306 -0.00258263 -0.00640328  0.0215817 0.00692923  0.0056376 0.00427243  0.0260027   -9.80896 
             33.0998 0.134108  14.6812 -5.89529   16.8931  0.952232 0.0345206   0.0311879    0.107399 -0.00506209 -0.0094854 -0.0233352  0.0449487     1.22372   -0.162223 -0.00254521   0.0230135  -0.0025147 -0.00642368  0.0222951 0.00817049 0.00636637 0.00423871   0.028547   -9.80896 
             33.2003  0.21898  14.7853 -7.96722   17.0096   0.93725 0.0367244   0.0257012    0.108363 -0.00516067 -0.00945564  -0.0235931   0.0449598    1.20333  -0.172458 -0.0175405   0.0229565 -0.00259174 -0.00638696  0.0226293 0.00909504 0.00622297 0.00391354  0.0303464   -9.80895 
             33.3003 -0.187032   14.6716   -11.486   17.1317  0.910423 0.0365526 0.0301484  0.106182 -0.004665 -0.00939217  -0.0233185   0.0449626   1.17381 -0.333623 0.0071246   0.0228932 -0.00256612 -0.00630493  0.0221191 0.00849233 0.00604942 0.00354127  0.0288045   -9.80896 
             33.4003 -0.27578   14.432 -15.4365    17.249  0.874775 0.0373264   0.0323838    0.104599 -0.00518159 -0.00932853  -0.0232112   0.0449696   1.15434 -0.375256 0.0153853   0.0228463 -0.00260752  -0.0062817  0.0217974 0.00832311 0.00590024 0.00310017  0.0281487   -9.80896 
                33.5 -0.494416   14.2785  -19.1663   17.3591  0.833757 0.0354232   0.0212286      0.1057 -0.00152362 -0.0093037 -0.0234222  0.0449844   1.10232 -0.461369 0.0050249   0.0229131 -0.00255352 -0.00632048  0.0222506 0.00900182 0.00638762 0.00332126  0.0305466   -9.80895 
             33.6002 -0.331922   14.8419  -22.9037   17.469 0.781001 0.037478   0.0268505    0.101507 -0.00220147 -0.00928984  -0.0233395   0.0450177    1.07277  -0.565456 0.00681829   0.0227943  -0.0026291 -0.00631606  0.0214057  0.0092764 0.00584332 0.0017754 0.0296299  -9.80896 
             33.7002 -0.234837   15.4472  -26.4713   17.5758  0.719346 0.0361656  0.0281067  0.0936935 -0.0041162 -0.00925851  -0.0232669   0.0450714      1.0591   -0.623393 -0.00133147    0.022803 -0.00263831 -0.00629831  0.0200579 0.00920182 0.00550006 -0.000843692     0.028984     -9.80896 
             33.8003 -0.111431   16.0641  -30.1459     17.68  0.655935 0.0388565   0.0345145    0.100582 -0.00350101 -0.00931946  -0.0232995    0.045037    1.01582  -0.684377 0.00401986   0.0227372 -0.00265774  -0.0062831  0.0211022 0.00912562 0.00551345 0.00142694  0.0281715   -9.80896 
             33.9002 -0.0165778    16.6206    -34.016   17.7844  0.580071 0.0379754  0.0518459  0.0941246 -0.0134633 -0.00941927  -0.0232464    0.045077    0.981396   -0.763889 -0.00299201   0.0227088 -0.00263925 -0.00625736  0.0197095 0.00602873 0.00525856 -0.000342288    0.0224553     -9.80897 
                  34 0.162881   16.913 -37.8814   17.8764  0.498432 0.0373941  0.0384037  0.0882557 -0.0111968 -0.00936437  -0.0232162   0.0451126   0.916637  -0.848458 -0.0099418   0.0226506 -0.00263979 -0.00621844  0.0188446  0.0079366 0.00512413 -0.0026196  0.0261951   -9.80896 
                34.1  0.33896  16.7315 -41.6832   17.9569  0.411651 0.0346398  0.00243228   0.0831484 -0.00494816 -0.00927251  -0.0231713   0.0452664   0.844229  -0.920409 -0.0294083   0.0226875 -0.00256689 -0.00623197  0.0182707  0.0135598 0.00510729 -0.00514281   0.0371378    -9.80893 
             34.2002 0.670804  16.5815 -45.2468  18.0398 0.315955  0.02668 -0.00203579   0.0843305 -0.00814565 -0.00937024  -0.0232052   0.0452262   0.773692  -0.996763 -0.0297946   0.0226236 -0.00255193 -0.00624098 0.0179374 0.0119708 0.0056305 -0.00500668   0.0364453    -9.80893 
             34.3004  1.17426  16.7699 -47.5144   18.1076  0.211907 0.0193731 -0.0410793  0.0558123 -0.0140065 -0.00958855  -0.0229944   0.0452965   0.751796   -1.01883 -0.0508809   0.0226707 -0.00261998 -0.00623947  0.0130359  0.0183142 0.00463458 -0.0157957  0.0484692   -9.80887 
             34.4004  1.94191   17.037 -47.7138   18.1784  0.117446 0.0195457  -0.0638259    0.077197 -0.00575114 -0.00941656  -0.0224932   0.0453366  0.760498 -0.992093 -0.016921    0.022683 -0.00261071 -0.00636218  0.0175638   0.023782 0.00539765 -0.00841121   0.0578257    -9.80883 
             34.5002  2.70549  17.4981 -46.6994   18.2493  0.023751 0.0214746  -0.0932292   0.0789868 -0.00874601 -0.00964984  -0.0218775   0.0452501   0.816279  -0.911337 -0.0106391   0.0226863 -0.00261549 -0.00642024  0.0184236  0.0302835 0.00522818 -0.00820738   0.0692209    -9.80875 
             34.6001  2.95294  18.0322 -45.1866    18.3338 -0.0666305  0.0229767  -0.0859901   0.0790821 -0.00564354 -0.00960443  -0.0220105   0.0452844   0.848397  -0.877988 0.00721822   0.0227358 -0.00260718 -0.00646189  0.0185983  0.0287224 0.00506231 -0.007874 0.0663735  -9.80877 
             34.7002  2.82034  18.3337 -43.4649    18.426 -0.153026 0.0197802 -0.0579533  0.0928332  0.0151671 -0.00923024  -0.0222788   0.0455342  0.865783 -0.854691 0.0108384   0.0227679 -0.00257793 -0.00647981  0.0206298  0.0234299 0.00597664 -0.002614 0.0559887  -9.80884 
             34.8002  3.03818  18.3531 -40.1124   18.5247  -0.22577 0.0242867 -0.047907  0.121277 0.0299484 -0.00866978  -0.0223596   0.0458413   0.963509  -0.718759 0.00337651   0.0227636 -0.00265362 -0.00656987  0.0266318  0.0186437 0.00714354 0.00869765  0.0497674   -9.80887 
             34.9001  2.91621   17.847 -35.9156   18.6234 -0.299914 0.0225103 -0.038001  0.104518 0.0391195 -0.00894825  -0.0225644   0.0456357   1.02309 -0.635061 0.0218725      0.0228 -0.00262069 -0.00658529   0.022583  0.0184854 0.00638727 0.00200408  0.0470549   -9.80889 
             35.0004   2.7077  17.2449 -31.7429   18.7266 -0.359238 0.0218339 -0.0306207   0.102174  0.0367557 -0.00913471  -0.0224718   0.0455474   1.07782 -0.508604 0.0407264   0.0228321  -0.0026327 -0.00662614 0.0205596 0.0209913 0.0063925 -0.000428327     0.048235     -9.80888 
             35.1002  1.87415  16.7993 -28.2872   18.8309 -0.407699 0.0261402 -0.0382363  0.0886099  0.0175587 -0.00915706  -0.0224088   0.0454549   1.09893 -0.418259 0.0385363   0.0228676 -0.00266721 -0.00657271  0.0183342  0.0230255 0.00571251 -0.00537887   0.0519274    -9.80886 
                35.2 0.471342  16.3744 -25.3736   18.9448  -0.44445 0.0293856 -0.0365111  0.0961177  0.0281369 -0.00923856  -0.0224542   0.0455194     1.11086   -0.381542 -0.00514483   0.0229244 -0.00267685 -0.00654138  0.0197686  0.0216958 0.00605526 -0.00245152   0.0501359    -9.80887 
             35.3003 -0.801789   16.0681  -22.7027   19.0565 -0.488927 0.0271932 -0.0332475  0.0863037   0.040043 -0.00915717  -0.0222969   0.0454396    1.10323  -0.415935 -0.0177805   0.0229505 -0.00263927 -0.00652788  0.0180282  0.0208884 0.00559819 -0.00565557   0.0478903    -9.80888 
             35.4002 -1.14635  16.4809 -20.1257    19.166 -0.526115 0.0289539 -0.0393328   0.087715  0.0333991 -0.00919796   -0.022383   0.0454055    1.10053  -0.353862 0.00250998   0.0229299 -0.00266499 -0.00654347  0.0188237  0.0208143 0.00555697 -0.00482413   0.0492285    -9.80888 
             35.5002 -1.30071  16.8843 -18.4847   19.2752   -0.5629 0.0250189 -0.0344232  0.0848204  0.0350096 -0.00904214  -0.0223564   0.0455056     1.08822   -0.349021 -0.00599097   0.0229563 -0.00265999   -0.006503  0.0177399  0.0213431 0.00567109 -0.00626406   0.0486631    -9.80888 
                35.6 -1.33861  16.9062 -18.3495   19.3786  -0.59958 0.0284064 -0.0435361  0.0804038  0.0275494 -0.00890946  -0.0225991   0.0455571      1.07087    -0.375365 -0.000101718   0.0228823 -0.00267791 -0.00644299 0.0181946    0.0225 0.0052407 -0.0071623  0.0515113   -9.80886 
             35.7002 -1.36916  16.8955 -18.4545   19.4826 -0.636364 0.0254726 -0.0468062  0.0770661  0.0236889 -0.00866111  -0.0228305    0.045698    1.06623  -0.320298 -0.0101861   0.0229426  -0.0026318 -0.00642371 0.0173852 0.0235004 0.0053633 -0.00876007   0.0529311    -9.80885 
             35.8004 -1.39449  17.1762 -17.9064   19.5868 -0.668256 0.0266429 -0.0490914  0.0777135  0.0246705 -0.00869882  -0.0228966   0.0456692     1.05606   -0.307052 -0.00453846    0.022875  -0.0026757 -0.00645003   0.017932  0.0239268 0.00528007 -0.00831258    0.053781    -9.80885 
             35.9002 -1.51875  17.2801 -15.9721   19.6914 -0.696205 0.0293462 -0.0494655   0.077691  0.0258936 -0.00869828  -0.0228738   0.0456651   1.04853 -0.258511 0.0114565   0.0229516 -0.00271025 -0.00651181  0.0184582  0.0241382 0.00511627 -0.00791075   0.0540892    -9.80885 
             36.0002  -1.3327  17.1656 -12.6039   19.7956 -0.719764 0.0301232 -0.0496834  0.0771224  0.0251735 -0.00873059  -0.0228681   0.0456631   1.04073 -0.204283 0.0122382   0.0229225 -0.00268675 -0.00659558  0.0182848  0.0242293 0.00510607 -0.00820568   0.0541708    -9.80885 
             36.1001 -1.27069  16.6648 -9.38895   19.8978 -0.737344 0.0288922 -0.051091 0.0790388 0.0256199 -0.00875283  -0.0228162   0.0456742    1.02208  -0.172971 0.00224149    0.022946 -0.00265266 -0.00658886  0.0181994  0.0244267 0.00532473 -0.00805723   0.0546332    -9.80884 
             36.1998 -1.08919  16.0873  -6.7741   19.9958 -0.753869 0.0296482 -0.0514532  0.0757778    0.02037 -0.00888747  -0.0227624   0.0456842    0.986864  -0.0953665 -0.00301387   0.0229783 -0.00265854 -0.00655725  0.0176004  0.0249612 0.00515924 -0.00941404   0.0550161    -9.80884 
             36.3002 -1.05517  15.2032 -5.46919    20.093 -0.757877 0.0267969 -0.0520407   0.080137   0.026117 -0.00891809  -0.0227645    0.045661   0.929998 -0.0610972 -0.0209394   0.0229463 -0.00267036 -0.00652424  0.0180966  0.0246747 0.00542582 -0.00809731   0.0550802    -9.80884 
             36.4002 -1.41739  14.1348 -5.61256   20.1805 -0.768701 0.0281568 -0.0530875  0.0764314  0.0195751 -0.00875161  -0.0228935   0.0457376   0.859923 -0.0852852  0.0146163   0.0230605 -0.00265818 -0.00643418 0.0180682 0.0251342 0.0052136 -0.00908707    0.055615    -9.80884 
             36.5002 -1.40518   13.424 -6.37794   20.2638 -0.777358 0.0276558 -0.0520614  0.0764672  0.0207547 -0.00875859  -0.0227586    0.045718    0.767057  -0.0660683 -0.00453693   0.0230164 -0.00262947 -0.00640575  0.0179277  0.0249548 0.00519988 -0.00900095   0.0552149    -9.80884 
             36.6013 -1.35991  13.4567  -7.1613   20.3341 -0.787912  0.027373 -0.0520313  0.0768522  0.0179655 -0.00859376   -0.022853   0.0457461   0.697099 -0.0937634  0.0674653   0.0229798   -0.002704 -0.00643793  0.0176687  0.0251872 0.00535249 -0.00933095   0.0553243    -9.80884 
             36.7004 -1.32218  13.7608 -7.87375   20.3958 -0.797053 0.0320077 -0.0530599  0.0746871  0.0175544 -0.00856614  -0.0229783   0.0456814   0.576797 -0.0894807  0.0117853   0.0229589 -0.00272428 -0.00640918  0.0180082  0.0255232 0.00515481 -0.00971148   0.0557369    -9.80884 
             36.8002 -1.31784  15.2417 -8.49331   20.4521 -0.806051 0.0264691 -0.0536097  0.0800563  0.0162886 -0.00837999  -0.0229447    0.045835     0.51376  -0.0845628 -0.00708158   0.0229647 -0.00279177 -0.00642133  0.0172361  0.0249539 0.00570886 -0.00921674   0.0553623    -9.80884 
             36.9002 -1.21362   16.179 -8.75186    20.498 -0.816166 0.0289691 -0.0532167   0.076996  0.0145194 -0.00840164  -0.0229479   0.0457752   0.441418 -0.0717792 0.00537194   0.0229946 -0.00273091 -0.00646309  0.0174789  0.0253772 0.00548301 -0.00973401    0.055552    -9.80884 
             37.0001 -1.19291  16.7896 -8.87341   20.5345 -0.822244 0.0312533 -0.0535644  0.0739029  0.0168969 -0.00843218  -0.0229311   0.0457179    0.33992 -0.0635525  0.0095386   0.0230163 -0.00277335 -0.00644615  0.0180543  0.0258407 0.00530894 -0.0100179  0.0559643   -9.80884 
             37.1003 -1.12569  16.7537 -8.40169   20.5735 -0.825733 0.0301559 -0.0536557  0.0791366  0.0181712 -0.00840448  -0.0230052    0.045694   0.342177 -0.0368354 0.00961481   0.0230003 -0.00272042 -0.00646564  0.0173594  0.0251071 0.00549747 -0.00933388   0.0554091    -9.80884 
             37.2002 -1.16196  17.4775 -6.20904   20.6043 -0.829357 0.0304549 -0.0538463  0.0791151  0.0156178 -0.00848225  -0.0229248   0.0456722    0.314156 -0.00646393 -0.00228583   0.0230459 -0.00274767 -0.00650187  0.0172794  0.0253248 0.00549839 -0.0096083  0.0555907   -9.80884 
             37.3001 -1.19952  18.5219 -2.75756   20.6323 -0.831084 0.0353682 -0.0527529  0.0726174  0.0117643 -0.00864796    -0.02264   0.0455939   0.309738   0.024378 0.00994635   0.0231089 -0.00275738 -0.00660646  0.0182661   0.026031 0.00524572 -0.0102414   0.056017   -9.80883 
                37.4 -0.991686   19.3553   1.05058   20.6627 -0.826212 0.0279499 -0.0545673  0.0815109  0.0146829 -0.00855606  -0.0225507     0.04562    0.336709   0.0481633 -0.00653532   0.0229877 -0.00278072 -0.00659259  0.0169962  0.0257636 0.00569263 -0.0099857   0.056049   -9.80883 
             37.5001 -0.972268   19.5949   4.92661   20.7001 -0.821651 0.0304917  -0.05371 0.0786882 0.0119847 -0.00864251  -0.0226557   0.0455754  0.388529  0.070887 0.0030564   0.0229964 -0.00275158 -0.00657712  0.0173221  0.0258607 0.00550375 -0.0100201  0.0559635   -9.80884 
                37.6 -1.25759  19.4895  8.87886   20.7416 -0.816506 0.0266053 -0.0518762  0.0823839 0.00791138 -0.00883733  -0.0225645   0.0454872   0.453244   0.098252 -0.0100078   0.0232018 -0.00274028  -0.0065623   0.016655  0.0260183 0.00575825 -0.0100192   0.055647   -9.80884 
             37.7003 -1.07564  19.5034   12.053   20.7871 -0.801957 0.0248374 -0.0518918  0.0822634  0.0112047 -0.00874673  -0.0225485   0.0455737   0.503313   0.125214 -0.0041382   0.0231514 -0.00278165 -0.00660887  0.0165569   0.025716 0.00579859 -0.0104102  0.0555718   -9.80884 
             37.8002 -1.15007  19.3727  13.3028   20.8372 -0.788557 0.0280926 -0.0508907  0.0815887  0.0106982 -0.00874264  -0.0226466   0.0456168   0.550225   0.140611 0.00328221   0.0231761 -0.00276204 -0.00652581  0.0170131  0.0254933 0.00560025 -0.0104367  0.0552304   -9.80884 
             37.8999 -1.22057  18.4969  12.9109   20.8949 -0.776782 0.0277401 -0.0507287  0.0825451 0.00988915 -0.0086553 -0.0226473  0.0456504   0.608417   0.131042 0.00994278   0.0231399 -0.00272805  -0.0064325  0.0171458  0.0255574 0.00574203 -0.0101247  0.0550943   -9.80884 
                  38 -1.28756  17.5968  12.1096   20.9602 -0.762436  0.031603 -0.0520129   0.082082 0.00899376 -0.00862948  -0.0224764   0.0455972  0.649777  0.140252 0.0105621   0.0231679 -0.00273152 -0.00644871  0.0172047  0.0259724 0.00543902 -0.00996313   0.0557943    -9.80884 
             38.1002 -1.20803  16.7287  11.2746   21.0235 -0.750388 0.0283075 -0.0496898  0.0830656  0.0115994 -0.00863781   -0.022779   0.0456882    0.694737    0.138455 -0.00263725    0.023076 -0.00274717 -0.00644738 0.0174186 0.0251314  0.005867 -0.00997937   0.0543362    -9.80884 
             38.2012 -1.16239    15.95  10.6344   21.0888 -0.738444  0.027748 -0.0471549   0.084573   0.015233 -0.00860284  -0.0229719   0.0457511   0.694535   0.150279 0.00169961   0.0230609 -0.00272593 -0.00641973  0.0178848   0.024411 0.00608071 -0.00969956   0.0528751    -9.80885 
             38.3003 -1.22933  15.8862  10.2321   21.1572  -0.72659 0.0253324 -0.045175 0.0848422 0.0185802 -0.00859088  -0.0230563   0.0457302    0.716725    0.111865 0.000327135   0.0230736 -0.00277793 -0.00644156  0.0182091  0.0236253 0.00639672 -0.00968392    0.051531    -9.80886 
             38.4002 -1.26374  16.3271  9.80199   21.2303 -0.717344 0.0267509 -0.0457738  0.0882175  0.0201145 -0.00856164  -0.0230551   0.0457424    0.737709    0.126595 -0.00184181   0.0231127 -0.00281323  -0.0064208  0.0186696  0.0239818 0.00635564 -0.00864183   0.0515997    -9.80886 
             38.5001 -1.11398  16.6023  9.76973   21.3094 -0.704524 0.0281795 -0.0491249  0.0883153  0.0153121 -0.00859948  -0.0231065   0.0458605     0.760569     0.116372 -0.000879787    0.023063 -0.00280101 -0.00645422  0.0182811  0.0250279 0.00609792 -0.00845147   0.0534304    -9.80885 
                38.6 -1.25019  16.7365  9.62245   21.3845 -0.696222 0.0273698 -0.0496076  0.0922462  0.0185002 -0.00862899    -0.02309   0.0458194    0.753056    0.127471 -0.00409828   0.0231678 -0.00282234 -0.00646249  0.0190518  0.0250326 0.00641539 -0.00710396    0.052874    -9.80885 
             38.7002 -1.18901  16.6915  9.26031   21.4578 -0.682329 0.0256173 -0.0480172  0.0894885  0.0190808 -0.00858998  -0.0230608   0.0458164    0.748093    0.101992 -0.00231013   0.0230793 -0.00281072 -0.00641644  0.0188075   0.024417 0.00646788 -0.00804054   0.0522708    -9.80886 
             38.8004 -1.17998  16.1725  8.91415   21.5308 -0.670181 0.0228642 -0.0475185  0.0874488  0.0194854 -0.00857181  -0.0230457   0.0458283   0.749103  0.0944861 -0.0163155   0.0230913 -0.00282042 -0.00644696  0.0185814  0.0239422 0.00661487 -0.00871155   0.0519178    -9.80886 
                38.9 -0.983929   15.4406   8.61338   21.6044 -0.663561 0.0230585 -0.0465057  0.0891245  0.0205032 -0.0085845 -0.0230382  0.0458478    0.732713   0.0912306 -0.00667385   0.0230438 -0.00281851 -0.00642752  0.0189409  0.0240539 0.00653243 -0.00821337   0.0516133    -9.80886 
             39.0001 -0.790052   14.5784    8.4984   21.6739 -0.656293 0.0235539 -0.0447793  0.0908031  0.0226328 -0.00861133  -0.0230152   0.0458995    0.697761    0.102823 -0.00115246   0.0230634 -0.00278336 -0.00641804 0.0194136 0.0239439 0.0065504 -0.00774349    0.050894    -9.80886 
             39.1012 -0.612856   13.9149   8.06508   21.7388 -0.646128 0.0253587 -0.0424049  0.0901249  0.0253566 -0.0086017 -0.0229981   0.045944    0.653039   0.0949975 -0.00338677    0.023039  -0.0028388 -0.00641699  0.0195936  0.0236136 0.00638441 -0.00807806   0.0501392    -9.80887 
             39.2003 -0.586461   13.2885   7.03518   21.8007 -0.638675 0.0277957 -0.0406092  0.0904652  0.0268371 -0.00859906  -0.0230178   0.0459651  0.633544 0.0759673 0.0223838   0.0230361 -0.00277391 -0.00639898  0.0198691  0.0234374 0.00625834 -0.00806659   0.0495425    -9.80887 
             39.3002 -0.61344   13.195  6.22737   21.8617 -0.636601 0.0320692 -0.0397295  0.0927287  0.0273595 -0.00858059  -0.0230336   0.0459502  0.604514 0.0405206 0.0242871    0.023107 -0.00278559 -0.00638662   0.020394  0.0235771 0.00623637 -0.00733643   0.0491256    -9.80887 
             39.4001 -0.414677    14.023   5.88163   21.921 -0.63034 0.037545 -0.0387689  0.0924451  0.0276732 -0.00861618  -0.0230307   0.0459221  0.590262 0.0724717 0.0271375   0.0230957 -0.00284663 -0.00642616 0.0203645 0.0236393 0.0059259 -0.00753837   0.0490805    -9.80887 
                39.5 -0.349127   14.7863    5.4586   21.9863 -0.627417 0.0406923 -0.0424937  0.0936205  0.0253086 -0.00865979  -0.0230745   0.0461118  0.577867  0.044894 0.0243752   0.0230972 -0.00278866 -0.00643659  0.0204209  0.0245904 0.00594065 -0.00655011   0.0503253    -9.80887 
             39.6002 -0.422088   15.5536   4.54912   22.0481 -0.623182 0.0409365 -0.044566 0.0927979 0.0238157 -0.00864712  -0.0230716   0.0462342   0.58204  0.026444 0.0232532   0.0230955 -0.00281278 -0.00640392  0.0201713  0.0249195 0.00609673 -0.00642927   0.0510965    -9.80886 
             39.7001 -0.406027   15.5117   3.62335   22.1015 -0.618641 0.0410764 -0.0431182  0.0917297   0.024701 -0.00863366  -0.0230755   0.0462225  0.562728 0.0156891 0.0220989   0.0231054 -0.00277558 -0.00644642  0.0201312  0.0244222 0.00619773 -0.00698225   0.0506261    -9.80887 
             39.8002 -0.240801   15.3061   2.42442   22.1493 -0.615103 0.0391664 -0.0413353   0.091381  0.0276889 -0.00863827  -0.0231191   0.0462632   0.531682  0.0110304 0.00692105   0.0230296 -0.00276763 -0.00639613  0.0203726  0.0237117 0.00649623 -0.00744776   0.0497128    -9.80887 
             39.9003 -0.285344   15.2352   1.03281   22.1999 -0.618624 0.0453099 -0.039841 0.0919769 0.0294953 -0.00862019  -0.0231625   0.0463122   0.528757 -0.0137451   0.012096   0.0230606  -0.0027983 -0.00634596  0.0207926  0.0238155 0.00613949 -0.00739848   0.0492405    -9.80887 
                  40 -0.0785416    15.4448  0.0106129   22.2536 -0.623813  0.041588 -0.0410732  0.0932024   0.028354 -0.00861444  -0.0231618   0.0463093  0.533534 -0.032515 0.0123717    0.023019 -0.00278207 -0.00637618  0.0208182  0.0238665 0.00659524 -0.00693496   0.0492235    -9.80887 
             40.0999 0.0178389   15.8947 -0.708545   22.3032 -0.626191 0.0374492 -0.041563 0.0934351 0.0299882 -0.00861087  -0.0231571   0.0463053    0.541272  -0.0238354 -0.00188574   0.0230379 -0.00282004 -0.00638194  0.0209699  0.0235365 0.00702856 -0.0070216   0.048939   -9.80888 
             40.2002 0.0358715   16.4485 -0.902911   22.3648 -0.623836 0.0344059 -0.0421684  0.0923187  0.0273367 -0.00857932  -0.0232369   0.0463489    0.582846  0.00298773 -0.00335831   0.0230993  -0.0028308 -0.00644624  0.0205012   0.023396 0.00714728 -0.00706244   0.0493822    -9.80887 
             40.3004  0.104501   17.1547 -0.794476   22.4193 -0.628431  0.029611 -0.0427973  0.0930594  0.0287924 -0.00861598  -0.0231603    0.046304   0.586454 -0.0101002 -0.0106986   0.0230703 -0.00282409 -0.00640332   0.020766  0.0234337 0.00754127 -0.00700719   0.0490826    -9.80887 
                40.4  0.153593   17.7471 -0.459218   22.4701 -0.630231 0.0263916 -0.04241 0.093896 0.029757 -0.00861545   -0.022948   0.0462275    0.607358 -0.00209932  -0.0159164   0.0230427 -0.00286554 -0.00640295  0.0212828  0.0233408 0.00777452 -0.00724929    0.048795    -9.80888 
             40.5003  0.134112    17.675 0.0885529   22.5313 -0.633478 0.0289841 -0.0426095   0.094536    0.03003 -0.00868404  -0.0229495   0.0462082    0.62739 0.00132604 -0.0158269   0.0230703 -0.00284767 -0.00640758  0.0213824  0.0235705 0.00746135 -0.00712675   0.0486886    -9.80888 
             40.6001 0.163776  17.1429 0.377081   22.5996 -0.632506 0.0262476 -0.042909 0.0941222 0.0308199 -0.00867177  -0.0230051   0.0461463     0.6647 0.00723986 -0.0105206   0.0229835  -0.0028121 -0.00638122 0.0211268 0.0235607 0.0075638 -0.00705177   0.0487531    -9.80888 
             40.7003 0.0575487   16.7085  0.661381   22.6697 -0.627877 0.0345124 -0.0431479  0.0943003  0.0304684 -0.00855776  -0.0230383   0.0461655   0.685551 0.00681117   0.014452  0.0230078 -0.0028143 -0.0064293  0.0212019  0.0232741 0.00693574 -0.00693539   0.0489181    -9.80888 
             40.8003 -0.00292359     16.0424    0.965746   22.7374 -0.623651 0.0354336 -0.0426962  0.0943883  0.0299651 -0.00854898  -0.0230275    0.046207  0.699068 0.0162562 0.0135381   0.0230525  -0.0028051 -0.00646425 0.0212818 0.0231555 0.0069525 -0.00701106    0.048951    -9.80888 
             40.9004 0.0038283   15.0886   1.23006   22.8116 -0.621384 0.0409146 -0.0434625   0.094315  0.0304196 -0.00847684  -0.0230435   0.0461471  0.719441 0.0120205 0.0209791   0.0230034 -0.00274329 -0.00647945   0.021177  0.0230942 0.00657403 -0.0068368  0.0490552   -9.80887 
             41.0003 0.172564  14.3544  1.35368   22.8818 -0.620366 0.0451779 -0.0434537  0.0946475  0.0302473 -0.00846359  -0.0230478    0.046169  0.709158 0.0133689  0.028761   0.0229206 -0.00273121  -0.0064318 0.0212762  0.023066 0.0064402 -0.00684216   0.0490134    -9.80888 
             41.1001  0.3285 13.8053 1.72697   22.9522 -0.621984 0.0465348 -0.0437364  0.0947187  0.0308043 -0.00847673  -0.0230505   0.0461739  0.696473 0.0081092 0.0203857 0.0229174 -0.002754 -0.006452  0.0213081   0.023203 0.00653554 -0.00680023   0.0489379    -9.80888 
             41.2013 0.471336  13.5244  2.07752   23.0201 -0.623052 0.0414841 -0.0435304  0.0938313  0.0311726 -0.00850451   -0.023057    0.046178   0.692284 0.00655401 0.00982371   0.0228794 -0.00278454 -0.00642436 0.0213738 0.0233106 0.0070409 -0.00684828   0.0488883    -9.80888 
             41.3003 0.408423    13.16  2.48604    23.089 -0.619866 0.0419761 -0.0433909    0.09373  0.0308712 -0.00850368  -0.0230564   0.0461781  0.687057 0.0425587 0.0142468   0.0230037 -0.00277675  -0.0064804  0.0213597  0.0232738 0.00704323 -0.00687693   0.0489088    -9.80888 
             41.3999 0.33145 13.1689 2.54909   23.1567 -0.619062 0.0389765 -0.0435618  0.0930853  0.0321465 -0.00849572   -0.023057     0.04618   0.670532  0.0237289 0.00586015   0.0229924 -0.00278112 -0.00642374  0.0215288  0.0234635 0.00742512 -0.00676623   0.0488255    -9.80888 
             41.5001 0.216657  13.6531  2.22756   23.2158  -0.61728 0.0393307 -0.0423892  0.0936214  0.0307658 -0.00848063  -0.0230988   0.0460754   0.626029  0.0388307 0.00873141   0.0229584 -0.00281257 -0.00639499  0.0218229  0.0232781 0.00751202 -0.00692982   0.0484964    -9.80888 
                41.6 0.0656847     13.95   1.72407   23.2716 -0.622102 0.0377825 -0.0420978  0.0943814  0.0322122 -0.00841355   -0.023169   0.0459696   0.600467  -0.012059 0.00505201   0.0229513   -0.002888 -0.00636311  0.0223465   0.023343 0.00780556 -0.0068476  0.0479975   -9.80888 
             41.7002 -0.247842   14.1571   1.25551   23.3249 -0.629336 0.0284901 -0.0418243  0.0935705  0.0350175 -0.00829689  -0.0232086   0.0459034     0.57974 -0.00968793  -0.0166541   0.0231012 -0.00291555  -0.0063409  0.0231403  0.0236003 0.00866855 -0.00654617   0.0475099    -9.80888 
             41.8004 -0.39995  14.1377 0.839148     23.38 -0.635378 0.0287886 -0.0425173  0.0946248    0.03669 -0.00827923  -0.0232254   0.0458923   0.551937 -0.0337863 -0.0133929   0.0231348 -0.00289959 -0.00628944  0.0232216  0.0236965 0.00854299 -0.00644895   0.0473519    -9.80888 
             41.9002 0.0492114   14.0966  0.487955   23.4378   -0.6356 0.0303899 -0.0427497  0.0944462  0.0351303 -0.00830582  -0.0231955   0.0458845   0.500317 -0.0507478 -0.0188766   0.0228422 -0.00289398 -0.00627505  0.0227855  0.0236543 0.00823082 -0.00651948   0.0476812    -9.80888 
             42.0002 0.0324502   13.4921  0.340236   23.4899 -0.631154 0.0306548 -0.0415939   0.093577  0.0320904 -0.00832678  -0.0231904   0.0458545   0.528895 -0.0159251 -0.0109927   0.0228833 -0.00280264 -0.00636493  0.0225169   0.023271 0.00809917 -0.00687875   0.0479161    -9.80888 
             42.1005 -0.182454   13.5211  0.222855   23.5395 -0.631873 0.0306045 -0.0415611   0.093463  0.0314139 -0.00832473  -0.0231945    0.045848    0.459353  -0.0269426 -0.00238382   0.0230303 -0.00283499 -0.00631858   0.022369  0.0232363 0.00799745 -0.00691179   0.0480196    -9.80888 
             42.1995 0.0250024   14.5573  0.530283   23.5855 -0.633103  0.036867 -0.0413223  0.0938183  0.0310867 -0.0083524 -0.0231897  0.0458486   0.413786 -0.0192732 0.00278843   0.0229417 -0.00289225 -0.00635058  0.0221505  0.0232342 0.00749095 -0.0070898  0.0480762   -9.80888 
             42.3001 0.168682  15.4756 0.798561   23.6221 -0.647129 0.0390195 -0.0419693  0.0950758  0.0329987 -0.00841711    -0.02316   0.0457981   0.366639  -0.038682 0.00721007   0.0228727 -0.00287714 -0.00626184   0.022479  0.0237104 0.00744451 -0.00685177   0.0477168    -9.80888 
             42.4002 -0.187576   15.8703   1.33694   23.6495 -0.641442 0.0414743 -0.0411878  0.0944404  0.0342547 -0.00836337  -0.0230828   0.0457638    0.304107 -0.00407693   0.0106317   0.0231465 -0.00281372 -0.00634921  0.0227128   0.023277 0.00737093 -0.00731375   0.0476852    -9.80888 
             42.5003 -0.084903   16.2513   1.58145    23.678 -0.635634 0.0378915 -0.041499  0.094551 0.0360904 -0.00830745  -0.0230809    0.045777     0.269942  0.000746081 -0.000683292     0.02304 -0.00285596 -0.00636875 0.0225535 0.0229812 0.0076393 -0.00737119   0.0478425    -9.80888 
             42.6002 0.0133452   16.2756    1.2163   23.7021 -0.633208 0.0428113 -0.0414891   0.093258  0.0368023 -0.0083067 -0.0230806  0.0457834   0.230618 0.00625438 0.00714333   0.0229184 -0.00284385  -0.0062664  0.0227337  0.0228726 0.00735302 -0.00760117   0.0478567    -9.80888 
             42.7004 -0.104199   16.1268   1.05715   23.7211 -0.625411 0.0471471 -0.0423214  0.0916671  0.0412698 -0.00830589  -0.0230789   0.0458002  0.190929  0.018169 0.0165667    0.022983 -0.00281109 -0.00634057  0.0228765  0.0225172 0.00715324 -0.0079459  0.0479855   -9.80888 
             42.8003 -0.339212   16.0434  0.789978   23.7382 -0.622011 0.0433441 -0.0425404  0.0935248  0.0425309 -0.00832603  -0.0230712   0.0457974   0.157847  0.0254846 0.00771543     0.02312 -0.00282923 -0.00637812  0.0226066  0.0224482 0.00743294 -0.00785894   0.0480004    -9.80888 
             42.9002 -0.330545   16.0627  0.369003   23.7536 -0.620765 0.0418575 -0.0423326  0.0945764  0.0413782 -0.00832655  -0.0230652   0.0457893    0.13444  0.0222357 0.00448543   0.0230889 -0.00282398 -0.00630432  0.0224344  0.0225264 0.00754363 -0.00774166   0.0479875    -9.80888 
             43.0001 -0.402422   16.2101  0.229705   23.7652 -0.623596 0.0438116 -0.0411153  0.0943977  0.0364346 -0.00830953  -0.0230734   0.0457913   0.103745  0.0187449 0.00837107   0.0231405 -0.00282316 -0.00635118  0.0226433  0.0227668 0.00750046 -0.00763166   0.0478256    -9.80888 
             43.1003 -0.281761   16.4999  0.103453    23.769 -0.625122  0.046776 -0.0400192  0.0939489  0.0337286 -0.00830868  -0.0230843    0.045793 0.0664885 0.0127524  0.011719   0.0230664 -0.00284317  -0.0063562  0.0231187  0.0228381 0.00747784 -0.00771238   0.0475871    -9.80888 
             43.2002 -0.390707   16.8059 -0.107655   23.7805 -0.625104 0.0438992 -0.0401308  0.0954461  0.0322509 -0.00830546  -0.0230799   0.0458092   0.058578  0.0132362 0.00400404   0.0231165 -0.00285437 -0.00630528  0.0225435  0.0229602 0.00758173 -0.00747972   0.0477009    -9.80888 
             43.3012 0.0503746   16.9583 -0.286095    23.787 -0.624255 0.0455654 -0.0402521  0.0948414  0.0323041 -0.0083035 -0.0230769  0.0458114  0.0405352  0.0054518 0.00557142   0.0228524 -0.00282925 -0.00631668  0.0225438   0.022973 0.00750981 -0.0074601  0.0477457   -9.80888 
                43.4 -0.0296987    17.0695   -0.42344   23.7889 -0.620545 0.0451195 -0.0407916  0.0951681  0.0349034 -0.0083051 -0.0230759  0.0458064  0.0225586  0.0108553 0.00398385   0.0229064 -0.00285073 -0.00632668  0.0225057  0.0228261 0.00756315 -0.00753708   0.0477928    -9.80888 
             43.5002 -0.171787    16.965 -0.508026   23.7917 -0.614441 0.0437689 -0.0417582  0.0956302  0.0387092 -0.00830268  -0.0230753   0.0458055   0.0146974   0.0221918 0.000680032    0.022995 -0.00283123 -0.00633758   0.022269   0.022617 0.00761323 -0.00756642   0.0479236    -9.80888 
                43.6 -0.138493   16.6753  -0.34478   23.7915 -0.612112 0.0463328 -0.0417276  0.0946299  0.0389287 -0.00829994  -0.0230697    0.045813 0.00199229  0.0211692 0.00515033   0.0229676 -0.00274673 -0.00630991  0.0225177   0.022618 0.00752567 -0.00761299   0.0479185    -9.80888 
             43.7002   -0.235203     16.5842 0.000827475  23.7891 -0.61173  0.05367 -0.0412552  0.0920884   0.037846 -0.00829997  -0.0230532    0.045823 -0.00925985   0.0185645   0.0170211   0.0230289 -0.00278251 -0.00631902  0.0231881  0.0227239 0.00727603 -0.0076826  0.0478577   -9.80888 
             43.8012 -0.195348   16.4622  0.253048    23.786 -0.615882 0.0525795 -0.040361 0.0934633 0.0340657 -0.00833209  -0.0230439   0.0458187 -0.0168083 0.00760283  0.0126826   0.0230108 -0.00276638 -0.00633151   0.023111  0.0229545 0.00741982 -0.00766224   0.0476924    -9.80888 
             43.9001 -0.0251786    16.5457   0.241779   23.7883 -0.615934  0.048536 -0.0404417  0.0950323  0.0334306 -0.00833418  -0.0230557   0.0458171 -0.00629339  0.00357578  0.00303662   0.0229044 -0.00281957 -0.00631193   0.022545   0.022957 0.00759849 -0.0075656  0.0477142   -9.80888 
                  44 -0.16124  16.6935 0.222009    23.787 -0.616962 0.0483862 -0.0402841  0.0952522  0.0327061 -0.00833657  -0.0230566   0.0458139 -0.00759466  0.00204925   0.0017939   0.0229885 -0.00282754 -0.00629467  0.0225539  0.0230169 0.00762468 -0.007567 0.0476731  -9.80888 
             44.1002 -0.342123   16.8376   0.16728    23.778  -0.61715 0.0480626 -0.0401527  0.0958678  0.0329701 -0.00833751   -0.023063   0.0457861 -0.0270557 0.00290975 0.00122919   0.0230944 -0.00285543 -0.00628061  0.0229153  0.0230138 0.00774115 -0.00774124   0.0475669    -9.80888 
             44.2001 -0.176742   16.8323  0.427097   23.7765 -0.628214 0.0458075 -0.0394105  0.0968463   0.028543 -0.00834956   -0.023072   0.0457828  -0.0222995  -0.0195956 -0.00192588   0.0230046 -0.00282096 -0.00628415  0.0228126  0.0234964 0.00785452 -0.00761443   0.0473138    -9.80888 
             44.3003 -0.0624723    17.0547   0.586678    23.776 -0.623484 0.0426474 -0.0399103  0.0969835  0.0306795 -0.00833775  -0.0230703   0.0457868 -0.00904838 -0.00692573 -0.00786999   0.0229654 -0.00287192 -0.00637185   0.022528  0.0231942 0.00797422 -0.00768825    0.047498    -9.80888 
             44.4003 -0.125543   17.0066  0.477416   23.7717 -0.624746 0.0404641 -0.0398101  0.0974104  0.0307284 -0.00833858  -0.0230748   0.0457847  -0.0130597 -0.00982942 -0.00980985   0.0229751 -0.00284723 -0.00626986  0.0226343  0.0231885 0.00808591 -0.00776901   0.0474265    -9.80888 
             44.5001 -0.248618   17.0769  0.609997   23.7758 -0.620253 0.0377352 -0.0402646  0.0971476  0.0318607 -0.00833478  -0.0230706   0.0457919 0.00800886 0.00381971 -0.0134625   0.0230617 -0.00287486 -0.00630588  0.0222444  0.0229985 0.00809974 -0.00775306   0.0476447    -9.80888 
             44.6002 -0.121463   17.1482  0.580923   23.7811 -0.622827 0.0354871 -0.0403379  0.0972018  0.0308314 -0.00833066   -0.023069   0.0457942   0.0281969 -0.00240656  -0.0156124    0.022971  -0.0029242 -0.00624838  0.0220314  0.0231502 0.00809724 -0.00763055    0.047664    -9.80888 
             44.7002 -0.346176   17.1115  0.684882   23.7856 -0.616387 0.0330547 -0.0406522   0.096884  0.0323729 -0.00832999  -0.0230645   0.0457995  0.0389545  0.0151625 -0.0173078   0.0231295 -0.00287396 -0.00632404  0.0218429  0.0228906 0.00810771 -0.00772099   0.0478402    -9.80888 
             44.7999 -0.0902928    17.2135    0.57565   23.7896 -0.615533 0.0396924 -0.0404232  0.0961241  0.0323548 -0.00833312  -0.0230623   0.0458015   0.0429959  0.00865407 -0.00266626   0.0229592 -0.00288342 -0.00627055  0.0222442  0.0229316 0.00769278 -0.00762576   0.0478223    -9.80888 
             44.9003 0.0579511   17.2823   0.57358   23.7911  -0.61498 0.0405739 -0.0402309  0.0961755  0.0325712 -0.00833601  -0.0230655   0.0458015   0.0456657  0.00341188 -0.00083248   0.0228749  -0.0028699 -0.00627377  0.0224635  0.0229021 0.00767855 -0.00768151   0.0477436    -9.80888 
             45.0002 -0.018518   17.4163  0.414716   23.7886 -0.612953 0.0458796 -0.0398269  0.0959623  0.0334868 -0.00834525  -0.0230769   0.0457923  0.0297791 0.00307371 0.00947058   0.0229236 -0.00288175 -0.00626624  0.0230476  0.0227753 0.00750061 -0.00779449   0.0476149    -9.80888 
             45.1001 -0.0307869    17.5203   0.454382    23.793 -0.613816 0.0469913 -0.0398352   0.095963  0.0330314 -0.00834404  -0.0230775   0.0457936   0.0329333 -0.00110324  0.00970665   0.0229568 -0.00286166 -0.00632078  0.0230068  0.0228479 0.00747628 -0.00773651    0.047617    -9.80888 
             45.2003 0.00638031    17.5669   0.292726   23.7982 -0.609565 0.0413096 -0.0403158  0.0963107  0.0343859 -0.00834372  -0.0230726   0.0457935   0.0415181  0.00876188 -0.00224737   0.0229172 -0.00289788 -0.00627338   0.022528  0.0226417 0.00777708 -0.00788549   0.0477578    -9.80888 
             45.3002 -0.0529412    17.3615   0.435639   23.7999  -0.60957 0.0398798 -0.0401595    0.09658   0.034238 -0.00834808  -0.0230696   0.0457985   0.0371567  0.00564597 -0.00471807    0.022964 -0.00283785 -0.00630517  0.0226026  0.0226475 0.00786858 -0.00793903   0.0476859    -9.80888 
             45.4004 0.0993314   17.2875  0.518304   23.8007 -0.608795 0.0437276 -0.0399272  0.0960747   0.034602 -0.00834958  -0.0230614   0.0458076    0.0288028 -0.000415097   0.00248571   0.0228629 -0.00287135 -0.00629637   0.022977   0.022609 0.00769927 -0.00795342   0.0476317    -9.80888 
             45.5002 -0.194023   17.0747  0.854464   23.8056 -0.611832 0.0474547 -0.0396832  0.0956883  0.0329992 -0.00835162  -0.0230745   0.0457946   0.0278415 -0.00600635  0.00905719   0.0230524 -0.00280123 -0.00633351   0.023111  0.0227937 0.00751723 -0.00779155   0.0475994    -9.80888 
             45.6005 -0.0185293    17.2811    1.23601   23.8081 -0.612656 0.0478167 -0.0396374  0.0958021  0.0329953 -0.00835275  -0.0230708   0.0457941   0.0301406 -0.00690599  0.00812937  0.0229754 -0.0029126 -0.0064252 0.0231189 0.0227886 0.0075517 -0.0078125  0.0475804   -9.80888 
             45.7001 -0.0837111    17.1956    1.38785   23.8106 -0.611366 0.0405663 -0.0399945  0.0970524  0.0339415 -0.00834876  -0.0230673   0.0457971   0.0326607 -0.00357436 -0.00651939   0.0229982 -0.00288489 -0.00637243  0.0226316  0.0226702 0.00792869 -0.00797456   0.0476292    -9.80888 
             45.8003 -0.0757633    17.1923    1.57666   23.8121 -0.609383 0.0344433 -0.0402273  0.0979392   0.035127 -0.00834521  -0.0230608   0.0457987    0.0277198 -0.000408862   -0.0160827   0.0229684 -0.00289606  -0.0062961  0.0223527  0.0225278 0.00820528 -0.00814238   0.0476438    -9.80888 
             45.9002 -0.0528896    17.1978    1.91364   23.8136 -0.608583  0.037015 -0.0401077   0.097158  0.0356945 -0.00834428  -0.0230564   0.0457981   0.0277969 -0.00228588 -0.00868705    0.022964 -0.00287429 -0.00631851  0.0226651  0.0224738 0.00802563 -0.00814375   0.0476117    -9.80888 
             46.0001 0.0131578   17.2205    2.2432   23.8188 -0.610689 0.0364596 -0.0401313  0.0971677  0.0346945 -0.00834756  -0.0230633   0.0457997   0.0341448   -0.010417 -0.00879188   0.0229486 -0.00290818 -0.00637138  0.0225988  0.0225964 0.00798472 -0.00803501   0.0476534    -9.80888 
             46.0998 -0.151376   17.1631   2.10497   23.8259 -0.612313 0.0358434 -0.0404116  0.0970234  0.0340928 -0.00834574  -0.0230583   0.0458001   0.0423208  -0.0065179 -0.00866897   0.0230339 -0.00286188 -0.00632383  0.0224375  0.0227025 0.00792353 -0.00792991   0.0477828    -9.80888 
             46.2002 0.249429  17.1336   2.1315   23.8334  -0.61179 0.0382293 -0.0408945  0.0960603  0.0348258 -0.0083462 -0.0230445  0.0457953   0.0443136  -0.0166917 -0.00344477   0.0228049 -0.00282139 -0.00634417  0.0224025  0.0226854 0.00772023 -0.0079001   0.047975   -9.80888 
             46.3012 -0.0158417    17.3389    2.05535   23.8375 -0.608599  0.027216 -0.0414645  0.0974664   0.036796 -0.00834764  -0.0230374      0.0458   0.0546475 -0.00423574  -0.0210414   0.0229496 -0.00295284 -0.00628875  0.0217309  0.0224289 0.00819659 -0.00823172   0.0480563    -9.80888 
             46.4002 0.107708  17.2997  1.99659   23.8407 -0.613731 0.0273018 -0.040786 0.0976746 0.0350781 -0.00834097  -0.0230466   0.0458023  0.0491079 -0.0191744 -0.0185045   0.0228861 -0.00291413 -0.00632339  0.0220545  0.0225836 0.00814266 -0.00806183   0.0478615    -9.80888 
             46.5002 -0.174827   17.2004   1.90364   23.8371 -0.613264  0.032256 -0.0397635  0.0965706  0.0367888 -0.00835273  -0.0230674   0.0458099   0.0230678  -0.0138059 -0.00602213   0.0230471 -0.00292714 -0.00629738  0.022836 0.0222952  0.007934 -0.00825008   0.0474698    -9.80888 
             46.5998 0.0837564   17.2191   1.76624    23.839 -0.612221 0.0314479 -0.0398939  0.0963003  0.0381414 -0.00835897  -0.0230681   0.0458066   0.0295096  -0.0148342 -0.00550078   0.0228927 -0.00295798 -0.00628891  0.0228137  0.0221354 0.00794524 -0.00840277   0.0474775    -9.80888 
             46.7002 -0.177353   17.0061    1.5617   23.8393 -0.613009 0.0312702 -0.0396592  0.0962667  0.0384709 -0.00836201   -0.023072   0.0458118   0.0239771  -0.0125243 -0.00532633   0.0230347 -0.00287127 -0.00624636 0.0229388 0.0220683 0.0079503 -0.00845685   0.0473813    -9.80888 
             46.8002 -0.324816    16.969    1.5552   23.8389 -0.609353 0.0335023 -0.0396542  0.0953156  0.0406226 -0.0083676   -0.02307  0.0458215    0.0123296  0.000163913 -0.000319923    0.023139 -0.00294571 -0.00630759  0.0231218  0.0218108 0.00782993 -0.00868012   0.0473504    -9.80888 
             46.9001 -0.284818   16.8728    1.6165   23.8404 -0.608168 0.0349118 -0.0397026  0.0949368  0.0410857 -0.00836677  -0.0230694   0.0458227  0.0172765 0.00417237 0.00259191   0.0231116  -0.0028974 -0.00628149  0.0231773  0.0217644 0.00775876 -0.00871487   0.0473701    -9.80888 
             46.9998 -0.24938   16.816  1.88369   23.8406 -0.614584 0.0340019 -0.0390492  0.0960522  0.0386841 -0.00838655  -0.0230642   0.0458188    0.012667 -0.00722377 0.000590469   0.0231065 -0.00290022 -0.00631851  0.0233457  0.0220258 0.00786579 -0.00847052   0.0471533    -9.80888 
             47.1002 -0.268411   16.8425    2.0511   23.8449 -0.620708 0.0270135 -0.0391983  0.0976915  0.0364666 -0.00839785   -0.023082   0.0458182   0.020823 -0.0160824 -0.0119774   0.0231161 -0.00292798 -0.00630403  0.0229493  0.0223005 0.00818814 -0.00825557   0.0471788    -9.80888 
             47.2004 -0.089164   17.0105   2.23752   23.8444 -0.619304 0.0314451 -0.0388976  0.0966145  0.0378534 -0.00839411  -0.0230631   0.0458062   0.0206129   -0.012836 -0.00224036   0.0230178 -0.00298327 -0.00631072  0.0233223   0.022108 0.00794445 -0.0083978  0.0470976   -9.80888 
             47.3002 0.0145427   16.9507    1.9662   23.8463 -0.614555 0.0315191 -0.0392763  0.0957981  0.0398771 -0.00839012  -0.0230584   0.0457976   0.0204773 -0.00461876 -0.00214819   0.0229478 -0.00289239 -0.00627118  0.0231941  0.0218283 0.00789669 -0.00864772   0.0472377    -9.80888 
             47.4002 -0.0696432    17.1283    1.86658   23.8504 -0.612571 0.0291982 -0.0396904  0.0956748  0.0404335 -0.00838806  -0.0230531   0.0458041    0.0256474 -0.000272046   -0.0065684   0.0230201   -0.002916 -0.00632986  0.0229267  0.0217653 0.00795668 -0.00872081   0.0473902    -9.80888 
             47.4999 0.0829085   17.1336   1.68674   23.8528  -0.60777 0.0348576 -0.0398232  0.0942909  0.0420771 -0.00839706  -0.0230473   0.0457969   0.020813 0.00374573  0.0047492   0.0229367 -0.00290599 -0.00634247   0.023125  0.0215522 0.00762503 -0.0088729  0.0474873   -9.80888 
             47.6003 -0.0356457    17.1247    1.24673   23.8532 -0.608281 0.0372767 -0.0395476  0.0942141  0.0419023 -0.00839617  -0.0230573   0.0457968   0.0203482 4.23941e-05  0.00844997   0.0229855 -0.00290759 -0.00627154  0.0233319   0.021562 0.00755693 -0.00885392   0.0473907    -9.80888 
             47.7002 -0.0623061    16.9897   0.951288   23.8583 -0.619642 0.0372914 -0.0391978  0.0953943  0.0379161 -0.00836373  -0.0230559   0.0457958  0.0269977 -0.0226361 0.00702511   0.0229891 -0.00294195 -0.00623441  0.0233658  0.0221355 0.00760936 -0.00837468   0.0472885    -9.80888 
             47.8012 -0.247989   16.7755  0.859339   23.8572 -0.619184  0.034898 -0.039022 0.0956932 0.0389911 -0.00837343  -0.0230544   0.0458081   0.016273 -0.0143269  0.0014046   0.0231004 -0.00290887 -0.00623806  0.0233636   0.021941 0.00779399 -0.00856236   0.0471876    -9.80888 
                47.9 -0.103368   16.8162  0.791116   23.8562 -0.617388 0.0351412 -0.0389407  0.0954606  0.0403472 -0.00837649  -0.0230495   0.0458112  0.0141318 -0.0096408 0.00198995   0.0230252 -0.00296133 -0.00626345  0.0234622   0.021732 0.00781763 -0.00873925   0.0471426    -9.80888 
             48.0002 -0.193494   16.7461  0.698207   23.8579 -0.618914 0.0405935 -0.0388406  0.0948172  0.0401412 -0.00837596  -0.0230504    0.045811  0.0147799 -0.0101496  0.0111259   0.0230677 -0.00291641 -0.00621369  0.0237048  0.0217844 0.00756098 -0.00867092   0.0471402    -9.80888 
             48.1001 -0.0455699    16.8215   0.724287   23.8593 -0.619411 0.0417281 -0.038878 0.0947515 0.0403808 -0.00837465    -0.02305   0.0458111  0.0153134 -0.0117324  0.0113642   0.0229976 -0.00293658 -0.00625513  0.0236946  0.0217491 0.00755926 -0.00869393   0.0471545    -9.80888 
             48.2004 0.0182611    16.902  0.718178   23.8627 -0.617788 0.0392961 -0.0392115  0.0948644  0.0410996 -0.00836504  -0.0230569   0.0458156   0.0220886 -0.00935678  0.00482492   0.0229702 -0.00293572 -0.00627629  0.0233949  0.0216298 0.00770205 -0.00876125   0.0472662    -9.80888 
             48.3002 -0.112795   16.9874  0.852853   23.8682 -0.617514 0.0439598 -0.0394043  0.0941734  0.0412307 -0.00836451  -0.0230691   0.0458223   0.0291996 -0.00675233   0.0117646   0.0230692 -0.00291993 -0.00633601  0.0234037  0.0216377 0.00745075 -0.0086869  0.0473712   -9.80888 
             48.4002 0.0443791   17.1443  0.654011   23.8753 -0.620345 0.0424033 -0.0395991   0.094424    0.04047 -0.00836332  -0.0230751    0.045835  0.0388026 -0.0147505 0.00659161   0.0229382 -0.00296347  -0.0062026  0.0230887  0.0217555 0.00753583 -0.00858817    0.047433    -9.80888 
             48.4998 0.0793384   17.0115   1.02708   23.8739 -0.610885 0.0407068 -0.039798 0.0941453 0.0438054 -0.00833222  -0.0230494   0.0458398  0.0301063  0.0041054 0.00267006   0.0229636 -0.00289826 -0.00633964  0.0231308  0.0212057 0.00769245 -0.0089451  0.0475184   -9.80888 
             48.6002 -0.0757626    16.9998    1.15562   23.8751 -0.608952 0.0373131 -0.0397986  0.0945475  0.0442678 -0.00832925   -0.023041   0.0458425   0.0281462  0.00876972 -0.00348918   0.0230392 -0.00290544 -0.00627529  0.0230529  0.0211179 0.00788806 -0.00903798   0.0475011    -9.80888 
             48.7001 0.065059  17.0282  1.19813   23.8726 -0.611454 0.0389115 -0.039289 0.0947127 0.0436342 -0.00833858  -0.0230335   0.0458433   0.0161788 -0.00157946 0.000212262   0.0229575  -0.0029159 -0.00627165  0.0234457  0.0212017 0.00786895 -0.00906005   0.0473137    -9.80888 
             48.8003 0.042704  16.9711  1.10615   23.8689 -0.614287 0.0357886 -0.0388412  0.0954661  0.0430998 -0.00834472   -0.023037   0.0458474   0.0206785 -0.00832067 -0.00455147   0.0229728 -0.00294132 -0.00626553   0.023648  0.0212443 0.00810319 -0.00914709   0.0471223    -9.80888 
             48.9002 0.0100444   17.1186  0.519656   23.8714 -0.606755 0.0334075 -0.039272 0.0952625 0.0457443 -0.00837194  -0.0230315   0.0458426   0.0522046  0.00358925 -0.00977243   0.0229918 -0.00296972 -0.00626714  0.0235145  0.0208478 0.00818729 -0.00934427   0.0472692    -9.80888 
             49.0002 0.103697  17.8371 -1.06642   23.8787 -0.605395 0.0328324 -0.0393518  0.0951483   0.046236 -0.00839281  -0.0230232   0.0458388   0.0823686 -0.00927254 -0.00959472   0.0228964 -0.00304208   -0.006157  0.0234951  0.0207675 0.00815793 -0.00935725   0.0473094    -9.80888 
             49.1003 -0.0415387    18.8063   -3.54988   23.8847  -0.60871 0.0363911 -0.0394551  0.0950494  0.0461641 -0.00836589  -0.0231428   0.0457914    0.105004  -0.0349484 -0.00495107   0.0229874 -0.00302241 -0.00619217  0.0238846  0.0208358 0.00797325 -0.00935427    0.047284    -9.80888 
             49.2002 -0.111234   19.5826  -7.32955    23.901  -0.61602 0.0378602 -0.0385974  0.0946154    0.04512 -0.00831045  -0.0229372   0.0458696   0.131971  -0.048994 0.00148719    0.023004 -0.00295962 -0.00610437  0.0236976   0.020974 0.00781654 -0.00925463   0.0470988    -9.80888 
             49.3004 -0.854766   19.6835  -11.6818   23.9183  -0.63342 0.0513916 -0.0370103  0.0923522  0.0421163 -0.00792403   -0.022843   0.0459748   0.157278 -0.0650291   0.026996   0.0233677 -0.00273954 -0.00594702  0.0240033  0.0216231 0.00708092 -0.00933173   0.0467475    -9.80888 
             49.4003 0.143869   19.964 -15.0547   23.9428 -0.641534 0.0527717 -0.0350002   0.092776   0.041918 -0.00801795  -0.0225806    0.045929   0.203863 -0.0919785  0.0251266   0.0228081 -0.00289764 -0.00601825  0.0236223  0.0212584 0.00705719 -0.00908555   0.0461618    -9.80889 
             49.5002 0.481474  19.8337 -17.5523   23.9633 -0.651678 0.0619566 -0.0352403  0.0923178  0.0422683 -0.00803582  -0.0225822   0.0459435  0.227868 -0.127089  0.032699   0.0226497 -0.00291636 -0.00615152  0.0240542  0.0214001 0.00677243 -0.00893559   0.0463685    -9.80889 
             49.6001 -0.0511825    19.6762    -19.765   23.9837 -0.653255 0.0579064 -0.0385052  0.0970094  0.0470055 -0.00816189  -0.0226775   0.0459128  0.235052 -0.130037 0.0148538   0.0229757 -0.00284781 -0.00611863  0.0243565  0.0211436 0.00729612 -0.00795913   0.0471292    -9.80888 
             49.7003 0.449371  20.0202 -21.3744   24.0011 -0.657301 0.0490699 -0.0457197   0.102363   0.051201 -0.00817376  -0.0227117   0.0459139   0.249961  -0.128399 0.00352062    0.022814 -0.00298492 -0.00619762   0.024626   0.021624 0.00804332 -0.00718901   0.0491369    -9.80887 
             49.8002 0.448509   19.894 -23.3281   24.0187 -0.666492 0.0506751 -0.052125  0.103597 0.0525869 -0.00817119  -0.0226521   0.0459554   0.239023  -0.130829 0.00802305   0.0229412 -0.00286295 -0.00616765  0.0252213  0.0226974 0.00818437 -0.0069326  0.0513238   -9.80886 
             49.9004 0.730159  19.8079 -26.4138   24.0429 -0.680212 0.0506397 -0.0524762   0.104188  0.0528978 -0.00817211  -0.0226584   0.0459549   0.244673  -0.147124 0.00403712   0.0228331  -0.0029519 -0.00615375  0.0252184  0.0226914 0.00824508 -0.00683126   0.0513986    -9.80886 
             50.0003 0.733426  19.3231 -30.8182   24.0676 -0.698513  0.049472 -0.0514418    0.10311  0.0519315 -0.00816598   -0.022632   0.0459502   0.238159  -0.187884 0.00224722   0.0228111 -0.00288429 -0.00610132  0.0248169  0.0225734 0.00822196 -0.00734107   0.0510596    -9.80886 
             50.1002 0.888187  19.1753 -36.1312   24.0984  -0.72998 0.0529088 -0.0389754  0.0924579  0.0473993 -0.0080884 -0.0222623  0.0459196   0.256884  -0.236884 0.00267769   0.0226555 -0.00298489 -0.00602333  0.0232503  0.0210594 0.00749631 -0.0102579  0.0472038   -9.80888 
             50.1999 0.785498  19.3542  -41.808   24.1244 -0.749244 0.0431948  -0.04083  0.105395 0.0538666 -0.00836126  -0.0223655   0.0458523    0.23552    -0.2713 -0.0144626   0.0226155 -0.00308677  -0.0060668 0.0240243 0.0204928 0.0083315 -0.0070785  0.0471292   -9.80888 
             50.3003 0.302498  19.2192 -47.6319   24.1457 -0.777346 0.0433129 -0.0421557   0.104232  0.0531594 -0.00831564  -0.0223945   0.0458616   0.209737  -0.297712 -0.0116594   0.0227713  -0.0028182 -0.00600788 0.0240613 0.0208217 0.0082611 -0.0073226  0.0476685   -9.80888 
             50.4002 0.146144  19.6933 -52.8868   24.1606 -0.813103  0.035475 -0.0476804  0.0968318   0.047384 -0.00808574  -0.0223599      0.0459   0.176681  -0.338769 -0.0231504   0.0228276 -0.00287865 -0.00601288  0.0220308  0.0221332 0.00807094 -0.0107449  0.0497986   -9.80887 
             50.5005 -0.0076348    20.0803   -57.9038   24.1818 -0.854693 0.0186644 -0.0378202  0.0955415  0.0452671 -0.00811692  -0.0221787   0.0459346  0.172531 -0.386154  -0.04918   0.0228645  -0.0028689 -0.00593085  0.0196348  0.0199971 0.00818257 -0.0128496  0.0460157   -9.80888 
             50.5999 0.0888606   20.7062  -62.0783    24.202 -0.896963 0.0207576 -0.0287954  0.0933109  0.0465769 -0.00820776  -0.0221483   0.0459304   0.170477  -0.418595 -0.0402747   0.0228209 -0.00295034 -0.00593101  0.0201956  0.0186843 0.00789639 -0.0125819  0.0431897    -9.8089 
             50.7002 0.363482  20.9555 -65.4602   24.2246 -0.947432  0.015984 -0.0107565  0.0879387  0.0461058 -0.00825593  -0.0221338   0.0459393   0.174695  -0.467472 -0.0438625   0.0227171 -0.00289563 -0.00595645 0.0189543 0.0154632 0.0075356 -0.0143591   0.036975   -9.80892 
             50.8001 0.467511    21.03 -67.8453   24.2334 -0.999361  0.015651 -0.0230358  0.0702242  0.0384364 -0.00839627  -0.0220024   0.0459248   0.154876  -0.505038 -0.0348431   0.0227805 -0.00294971 -0.00605753  0.0165423  0.0187113 0.00661484 -0.0201689   0.042169   -9.80889 
             50.9003 0.572749   20.725 -69.8191   24.2448  -1.04634 0.0176467 -0.0376577  0.0714366  0.0369658 -0.00845567  -0.0218964   0.0459338   0.156994  -0.523453 -0.0218848   0.0228165 -0.00294942 -0.00606307  0.0176998  0.0218114 0.00667131 -0.0191453  0.0477028   -9.80887 
             51.0002 0.821438  20.3416 -71.5542   24.2514  -1.09262 0.0131224 -0.0620958  0.0745931  0.0318093 -0.00856122  -0.0217578   0.0459626    0.12935  -0.536678 -0.0220057   0.0226836 -0.00296248 -0.00599696   0.017938  0.0264459 0.00693013 -0.0186967  0.0564839   -9.80882 
             51.1001 0.294055  19.4552 -73.0733  24.2589 -1.12769 0.011542 -0.0897454   0.101653  0.0309739 -0.00857805  -0.0215268   0.0460984   0.109875  -0.510983 -0.0170222   0.0230217 -0.00273443 -0.00606889  0.0228304  0.0314448 0.00839254 -0.00953182   0.0662767    -9.80877 
                51.2 0.660537  19.2183 -75.0642   24.2722  -1.18227 0.0102308 -0.082232  0.100484 0.0330875 -0.00855139  -0.0215412   0.0460916   0.110451  -0.532995 -0.0212476   0.0228201 -0.00285024 -0.00597996   0.022756  0.0299984 0.00831102 -0.00972993   0.0635356    -9.80879 
             51.3002 0.936127  19.1796 -77.2495  24.2853 -1.22772 0.011576 -0.0857925    0.11923  0.0353824 -0.00857671  -0.0214831   0.0460993  0.0924759  -0.533384 -0.0162917   0.0226803 -0.00301161 -0.00597023  0.0265006  0.0305556 0.00924812 -0.00285234   0.0647638    -9.80879 
             51.4012 0.723856  18.7944 -80.1058   24.2931  -1.28076 0.0126809 -0.0862625   0.117795  0.0351371 -0.0085649 -0.0214894  0.0461025  0.0723798  -0.542154 -0.0107847   0.0227728 -0.00290027 -0.00591319   0.026657  0.0306905 0.00913866 -0.0029882  0.0649751   -9.80878 
             51.5003  1.00692  18.7983 -82.8483    24.2927   -1.33826 0.00506111 -0.0935887   0.105071  0.0313096 -0.00844301   -0.021557   0.0461384   0.047939  -0.553871 -0.0199257    0.022653 -0.00301373 -0.00600673  0.0235462  0.0321927 0.00860504 -0.00824402   0.0676898    -9.80876 
             51.6002 0.813761  18.6686 -86.0111   24.3013  -1.39928 0.0120714 -0.0775077   0.101886  0.0365365 -0.00848608  -0.0214031    0.046151  0.0177666  -0.567152 0.00451052   0.0226858  -0.0029841 -0.00594894  0.0241698  0.0290854 0.00827274 -0.008181 0.0617962   -9.8088 
                51.7 0.644453  18.6684 -89.3273   24.3003  -1.44829 0.0100895 -0.0923945   0.112312  0.0322534 -0.00852318  -0.0215788   0.0461059 -0.0040297  -0.547686 0.00289573   0.0226767 -0.00304099 -0.00591786  0.0257088  0.0319334 0.00885393 -0.00492043   0.0672526    -9.80877 
             51.8003 0.0567171    18.138  -92.7144    24.2894   -1.50439 0.00618958 -0.102251 0.0975422 0.0284134 -0.00830868  -0.0216467   0.0461086  -0.0629514   -0.540308 0.000891311   0.0228461 -0.00287161 -0.00593459 0.0226961 0.0339391 0.0082022 -0.0104581  0.0709065   -9.80874 
             51.9002 -0.0377873    17.7216    -96.141    24.2764   -1.54728 0.00661262 -0.122443  0.103421 0.0227598 -0.00829578  -0.0218745   0.0460838  -0.0956948   -0.501472 -0.00392259   0.0228046 -0.00281709  -0.0058875  0.0237495    0.03781 0.00850155 -0.00848377   0.0782459    -9.80868 
             51.9998 -0.139167   17.5629  -99.0756    24.2588   -1.60628 0.00993351 -0.118059 0.0787529 0.0225815 -0.00811285  -0.0218007   0.0461635 -0.137114 -0.490241 -0.014276   0.0228061 -0.00283923 -0.00595439  0.0202277  0.0371494 0.00714987 -0.0163055  0.0768375   -9.80869 
             52.0998 -0.036374   17.2164  -100.672   24.2379  -1.65434 0.0105879 -0.127649 0.0662453 0.0194027 -0.00806774   -0.021889   0.0461608   -0.14999  -0.481705 -0.0126158   0.0228236 -0.00278462 -0.00620349  0.0183454   0.039162 0.00647709 -0.0203791  0.0804833   -9.80865 
             52.1994 -0.153732   17.0525   -101.45    24.226   -1.7061 0.0103729 -0.120202 0.0654256 0.0209719 -0.00801762    -0.02187   0.0461868   -0.132391   -0.476019 -0.00136232    0.022851 -0.00282107 -0.00617594  0.0182942  0.0377131 0.00642337 -0.0205771   0.077791   -9.80867 
             52.2999 -0.247783   17.0247  -100.919    24.2187    -1.7584 0.00690373 -0.107248 0.0663577   0.02352 -0.00785136  -0.0218646   0.0462596   -0.107107   -0.468922 -0.00371543   0.0228659  -0.0026768 -0.00618875  0.0181589  0.0350651 0.00655615 -0.0205128  0.0729943   -9.80871 
             52.4003 -0.385996   17.6797  -99.0471     24.2083    -1.80815 0.000959571 -0.104888 0.0614317 0.0240502 -0.00780894  -0.0219639   0.0463011 -0.0867748  -0.451588 -0.0130845   0.0229618 -0.00278542 -0.00624064  0.0167331  0.0344661 0.00642084 -0.0227119  0.0720069   -9.80871 
             52.5002 -0.141143   17.8423  -95.6411   24.2062  -1.85944 0.0049393 -0.0917265  0.0576036   0.027348 -0.00757889  -0.0221215   0.0464126 -0.0449854  -0.446467 -0.0105995   0.0229116 -0.00272616 -0.00639389  0.0167394  0.0318412 0.00611906 -0.023449 0.0671718  -9.80874 
                52.6 0.0876175   17.9448  -91.8694    24.2067   -1.89909 0.00710795 -0.0921822  0.0660658   0.026078 -0.00752353  -0.0219073   0.0463941  0.0017641  -0.428448 0.00128586   0.0228949 -0.00291412 -0.00644054  0.0185754  0.0320921 0.00650588 -0.0202047  0.0675424   -9.80875 
             52.7002 0.219329  17.3138 -88.9685    24.2149   -1.94922 0.00579262 -0.0792997  0.0631527  0.0315069 -0.00726594   -0.022054   0.0464568  0.0623893  -0.421109 0.00162751   0.0228339 -0.00287188 -0.00623861  0.018038 0.0293404 0.0064087 -0.0212341  0.0625304   -9.80878 
             52.8002 0.0542135   16.7231  -87.1261    24.2306    -1.9854 -0.0031514 -0.0757796  0.0774364  0.0300515 -0.00724624  -0.0219102   0.0464707   0.100416  -0.371733 -0.0373801   0.0228171 -0.00293719 -0.00616942 0.0194944 0.0292664 0.0073535 -0.0172155  0.0619587   -9.80879 
             52.9004 -0.269584   15.8751  -87.0267     24.2423     -2.0276 -0.00751829 -0.0693432  0.0778436  0.0340142 -0.00722083  -0.0218602   0.0464596  0.0666742  -0.379792 -0.0220384   0.0227014 -0.00276621 -0.00601729  0.0192552  0.0280451 0.00743942 -0.0173448  0.0595448    -9.8088 
             53.0004 -0.550091    15.858  -87.4484    24.245  -2.05903 -0.002517 -0.0758713  0.0752169  0.0306733 -0.00713788  -0.0219287   0.0464793  0.0588538  -0.324347 -0.0104445    0.022744 -0.00271762 -0.00605198   0.019637  0.0288748 0.00713923 -0.0175176  0.0615585   -9.80879 
             53.1002 -0.58825  16.5844 -87.9486    24.2464   -2.09044 -0.0107144 -0.0771884  0.0737488  0.0304597 -0.00706382  -0.0219791   0.0464995  0.0400078  -0.285442 -0.0210767   0.0227551 -0.00298046 -0.00608228  0.0186589  0.0296164 0.00725126 -0.0186552  0.0625015   -9.80878 
             53.2001 -0.642888   16.8202  -88.5295     24.243   -2.11957 -0.0214399 -0.0801693  0.0663635  0.0308186 -0.00679604  -0.0219975   0.0465852  0.0293506  -0.253473 -0.0352696   0.0228105 -0.00289077 -0.00604631  0.0166262  0.0307056 0.00711607 -0.0218508   0.064004   -9.80877 
             53.3003 -0.451501   16.6814  -88.7905    24.2421   -2.13396 -0.0386876 -0.0880609  0.0724591   0.027005 -0.00671922  -0.0223149   0.0465861  0.0281692  -0.188602 -0.0594527   0.0227058 -0.00277508 -0.00597096  0.0163901  0.0329247 0.00777679 -0.0209124  0.0676331   -9.80874 
             53.4002 -0.338289   16.7031  -88.6926   24.2427  -2.14957 -0.036035 -0.0914882  0.0707646  0.0254082 -0.00669628  -0.0223633   0.0465928  0.0194211  -0.152522 -0.0471167   0.0226882 -0.00285237 -0.00610513  0.0169782  0.0332688 0.00750162 -0.0207318   0.068593   -9.80874 
             53.4999 -0.346044   16.0546  -89.1023    24.2373   -2.16788 -0.0423392 -0.0921567  0.0621312  0.0250127 -0.00648007   -0.022294   0.0466636 0.00330394  -0.125527 -0.0475614   0.0226577 -0.00261526 -0.00600391  0.0153671  0.0336217 0.00712551 -0.0237992  0.0690148   -9.80873 
             53.6003 -0.272683   16.1054   -89.045    24.2342   -2.17798 -0.0376516 -0.0953445  0.0582063  0.0235352 -0.00644039  -0.0223336   0.0466797 -0.0108475 -0.0951933 -0.0316655   0.0226861 -0.00284611 -0.00624377  0.0157285  0.0340257 0.00672323 -0.0242398  0.0699822   -9.80872 
             53.7007 -0.326505   15.8396   -89.552    24.2296   -2.19108 -0.0433038 -0.0942507  0.0532925  0.0234408 -0.0063429 -0.0222813   0.046709 -0.0198726 -0.0766049 -0.0352331    0.022708 -0.00284733 -0.00618521  0.0146165  0.0339681 0.00653496 -0.0261521  0.0697203   -9.80872 
             53.8002 -0.62118  15.9425 -89.8799   24.2265  -2.19406 -0.047107 -0.0980602  0.0546027  0.0225559 -0.00634119  -0.0223468   0.0467043 -0.0112176 -0.0504284 -0.0355509   0.0228755 -0.00287891 -0.00609947  0.0148156  0.0346979 0.00661904 -0.0257466  0.0710906   -9.80871 
             53.9001 -0.244705   15.9671  -89.7524     24.226   -2.21154 -0.0509394 -0.0873841  0.0458247  0.0243266 -0.00625043  -0.0221842   0.0467527 -0.0129315 -0.0484755 -0.0353436    0.022688 -0.00278171 -0.00619005  0.0132376  0.0327587 0.00615764 -0.0287545  0.0673543   -9.80873 
             54.0002 -0.299797   16.2665  -89.6787     24.227   -2.21987 -0.0448488 -0.0830043  0.0417716  0.0249653 -0.00625197  -0.0221396   0.0467697 -0.0143845 -0.0318235 -0.0203473   0.0227248 -0.00275848 -0.00620492  0.0134156  0.0318519 0.00567658 -0.0293648  0.0657347   -9.80874 
             54.0998 -0.247099   16.8654  -89.7849   24.2266  -2.21717 -0.046338 -0.0855852   0.045606  0.0245141 -0.00628617  -0.0221665   0.0467304  -0.0153569 -0.00179732  -0.0204292   0.0226758 -0.00284705 -0.00612865   0.014145  0.0323161 0.00586507 -0.0280066  0.0666455   -9.80873 
             54.2003 -0.457361   17.0434  -89.7009   24.2218  -2.21344 -0.057718 -0.089576 0.0471235 0.0240317 -0.0062667 -0.0221981   0.046719 -0.0151695  0.0233671 -0.0348503   0.0227919 -0.00275786 -0.00609679 0.0136461 0.0331219 0.0062311 -0.0281466  0.0680837   -9.80872 
             54.3002 -0.643567     17.15  -89.5492    24.2125   -2.20859 -0.0598507 -0.0958589  0.0426886  0.0237263 -0.0062596 -0.0222713  0.0467035 -0.0238016  0.0439889  -0.033427   0.0229278 -0.00270339 -0.00616995  0.0129921  0.0342704 0.00596993 -0.0295996  0.0701988    -9.8087 
             54.4001 -0.159089   17.5331  -89.5956    24.2144   -2.20858 -0.0555351 -0.0900742  0.0415458   0.024353 -0.00626186  -0.0222033   0.0467113 -0.0255289  0.0373707 -0.0213938   0.0226646 -0.00287335 -0.00624522  0.0134021  0.0331544 0.00566195 -0.0294584  0.0681634   -9.80872 
             54.5003 -0.781627   17.4173  -89.5226    24.2083   -2.20397 -0.0552763 -0.0933011  0.0382831  0.0241122 -0.00624842  -0.0222459   0.0467105  -0.020829  0.0472093 -0.0175272   0.0230191 -0.00275492 -0.00623026  0.0130412  0.0337457 0.00542112 -0.0304205  0.0692521   -9.80871 
             54.6002 -0.124841   17.4939  -89.2329    24.2118   -2.20453 -0.0611139 -0.0859006  0.0400784  0.0250041 -0.00623271  -0.0221708   0.0467017 -0.0209758  0.0395008 -0.0240512    0.022656 -0.00273849 -0.00630469  0.0130117  0.0323576 0.00563578 -0.0300506  0.0666806   -9.80873 
             54.7002 -0.235058   17.6839  -89.5426    24.2182   -2.19816 -0.0498319 -0.0824275  0.0435314  0.0250327 -0.00629577  -0.0221135   0.0466749 -0.00664741    0.042798 -0.00181494   0.0226615  -0.0027895 -0.00614499   0.014728  0.0316393 0.00535231 -0.0279332  0.0654628   -9.80874 
             54.7999 -1.04203  17.7722 -89.7008    24.2149   -2.20402 -0.0547452 -0.0794317  0.0357905  0.0262631 -0.00619955  -0.0220794   0.0466909  0.00426667   0.0275685 -0.00870066   0.0230741 -0.00278492 -0.00599134  0.0130091  0.0310799 0.00510344 -0.0308715  0.0643332   -9.80874 
             54.9003 -1.36779   17.667 -89.5597    24.2126   -2.19693 -0.0610543 -0.0836149  0.0367988  0.0256524 -0.00620743   -0.022115   0.0466828   0.016771  0.0410849 -0.0180906   0.0232603 -0.00264283 -0.00598351  0.0127729  0.0319092 0.00535576 -0.0308818  0.0658366   -9.80873 
             55.0001 -1.17793  17.9674 -89.4717     24.212   -2.20501 -0.0646069 -0.0789919  0.0290827  0.0269084 -0.0061157 -0.0220678  0.0466989  0.0215405  0.0117439 -0.0208978   0.0231238 -0.00280565 -0.00593668  0.0112839  0.0310391 0.00500235 -0.0336162  0.0641456   -9.80873 
             55.1004  -1.1355  17.9911 -88.8559    24.2085   -2.20635 -0.0545424 -0.0812579  0.0218091  0.0269756  -0.006068 -0.0220988  0.0467162   0.0183878  0.00415752 0.000722439   0.0231624  -0.0027634 -0.00613829 0.0110222 0.0314038 0.0041867 -0.0353058  0.0648205   -9.80872 
                55.2 -1.25088  18.0351 -88.8858    24.2114   -2.21157 -0.0534351 -0.0783609  0.0187631  0.0275382 -0.00603536  -0.0220684   0.0467243  0.0325503 -0.0102158 0.00243539   0.0231939 -0.00276601   -0.006055 0.0105771 0.0308536 0.0039773 -0.0362626  0.0637787   -9.80873 
             55.3001 -1.09455  18.1072 -89.0361    24.2127   -2.21245 -0.0492943 -0.0795902  0.0170542   0.027435 -0.00602088  -0.0220781   0.0467354   0.035262 -0.0131277 0.00884685   0.0230847 -0.00277964 -0.00600949  0.0105989   0.031078 0.00375126 -0.0365971  0.0641876   -9.80872 
             55.4004 -1.18563   18.193 -88.9917    24.2149   -2.21568 -0.0521362 -0.0796693  0.0156455   0.027601 -0.00599818   -0.022081   0.0467444  0.0435814 -0.0145024 0.00236746   0.0231454 -0.00276357 -0.00604936  0.0100703  0.0311116 0.00380873 -0.0373062  0.0642134   -9.80872 
             55.5002 -1.15484  18.4099 -88.9383    24.2216    -2.2137 -0.0505422 -0.0802957  0.0181775  0.0273396 -0.00602911  -0.0220903   0.0467294   0.0554508 -0.00449283   0.0050506   0.0231251 -0.00280875 -0.00604782  0.0106098  0.0312151 0.00389913 -0.0363658   0.064445   -9.80872 
             55.6004 -0.981048   18.3697  -89.0645    24.2257   -2.22068 -0.0471236 -0.0781688  0.0135469  0.0277655 -0.00598023  -0.0220487   0.0467487  0.0581591 -0.0200895  0.0103823   0.0229924 -0.00276515 -0.00595202  0.0100512   0.030829 0.00354612 -0.0377322  0.0636783   -9.80872 
             55.7003 -0.729536   18.5049  -88.7498    24.2338   -2.21691 -0.0421535 -0.0793376  0.0167848  0.0274339 -0.00602341  -0.0220585    0.046727   0.0630192 -0.00549667   0.0163155   0.0228982 -0.00287058 -0.00611024  0.0109271  0.0310191 0.00358981 -0.0363817  0.0640913   -9.80872 
             55.8002 -0.61674   18.445 -88.8346     24.239   -2.21985 -0.0376346 -0.0789337  0.0146534  0.0274288 -0.00600377  -0.0220471   0.0467347   0.0593818 -0.00552951   0.0225935   0.0228078  -0.0029041 -0.00604629  0.0108119  0.0309529 0.00338951 -0.0368938  0.0639477   -9.80872 
             55.9005 -0.351709   18.3168  -88.4043     24.241   -2.22982 -0.0419811 -0.0765735 0.00988679  0.0277667 -0.00594283  -0.0220357   0.0467516  0.0480999 -0.0258035  0.0119239   0.0227047 -0.00283532  -0.0062117 0.00939879  0.0305544 0.00332974 -0.0389862  0.0631255   -9.80872 
             56.0003 -0.262693   18.1373  -88.4215    24.2383   -2.22431 -0.0414719 -0.0828293  0.0100951  0.0259455 -0.00595205  -0.0221145   0.0467662  0.0264938 -0.0058876  0.0107324   0.0226282 -0.00283716 -0.00613652 0.00937811  0.0318128 0.00338264 -0.0390172  0.0654205    -9.8087 
             56.1002 -0.470096   17.8448  -88.2915    24.237  -2.22975 -0.046547 -0.0824576 0.00700363  0.0256829 -0.0059088 -0.0221155  0.0467635   0.0187155 -0.00627473 3.67141e-05   0.0227549 -0.00273786 -0.00617264 0.00824537  0.0318006 0.00338865 -0.0405712  0.0653272    -9.8087 
             56.2002 -0.458735   17.8269  -88.4653    24.2362   -2.23054 -0.0473574 -0.0833275  0.0057472  0.0252639 -0.00589049  -0.0221274    0.046765    0.0113118   0.00353401 -0.000962791   0.0227374 -0.00271458 -0.00614584 0.00794899  0.0319951 0.00334881 -0.0410731    0.06566   -9.80869 
             56.2998 -0.155476   18.0384  -88.3786    24.2347   -2.22523 -0.0552421 -0.0859199 0.00906385  0.0246846 -0.0059031 -0.0221671  0.0467576 -0.00409821   0.0184545  -0.0144152   0.0225839 -0.00279471 -0.00621289 0.00773791  0.0324937 0.00374706 -0.0406338  0.0665983   -9.80869 
             56.4002 -0.48673  18.1015 -88.2148    24.2281   -2.23268 -0.0535011  -0.0850774 0.000806063   0.0241108 -0.0058255 -0.0221707  0.0467796  -0.0153536  0.00257348 -0.00893099    0.022791 -0.00281709 -0.00627049 0.00662974  0.0324283 0.00322143  -0.04316 0.0663555  -9.80868 
                56.5 -0.262975   17.9157  -88.3369    24.2299   -2.23794 -0.0573244  -0.0809659 0.000619503   0.0251747 -0.00581963   -0.022114   0.0467847 -0.0166868 0.00062616 -0.0136988   0.0226255 -0.00268582  -0.0061658 0.00628966  0.0316145 0.00326981 -0.0434458  0.0648628   -9.80869 
                56.6 0.0999363   17.6409  -88.0539    24.2275   -2.24434 -0.0724836 -0.0776955 0.00110169  0.0257524 -0.00579411  -0.0220837   0.0467831 -0.0316089  0.0048023 -0.0360822     0.02247 -0.00249079 -0.00633588 0.00494835  0.0309891 0.00363312 -0.0444616  0.0636927   -9.80869 
             56.7002 -0.40107  17.9052 -88.1663     24.221   -2.24054 -0.0784614 -0.0805075  0.0013133  0.0251166 -0.0057857 -0.0221146  0.0467756 -0.0368791  0.0185168 -0.0403274    0.022751 -0.00261973 -0.00630637 0.00475653  0.0315481 0.00371952 -0.0446108   0.064704   -9.80869 
             56.8002 -0.495067   17.9083  -88.4241      24.22   -2.24221 -0.0775684   -0.0779864 -0.000395706     0.025664 -0.00578845   -0.022084   0.0467866 -0.0333256  0.0180204 -0.0324156   0.0227671 -0.00261742 -0.00619531   0.004935  0.0310643 0.00348946 -0.0447644   0.063806   -9.80869 
             56.9003 -0.944782   18.0653  -88.8838    24.2204   -2.23836 -0.0753301 -0.0777724 0.00025341  0.0259475 -0.00582345  -0.0220941   0.0467841 -0.0171834  0.0240307  -0.023867   0.0229452 -0.00269865 -0.00596583 0.00558465  0.0309965 0.00338409 -0.0440869  0.0637121   -9.80869 
             57.0002 -1.02393  18.0652 -88.6854     24.213   -2.23747 -0.0749308  -0.0794973 -0.00388943   0.0251517 -0.00578336  -0.0221221   0.0467848 -0.0230824  0.0236326  -0.019821   0.0230321 -0.00267981 -0.00610628 0.00516926  0.0314016 0.00309949 -0.0452528  0.0643738   -9.80868 
             57.1001 -0.56685  18.0989 -88.6881     24.218   -2.24284 -0.0731503  -0.0740062 -0.00401184   0.0265043 -0.00579697   -0.022046   0.0467783 -0.0127454 -0.0156416 -0.0165785   0.0227755 -0.00269086 -0.00615841 0.00546305  0.0303019 0.00297205 -0.0449717   0.062392    -9.8087 
             57.1999 -0.652171   18.3291  -88.7285    24.2187   -2.25135 -0.0819524  -0.0707614 -0.00408464   0.0270021 -0.00577344  -0.0220034   0.0467945 -0.0112108 -0.0357593 -0.0286538   0.0228217 -0.00264959 -0.00620578 0.00474639  0.0296765 0.00313885 -0.045554 0.0612395   -9.8087 
             57.3002 -0.578937   18.6715  -89.1035    24.2229   -2.26168 -0.0881926  -0.0665467 -0.00296692   0.0275639 -0.00578068  -0.0219439   0.0467981 -0.00124763  -0.0797133  -0.0318649   0.0227428 -0.00268211 -0.00616563 0.00456761  0.0288389 0.00327832 -0.0454431   0.059748   -9.80871 
             57.4004 -0.313393   18.2237  -88.5061    24.2281   -2.28218 -0.0936972  -0.0605024 -0.00449374    0.028079 -0.00573557  -0.0218906   0.0467836 0.00918227  -0.128697 -0.0251963   0.0226357 -0.00246295  -0.0063135 0.00401253  0.0276798 0.00322405 -0.0461416  0.0576344   -9.80872 
             57.5001 -0.685259   18.4854   -87.758   24.2307  -2.30063 -0.101831  -0.0589485 -0.00465407   0.0281261 -0.00571522  -0.0218858   0.0467935  0.0299033  -0.186264 -0.0479488   0.0227628  -0.0025305 -0.00614693 0.00362973  0.0273804 0.00335959  -0.04646 0.0570926  -9.80872 
             57.6003 -0.192217    18.544  -85.2425   24.2379  -2.32719 -0.104571  -0.0551304 -0.00538879   0.0278126 -0.00566172  -0.0219256   0.0468033 0.0552344 -0.246307 -0.045876   0.0225414 -0.00253832 -0.00640633 0.00354877  0.0266591 0.00323094 -0.0466391  0.0558047   -9.80873 
             57.6999 -0.662396    18.996  -82.5473   24.2492  -2.35177 -0.104602  -0.0535889 -0.00291398   0.0259674 -0.00559669  -0.0218744   0.0468311  0.0752085  -0.303209 -0.0332307   0.0226935 -0.00259717 -0.00622855 0.00424769  0.0264658 0.00321894 -0.045588 0.0555007  -9.80874 
             57.8003 0.431486  19.3297 -78.6771   24.2632  -2.37402 -0.104314 -0.0527386 0.00362045  0.0218408 -0.00547368  -0.0216393   0.0468188  0.0913394  -0.353493 -0.0252778   0.0221642 -0.00252929 -0.00654779 0.00567893  0.0265414 0.00345669 -0.043168 0.0557311  -9.80875 
             57.9002 0.603082  19.3952 -75.5753   24.2746  -2.41346 -0.103827 -0.0505704 0.00469163  0.0200542 -0.00540207  -0.0216534   0.0468336  0.0738085  -0.428334 -0.0160602   0.0221511 -0.00249236 -0.00671989 0.00591599   0.026183 0.00338989 -0.0427632  0.0551463   -9.80875 
             58.0005 0.111465  18.9913 -75.0797  24.2824 -2.46358 -0.10417 -0.0497475 0.00301688  0.0210301 -0.00541124  -0.0216778   0.0468235 0.0771993 -0.497968  -0.01549   0.0223349 -0.00248699 -0.00642659 0.00556591  0.0259644 0.00322648 -0.0433718  0.0547263   -9.80875 
             58.0999  0.51069   18.405 -75.2128   24.2894  -2.52081 -0.107934 -0.0484859 0.00183847  0.0212209 -0.00539197  -0.0216558   0.0468145  0.0539426  -0.575867 -0.0122557   0.0221179 -0.00262742 -0.00642773 0.00539213  0.0257549 0.00331301 -0.0436683  0.0543006   -9.80875 
             58.2002  0.40344  17.3606 -75.7442   24.2982  -2.59142 -0.123169   -0.043889 -0.00233025   0.0208112 -0.00544304  -0.0215072   0.0467166  0.0564958  -0.657489 -0.0294353   0.0222042 -0.00242973 -0.00641832 0.00499663  0.0250868 0.00389331 -0.0444325  0.0529156   -9.80876 
             58.3002 0.521356  16.8662 -76.2219    24.308  -2.66914 -0.129781  -0.0379506 -0.00411835   0.0178961 -0.00552168  -0.0212755   0.0466148  0.0495083  -0.728185 -0.0402367   0.0221583 -0.00234212 -0.00653927 0.00472539  0.0242906 0.00394608 -0.044811 0.0513159  -9.80876 
             58.4004 0.100212  16.9663 -77.2176   24.3094  -2.74733 -0.122107  -0.0384304 -0.00329707    0.020151 -0.00539977  -0.0212089   0.0466431 0.00992761  -0.790916 -0.0359903   0.0223511 -0.00245654 -0.00638512 0.00413184  0.0243764 0.00310633 -0.0454508  0.0512882   -9.80876 
             58.5003 0.902271  17.3861 -77.3723   24.3209  -2.83481 -0.122001   -0.0295604 -0.000534645    0.0104625 -0.00565475  -0.0209968   0.0465742   0.036632  -0.848843 -0.0264166   0.0220307 -0.00268045 -0.00656759 0.00420447  0.0234111 0.00295818 -0.0447853  0.0494578   -9.80877 
             58.6002 0.939284  17.5141 -76.8786   24.3334   -2.9309 -0.111701 -0.0220088  0.0033804 0.00368869 -0.00575338  -0.0208449    0.046586   0.0584479   -0.918344 -0.00619464   0.0221834 -0.00264166 -0.00670946 0.00362194  0.0227484 0.00209629 -0.0447503   0.047916   -9.80878 
             58.7007 0.0819311   17.9751  -77.4741   24.3548  -3.03521 -0.107126  -0.0112326   0.0057146 -0.00769745 -0.00592074   -0.020671   0.0466915   0.102754   -1.00238 0.00759517   0.0225403 -0.00282086 -0.00640094 0.00337145  0.0215363 0.00174644 -0.0444317  0.0455947   -9.80879 
             58.8003 -0.369977   17.4685  -77.7982   24.3726  -3.13115 -0.106721 -0.00668284    0.010265  -0.0169199 -0.00605281  -0.0206779   0.0467045  0.0906808   -1.03971 0.00471026   0.0226768 -0.00254489 -0.00640097 0.00419908  0.0210544 0.00203022 -0.0428079   0.045018    -9.8088 
             58.9004 -0.345906   17.6888  -78.4283   24.3879  -3.24411 -0.100243 -0.00239678   0.0116213  -0.0199848 -0.00607003  -0.0206107   0.0467309     0.11338    -1.10014 0.000128662   0.0226257 -0.00272255 -0.00646741  0.0037154  0.0205512 0.00156627 -0.0430334  0.0439629   -9.80881 
             59.0003 -1.27694   17.616 -79.8318  24.4047 -3.37189 -0.10075 0.00663504  0.0092203 -0.0266092 -0.00610122  -0.0203962   0.0467991 0.0593249  -1.18394 0.0122482   0.0229171  -0.0026855 -0.00626534 0.00326004  0.0193169 0.00149646 -0.0435828  0.0415931   -9.80881 
             59.1002 -1.68489  17.6707 -81.2519    24.4157   -3.50005 -0.0988447  0.0110617 0.00801786 -0.0294678 -0.00609609  -0.0202779   0.0468231   0.104529    -1.2393 0.00814191   0.0232048 -0.00271357 -0.00628944  0.0027856  0.0187883 0.00127405 -0.044142 0.0404535  -9.80882 
             59.2001 -1.92149   17.565  -83.372    24.4316   -3.62562 -0.0842088  0.0180689  0.0157385 -0.0364092 -0.00621807  -0.0202454   0.0467994 0.0476567  -1.27689 0.0556755   0.0233246 -0.00279466 -0.00626082  0.00262097   0.0183634 0.000494242 -0.0431537  0.0393351   -9.80883 
                59.3 -1.43991  17.1951 -86.1727   24.4401  -3.74386 -0.080077   0.016872   0.021274 -0.0377053 -0.0063841 -0.0204671  0.0467425 0.0250656   -1.2737 0.0451586   0.0229634 -0.00281008  -0.0063045   0.0036714   0.0182779 0.000846691 -0.0412484  0.0396818   -9.80883 
             59.4002 -1.89243  16.4892 -88.8358     24.439   -3.88587 -0.0756218  0.0258503  0.0190704 -0.0470031 -0.00639709  -0.0201667   0.0466653  -0.10247  -1.30814 0.0405458   0.0231164 -0.00260707 -0.00624591  0.00306182   0.0174599 0.000607469 -0.0420678  0.0378281   -9.80884 
             59.5005 -0.888083   16.9465  -90.4114    24.4407   -4.01095 -0.0719191  0.0280575   0.025046 -0.0490166 -0.0065274 -0.0202322  0.0465124 -0.0424718   -1.31492  0.0358189   0.0228384  -0.0028594 -0.00612018  0.00403078   0.0168932 0.000883317 -0.0401042  0.0371789   -9.80885 
                59.6 -0.0700364    16.8315   -89.8574    24.4382   -4.14516 -0.0769665  0.0254547  0.0212881 -0.0511065 -0.00653954  -0.0202856   0.0465482  0.0386982   -1.31789 -0.0185289   0.0227951 -0.00276713 -0.00639451 0.00378007  0.0164896 0.00118761 -0.0408551  0.0372546   -9.80884 
             59.7002 0.401126  16.7132 -89.8359    24.4418   -4.27276 -0.0792549  0.0235872  0.0228269 -0.0495871 -0.006525 -0.020247 0.0465211  -0.03829  -1.30771 0.0137414   0.0224277 -0.00282481 -0.00647169 0.00426497   0.016332  0.0014747 -0.0400981  0.0373773   -9.80885 
             59.8002 -0.386502   16.2138  -89.8718    24.4307    -4.4112 -0.0764557  0.0223098  0.0175514 -0.0489238 -0.00664108  -0.0203875   0.0464668 -0.024181  -1.32178 0.0342198   0.0227283  -0.0027752 -0.00653218 0.00311964  0.0167836 0.00109977 -0.0421029   0.037873   -9.80884 
                59.9  -0.1716  15.8158 -89.9564    24.4288   -4.54485 -0.0746846   0.024149  0.0176754 -0.0506824 -0.00660135  -0.0204126   0.0464732 -0.0656447   -1.31567 0.00498505   0.0224667 -0.00282695 -0.00637623 0.00312969  0.0164264 0.00113953 -0.0420379  0.0373316   -9.80884 
             60.0002 -0.165322   15.2627  -89.9091    24.4241   -4.68195 -0.0836376  0.0244883  0.0154607 -0.0528731 -0.00659879  -0.0204745   0.0464558  -0.0357417    -1.31263 -0.00712982   0.0224371 -0.00279636 -0.00628677 0.00280152   0.015627 0.00173028 -0.0425057  0.0366119   -9.80884 
             60.1005 0.599531  14.8314 -89.1346    24.4217    -4.8149 -0.0871643  0.0265269  0.0156097 -0.0544032 -0.00655462  -0.0205092   0.0464555 -0.0944445   -1.30018 0.00512694   0.0220553 -0.00282561 -0.00651516 0.00281705  0.0150817 0.00196591 -0.0423761  0.0358555   -9.80884 
             60.1999  1.49468  14.4506 -88.5666     24.423   -4.95048 -0.0955437  0.0335348  0.0173159 -0.0579861 -0.00641825  -0.0205694   0.0464086 -0.0747417   -1.27947 -0.0193314    0.021596  -0.0028122 -0.00668659 0.00312419  0.0135982 0.00256991 -0.041581 0.0335568  -9.80885 
             60.3003 0.646075  14.1261 -88.3585   24.4197  -5.07403 -0.100825  0.034409 0.0198531 -0.059609 -0.00642772  -0.0205217   0.0464488 -0.0721362    -1.2502 -0.0288435   0.0220533 -0.00277266  -0.0065046   0.003606  0.0134709 0.00290818 -0.0406491  0.0334023   -9.80886 
             60.3999   1.0662  14.2431 -87.1748    24.4215   -5.20333 -0.0943898  0.0429619  0.0239397 -0.0630666 -0.006346 -0.020508 0.0465211 -0.0822289   -1.22769 0.00579507   0.0218141 -0.00282595  -0.0065742 0.00422342  0.0120919 0.00247955 -0.0394454  0.0309835   -9.80887 
             60.5002   1.5793  14.6894 -85.8071     24.426   -5.32581 -0.0957364  0.0473909   0.025684 -0.0652061 -0.00629372  -0.0205017   0.0465548 0.000220672    -1.17014  -0.0159652   0.0217257 -0.00274959 -0.00643374 0.00452292  0.0113588 0.00260936 -0.0388071  0.0297296   -9.80888 
             60.6003  1.68171  15.3576 -84.4266     24.438   -5.44237 -0.0981461   0.056044   0.031102 -0.0694441 -0.00619538  -0.0204526   0.0466291   -0.0287957        -1.13 -0.000683634   0.0215506 -0.00278522 -0.00653302 0.00543719  0.0100027 0.00298481 -0.0369036  0.0273894   -9.80889 
             60.7001 0.448988  15.7456 -83.5032    24.4428   -5.54663 -0.0968962  0.0578416  0.0352364 -0.0726848 -0.0062158  -0.020404  0.0466771  -0.0117529    -1.04737 0.000706929   0.0221693 -0.00278362 -0.00644058 0.00616037 0.00971819  0.0030873 -0.0355455  0.0270601    -9.8089 
             60.8003 0.183198  16.3298 -81.9573    24.4527   -5.65215 -0.0906453  0.0605127  0.0373753 -0.0702004 -0.00626492  -0.0204407   0.0468452  0.0201903   -1.00287 0.00333413   0.0223291 -0.00290652 -0.00647991 0.00672324 0.00854923 0.00283125 -0.0346471  0.0255091   -9.80891 
             60.9003  0.28943  16.2798 -80.9091    24.4575   -5.74387 -0.0843417  0.0600552  0.0399289 -0.0710346 -0.00630972  -0.0204336   0.0468399 0.0163521 -0.942259 0.0248735   0.0222746 -0.00281724 -0.00637545 0.00758235 0.00809174 0.00269052 -0.0334813   0.025279   -9.80891 
             60.9987 -0.142788   16.7697  -80.2981   24.4699  -5.84683 -0.084444  0.063612 0.0401988 -0.062165 -0.00635835  -0.0203506   0.0468936 0.0734959 -0.916459 0.0105936   0.0226684 -0.00307729 -0.00626509 0.00728956 0.00717942 0.00275677 -0.0335192  0.0234744   -9.80891 
                61.1 0.193604  16.9038 -79.8469    24.4874   -5.93303 -0.0766684  0.0629448  0.0431287 -0.0563788 -0.00651303  -0.0203373    0.046823 0.0810425 -0.874532 0.0278141   0.0225007 -0.00298254  -0.0063741  0.0085087 0.00622954 0.00270327 -0.0318755   0.022583   -9.80892 
             61.2002 -0.582691   17.5015  -80.5448    24.5016   -6.03041 -0.0790881  0.0668916  0.0446187 -0.0452608 -0.00660478  -0.0200981   0.0468419  0.072696 -0.879555 0.0281025   0.0227728 -0.00306264 -0.00620371 0.00764248 0.00561762 0.00285855 -0.0321868  0.0208608   -9.80893 
             61.3001 -0.838659   18.0075  -81.1569    24.5146   -6.11038 -0.0748896  0.0659104  0.0481603 -0.0414108 -0.00680161  -0.0201847   0.0467869 0.0715761 -0.843287 0.0230442   0.0228262 -0.00304847 -0.00620948 0.00847544 0.00524065 0.00298142 -0.0308113  0.0206269   -9.80893 
             61.4003 -1.06012  18.3844 -81.4794    24.5268   -6.20427 -0.0721063  0.0687235  0.0471691 -0.0336732 -0.00687928  -0.0199592   0.0467734 0.0635796 -0.829429 0.0289574   0.0229648 -0.00293407 -0.00627642 0.00811023  0.0044713 0.00288485 -0.0311321  0.0190883   -9.80893 
             61.5006 -0.647027   18.8346  -81.8806   24.5374  -6.27932 -0.071772 0.0674049 0.0524097 -0.029529 -0.0069822 -0.0200549  0.0467139 0.0670073 -0.798054 0.0167693   0.0227806 -0.00303902 -0.00617205 0.00834655 0.00440099 0.00317214 -0.030014 0.0191624  -9.80894 
             61.6001 -0.728465   18.2794  -81.7979    24.5523   -6.36115 -0.0759642  0.0689931  0.0570181 -0.0228846 -0.00705064  -0.0199964   0.0466112   0.125901   -0.78172 0.00120802   0.0229519 -0.00291409 -0.00618105 0.00777024 0.00379037 0.00339043 -0.0295913   0.018091   -9.80894 
                61.7 -0.623183   17.9812  -81.6385    24.5685   -6.43821 -0.0777713  0.0684172  0.0594343 -0.0202961 -0.00708636  -0.0199982   0.0466071   0.149975  -0.776707 -0.0102021   0.0229445 -0.00303796 -0.00616706 0.00775884 0.00367349 0.00351437 -0.0291704  0.0180036   -9.80894 
             61.8013 -0.837948   17.7125  -81.4277   24.5843   -6.5222 -0.073327  0.0701032  0.0548403 -0.0193877 -0.00701661  -0.0199888   0.0465613   0.127289  -0.794758 0.00567285   0.0230149 -0.00310248 -0.00634876 0.00810701 0.00330498 0.00322064 -0.0295799   0.017311   -9.80894 
             61.9005 -1.24049  17.5664 -82.0918    24.5919   -6.60437 -0.0695566  0.0705025  0.0507352 -0.0239219 -0.00695533  -0.0200038    0.046549  0.126295 -0.789659 0.0201566   0.0231291 -0.00303844 -0.00615007 0.00787637 0.00364855 0.00297008 -0.0305484  0.0176603   -9.80894 
             62.0003 -1.35297  17.8303 -82.1867    24.5998   -6.69053 -0.0679076  0.0717031  0.0470911 -0.0270965 -0.00691987  -0.0200056   0.0465557   0.141611  -0.798874 0.00245064   0.0232318 -0.00313341 -0.00620409 0.00717666 0.00377783 0.00272486 -0.0317993  0.0175939   -9.80893 
             62.1003 -1.03773  17.8793 -82.2025    24.6148   -6.77589 -0.0689481  0.0734467   0.046711 -0.0267442 -0.00690852  -0.0199884    0.046568  0.144803 -0.807754 0.0016287   0.0230683 -0.00311376 -0.00623149 0.00665662 0.00344711 0.00268731 -0.0322453  0.0169521   -9.80893 
             62.2002 -1.18365  17.8922 -82.2435      24.63   -6.85315 -0.0703451  0.0730527  0.0484524 -0.0260491 -0.00691541  -0.0199853    0.046558   0.120332  -0.794434 -0.0140987   0.0231266 -0.00312275 -0.00627069  0.0068373 0.00341213 0.00282925 -0.0317805  0.0170029   -9.80893 
             62.3003 -1.23936  17.8166 -82.4068    24.6436   -6.93178 -0.0765969  0.0724213  0.0502977 -0.0266837 -0.00691307  -0.0199979   0.0465575   0.183582     -0.778 -0.0197118   0.0232173 -0.00312695 -0.00617923 0.00622748 0.00355741 0.00312522 -0.0319778  0.0172505   -9.80893 
             62.4002   -1.205  17.6806 -82.0849    24.6587   -7.00514 -0.0763464  0.0706283  0.0499572 -0.0275591 -0.00693068  -0.0200019   0.0465577   0.188799   -0.76174 0.00457344   0.0232066 -0.00311082 -0.00621755 0.00651568 0.00400236  0.0031088 -0.0318759  0.0179881   -9.80893 
             62.5001 -1.53456  17.5009 -82.2986    24.6701   -7.08833 -0.0805949  0.0708631   0.046859 -0.0289315 -0.00688478  -0.0200163   0.0465328  0.173116 -0.768711 -0.026116   0.0232509  -0.0030773 -0.00614066  0.0053953 0.00427254 0.00303208 -0.0333797  0.0181028   -9.80893 
             62.6003 -1.41059  17.7221 -82.2107  24.6828 -7.16445 -0.07656  0.0693766  0.0435551 -0.0304923 -0.0068856 -0.0200334  0.0465361  0.176396 -0.754972 0.0070533   0.0231972 -0.00322874 -0.00621817 0.00557804 0.00467588 0.00266646 -0.0339084  0.0187064   -9.80892 
             62.7003 -1.56699  17.4074 -82.2769    24.6938   -7.24654 -0.0780664  0.0692775  0.0392027 -0.0321247 -0.00682683  -0.0200469   0.0465349   0.174429   -0.73073 0.00446341   0.0232622 -0.00308633 -0.00613666 0.00448137 0.00498984 0.00250962 -0.0356166  0.0188981   -9.80892 
             62.8002 -1.54439  17.0318 -82.1236    24.7065    -7.3198 -0.0790533  0.0685666  0.0365771 -0.0338066 -0.00680245  -0.0200646   0.0465357   0.171716  -0.668894 -0.0361334   0.0232125  -0.0030859 -0.00616427 0.00402046 0.00527707 0.00238497 -0.0365081  0.0192469   -9.80891 
                62.9 -1.55975  16.1384 -82.1978    24.7153    -7.3847 -0.0770701  0.0663498  0.0324287 -0.0388582 -0.00674649  -0.0201062   0.0465781  0.176628 -0.680892 0.0495736   0.0231882 -0.00312758 -0.00616919 0.00390866 0.00602153 0.00209901 -0.0374762  0.0203855   -9.80891 
             63.0003 -1.71875  15.0505  -82.347    24.7257    -7.4539 -0.0788094  0.0668963  0.0298914 -0.0417342 -0.00668991  -0.0201046   0.0465136    0.128417   -0.593015 -0.00650424   0.0232367 -0.00306834  -0.0061712 0.00311071 0.00628238 0.00200416 -0.038619 0.0205395   -9.8089 
             63.0999 -1.59624  16.0214 -82.6295   24.7313  -7.50796 -0.080383  0.0644249  0.0289774 -0.0463931 -0.00660742  -0.0201756   0.0465051   0.131745   -0.52973 -0.0142052   0.0232119  -0.0031722 -0.00614878 0.00279738 0.00713138 0.00206394 -0.0391946  0.0218439    -9.8089 
             63.2003 -1.41892    16.58 -82.4424    24.7352   -7.55248 -0.0762673  0.0612952  0.0254987 -0.0513329 -0.0066234 -0.0202212  0.0464437   0.115004  -0.468612 0.00245044   0.0231729 -0.00316711 -0.00618631 0.00313999  0.0080609 0.00179031 -0.0397018  0.0233339   -9.80889 
             63.3002 -1.5542 16.7181 -82.372    24.7335   -7.59266 -0.0768683  0.0585393  0.0228984 -0.0604817 -0.00657885  -0.0202805   0.0464028  0.0971214  -0.386893 0.00262964   0.0232356  -0.0031329 -0.00613876 0.00251437 0.00923802 0.00172674 -0.0409116  0.0250983   -9.80888 
             63.4005 -1.51996  16.8729   -82.16    24.7384   -7.63467 -0.0736018  0.0594672  0.0178397 -0.0644758 -0.00659397  -0.0203025   0.0464404  0.0839317  -0.350951 0.00770284   0.0231904 -0.00313446 -0.00616957 0.00236493 0.00940794 0.00140954 -0.0419167    0.02517   -9.80888 
                63.5  -1.5538  16.7908 -82.0075    24.7448   -7.67183 -0.0738509  0.0604835  0.0165688 -0.0671594 -0.00657777  -0.0203141   0.0464512 0.0852922 -0.314235 0.0092649   0.0231799 -0.00313861 -0.00617726   0.001792 0.00944842 0.00134369 -0.0426218  0.0250848   -9.80888 
             63.6002 -1.63554  16.4789 -81.9167    24.7493   -7.70181 -0.0701656  0.0605671  0.0130111 -0.0711838 -0.00655302  -0.0203324   0.0464449 0.0853177 -0.263613 0.0175688   0.0231917 -0.00316798 -0.00613334  0.0019224 0.00971545 0.00115793 -0.0431548  0.0254314   -9.80887 
             63.7001 -1.61517  16.1957 -81.6381     24.757   -7.72886 -0.0701808  0.0612296  0.0133255 -0.0721961 -0.00654756  -0.0203343   0.0464289 0.0823108 -0.218828 0.0138637     0.02319 -0.00311172 -0.00617748 0.00146463  0.0096744 0.00117118 -0.0434843  0.0252946   -9.80887 
             63.8003 -1.57509   16.291 -81.4493    24.7615   -7.75524 -0.0667626  0.0625533 0.00915089 -0.0763922 -0.00651542  -0.0203435   0.0464309 0.0772719  -0.19496 0.0187637   0.0231613 -0.00316767 -0.00613943  0.00114028   0.0097693 0.000934539 -0.044466 0.0252413  -9.80887 
             63.9002 -1.55737   16.444 -81.0112     24.761   -7.77695 -0.0712014  0.0625455  0.0098676 -0.0837054 -0.00649539  -0.0203817   0.0464469  0.0600373  -0.163794 0.00518925   0.0231827 -0.00315151 -0.00619317 -0.000375002    0.0101957   0.00105755 -0.0457297   0.025785   -9.80886 
             63.9999 -1.59513  16.9013 -80.8253    24.7653   -7.79325 -0.0657485   0.062867 0.00556359 -0.0854651 -0.00652224  -0.0203898   0.0464527 0.0604396 -0.129919 0.0169024   0.0231879 -0.00325469 -0.00612246 5.79134e-05   0.0103449   0.0007517 -0.0461092  0.0258996   -9.80886 
                64.1 -1.58417  17.1655 -80.6538    24.7625   -7.80268 -0.0665269  0.0608561 0.00498494 -0.0914577 -0.00646646  -0.0204339   0.0464471  0.0444511 -0.0908991  0.0102849   0.0231994 -0.00316349 -0.00615399 -0.000557317    0.0110818  0.000827946 -0.0468923  0.0270349   -9.80885 
             64.2002 -1.57088  17.5967 -80.6169    24.7583   -7.81035 -0.0652601  0.0594516 0.00234402  -0.097127 -0.00640613  -0.0204748   0.0464564  0.0271147 -0.0618356 0.00895053   0.0231927 -0.00321112 -0.00614448 -0.000910644    0.0117705  0.000729472 -0.0477843  0.0280021   -9.80884 
             64.3001 -1.53613  17.7329 -80.7247    24.7596   -7.81832 -0.0694638   0.059956 0.00389796 -0.0984491 -0.00637297  -0.0204616    0.046477   0.0252725  -0.0408732 -0.00354851   0.0231822 -0.00312817 -0.00616589 -0.00176347   0.0117349 0.000920646 -0.0482207  0.0278904   -9.80884 
             64.4003   -1.536  17.7454 -81.0679    24.7589   -7.82008 -0.0686988  0.0592558 0.00258629  -0.100546 -0.00633836   -0.020491   0.0464907    0.0214529   -0.0149252 -0.000832786    0.023172 -0.00316993 -0.00613405   -0.001705   0.0120505 0.000853427 -0.0484626  0.0283422   -9.80884 
             64.5003 -1.58205  17.3835 -81.2515    24.7589   -7.81359 -0.0688615  0.0568659 0.00390198  -0.101043  -0.006372 -0.0205656  0.0465482   0.0237066   0.0109036 -0.00225926   0.0232103 -0.00315195 -0.00614837 -0.00137095   0.0124665 0.000973896 -0.0480751  0.0291631   -9.80884 
                64.6 -1.50336  16.9392 -81.4066    24.7586   -7.81162 -0.0725356  0.0560651 0.00515219  -0.102658 -0.00639564   -0.020585   0.0465581  0.0245574  0.0186785 -0.0112639   0.0231715 -0.00313714 -0.00614151 -0.00185543   0.0126753  0.00113754 -0.0483172  0.0295105   -9.80884 
                64.7 -1.45686  16.8139 -81.4293    24.7586   -7.81288 -0.0759098   0.056373 0.00448197  -0.104206 -0.00638238  -0.0205841    0.046542  0.0237386  0.0215632 -0.0166805   0.0231567 -0.00310898 -0.00615746 -0.00241876   0.0127552  0.00116628 -0.0488992  0.0295199   -9.80883 
             64.8002 -1.52327  17.0969 -81.5309    24.7586   -7.81396 -0.0724051  0.0568429 0.00113854  -0.105078 -0.00637888  -0.0205951   0.0465523    0.026986   0.0123407 -0.00414907   0.0231843 -0.00319983 -0.00610691 -0.00233911    0.012958 0.000742431 -0.0494573  0.0295823   -9.80883 
             64.9001 -1.43222  17.1561 -81.4368    24.7613   -7.81397 -0.0742778   0.0571272 0.000934809   -0.105232 -0.00637278  -0.0205963   0.0465592     0.03226   0.0172349 -0.00876377   0.0231658 -0.00315457 -0.00617246  -0.0025563   0.0129095 0.000792906 -0.0496446  0.0294765   -9.80883 
             65.0003 -1.39849  17.3383  -81.573    24.7652   -7.81578 -0.0783104   0.0577842 0.000791199   -0.105444 -0.00635628  -0.0205915   0.0465778  0.0405785 0.00922544 -0.0182102    0.023146 -0.00315908 -0.00614332 -0.00290897   0.0127587 0.000951747 -0.0498878  0.0292195   -9.80883 
             65.1003 -1.39234  17.6046 -81.5408    24.7641   -7.81351 -0.0778986    0.0556712 -0.000667286    -0.104627 -0.00635979   -0.020612    0.046564  0.0367687 0.00800496 -0.0132113    0.023163 -0.00315717 -0.00617172  -0.0029343   0.0132534 0.000779657 -0.0502814  0.0298907   -9.80883 
             65.2001 -1.40273  17.8098 -81.7281    24.7644   -7.81284 -0.0782653   0.0544662 -0.00182942   -0.104047 -0.00634897   -0.020626   0.0465633  0.0358286 0.00656858 -0.0102306   0.0231597 -0.00314877 -0.00612396 -0.00304509   0.0135468 0.000677432 -0.0506367  0.0302603   -9.80882 
             65.3003 -1.36141  18.0727  -81.719    24.7601   -7.80776 -0.0748238   0.0509704 -0.00346009   -0.102647 -0.00635048  -0.0206621   0.0465396  0.0224207  0.0125694 0.00111811   0.0231578 -0.00316192 -0.00616423 -0.00290009   0.0143308 0.000364489 -0.0510168  0.0313719   -9.80882 
             65.4003 -1.43524  18.1348 -81.8825   24.7527  -7.80289 -0.072128   0.0469977 -0.00559008    -0.10151 -0.00632463  -0.0207117    0.046531 0.00715897  0.0152552  0.0068287   0.0231945  -0.0031939 -0.00612052 -0.00294179   0.0152191  0.00016567 -0.0516274  0.0326306   -9.80881 
             65.5004 -1.35643  18.1033 -82.0311    24.7538   -7.80286 -0.0696285   0.0473755 -0.00622829   -0.101534 -0.00631365  -0.0207058     0.04653  0.0169372 0.00807758  0.0114297   0.0231672 -0.00316529 -0.00614904 -0.00293078   0.0152011 6.84005e-06 -0.0517398  0.0325391   -9.80881 
             65.5998 -1.28849  18.1188 -82.2182   24.7537    -7.808 -0.072794   0.0477925 -0.00750655   -0.101637 -0.00629181  -0.0206947    0.046525   0.0203958 -0.00981358  0.00041486   0.0231304 -0.00315763 -0.00612179 -0.00358461   0.0151689 0.000179267 -0.0524154  0.0323633   -9.80881 
             65.7003 -1.32477  18.1854 -82.1696   24.7514  -7.80839 -0.071245   0.0462627 -0.00880469   -0.101596 -0.00628335  -0.0207132   0.0465299  0.0166745 -0.0132106  0.0042922   0.0231635 -0.00315624 -0.00613847  -0.0036398   0.0155541 5.45806e-05 -0.0527743  0.0328826    -9.8088 
                65.8 -1.32269  18.2934 -82.1182    24.7572   -7.81317 -0.0725574   0.0479475 -0.00833572   -0.101576 -0.00627838  -0.0206997   0.0465289   0.0358127   -0.022796 0.000552195   0.0231692 -0.00314986 -0.00612956 -0.00378611   0.0151831 0.000139027 -0.0527118   0.032309   -9.80881 
             65.9001 -1.24691  18.4308 -82.0379    24.7595   -7.81254 -0.0755558   0.0468194 -0.00736124   -0.101628 -0.00628291  -0.0207057   0.0465265  0.0375974 -0.0167256 -0.0079832   0.0231406 -0.00314899 -0.00614528 -0.00386765   0.0153614 0.000391112 -0.0526266  0.0326596    -9.8088 
             66.0003 -1.27846  18.4701 -81.8922    24.7617   -7.81498 -0.0756444   0.0464623 -0.00813734   -0.101826 -0.00628222  -0.0207124   0.0465258    0.038925  -0.0219131 -0.00556939   0.0231751 -0.00316503 -0.00615238 -0.00391699   0.0154862 0.000313921 -0.0528283  0.0328019    -9.8088 
             66.1001 -1.20436  18.4495 -81.9702     24.759    -7.8186 -0.0735926  0.0452506 -0.0110975  -0.102877 -0.00625598  -0.0207318   0.0465374   0.0279841   -0.028649 0.000580978   0.0231553  -0.0031437 -0.00615678 -0.00408292   0.0159604 3.41405e-05 -0.0535748  0.0333371    -9.8088 
             66.1999 -1.14204  18.2904 -82.1693    24.7572   -7.82009 -0.0771462 0.0438487  -0.01101 -0.103768  -0.006246 -0.0207592  0.0465509  0.0232271 -0.0208059 -0.0102947   0.0231371 -0.00312623 -0.00614565 -0.00448707   0.0163214 0.000241075 -0.0539348  0.0338623   -9.80879 
             66.3002 -1.13642  18.1216 -82.6746    24.7572   -7.82959 -0.0737929   0.045086 -0.0149056  -0.104577 -0.00616923  -0.0207037   0.0465471   0.0228774  -0.0413424 0.000472607   0.0231378 -0.00313656 -0.00611928  -0.00465803    0.0163365 -0.000211347 -0.0547398  0.0336003   -9.80879 
             66.4001 -1.12809  17.8802 -83.1148    24.7576   -7.83418 -0.0747816   0.044763 -0.0152993  -0.105085 -0.00614811  -0.0207073   0.0465514   0.0256579  -0.0371585 -0.00338156   0.0231547 -0.00311128 -0.00614545  -0.00486385    0.0164778 -0.000175116 -0.0549893  0.0337624   -9.80879 
             66.5001 -1.13783  17.8333 -83.6401    24.7606   -7.83883 -0.0722249  0.0449828 -0.0163002  -0.105079 -0.00614413  -0.0207016   0.0465526  0.0331161 -0.0396981 0.00495482   0.0231556 -0.00315042 -0.00609938   -0.0046842    0.0164541 -0.000370252 -0.0550288  0.0336973   -9.80879 
             66.5994 -1.13274  17.7916 -83.6681   24.7623   -7.8383 -0.071024  0.0437484 -0.0160414  -0.105477 -0.00614835  -0.0207187    0.046549  0.0365187 -0.0246966 0.00676496   0.0231689 -0.00312894 -0.00613927  -0.00446762    0.0167063 -0.000348298 -0.0548765  0.0341423   -9.80879 
             66.7002  -1.0982  17.8233 -83.6327    24.7614   -7.83883 -0.0723512   0.042417 -0.0162977  -0.106144 -0.00615257  -0.0207298   0.0465427   0.0273963  -0.0117931 0.000702888   0.0231467  -0.0031452 -0.00611517  -0.00470344    0.0170818 -0.000225525 -0.0551648  0.0346639   -9.80878 
             66.8003  -1.0812  17.9177 -83.3386    24.7609   -7.84125 -0.0714533  0.0418162 -0.0176992  -0.106539 -0.00617441  -0.0207475   0.0465394   0.024477 -0.0114405 0.00284992   0.0231627  -0.0031403 -0.00616628  -0.00486646    0.0173015 -0.000340734 -0.055577 0.0349047  -9.80878 
             66.9012 -1.13816  17.9696 -83.6122    24.7579   -7.84554 -0.0709626  0.0411756 -0.0200572   -0.10718 -0.00616572  -0.0207677   0.0465454   0.017752 -0.0106821 0.00315361   0.0231735 -0.00314371 -0.00607396  -0.00529908    0.0176132 -0.000477608 -0.0563686  0.0351946   -9.80877 
             67.0001 -1.06422  17.9615 -83.5441    24.7583   -7.84403 -0.0710634  0.0403272 -0.0197102  -0.107573 -0.00617066   -0.020771   0.0465402     0.01979 -0.00315364  0.00186478   0.0231609  -0.0031586 -0.00614105  -0.00524075    0.0178065 -0.000412289 -0.056303 0.0355165  -9.80877 
                67.1 -1.03933  17.8936 -83.6852    24.7588   -7.84717 -0.0734842  0.0406048 -0.0201026  -0.107677 -0.00615787  -0.0207723   0.0465452   0.0208448 -0.00538441 -0.00528667    0.023148 -0.00314592 -0.00613511  -0.00567585    0.0178381 -0.000321869 -0.0566912  0.0354592   -9.80877 
             67.2003 -1.02859  17.8455 -83.7617   24.7571  -7.85048 -0.074923  0.0403024 -0.0214746   -0.10823 -0.00613772  -0.0207792   0.0465506   0.0172756  -0.0107564 -0.00772694   0.0231474 -0.00314547 -0.00614044  -0.00605845    0.0180417 -0.000352811 -0.0572481  0.0356329   -9.80877 
             67.3005 -1.07423  17.8036 -83.9403    24.7596   -7.85529 -0.0723872   0.041066 -0.0232577  -0.107968 -0.00612404  -0.0207652   0.0465514  0.0263702 -0.0161311 0.00103098   0.0231689  -0.0031389 -0.00611876  -0.00603579    0.0178905 -0.000643676 -0.0575199  0.0353354   -9.80877 
             67.3999 -1.04673  17.7653 -83.8831    24.7598   -7.85936 -0.0711298  0.0409297 -0.0247774  -0.108181 -0.00611068  -0.0207698   0.0465538  0.0254955 -0.0228056 0.00330375   0.0231584 -0.00313888 -0.00612585  -0.00619327    0.0179939 -0.000791776 -0.0579226  0.0353992   -9.80877 
             67.5002 -1.08258  17.7086  -83.833    24.7528   -7.85803 -0.0693754  0.0381244 -0.0266062  -0.109555 -0.00610705  -0.0208024   0.0465527 0.00863247 -0.0141098 0.00656819   0.0231835 -0.00313837 -0.00612924  -0.00625647     0.018754 -0.000891451 -0.0584402  0.0364633   -9.80876 
             67.6001 -1.05645  17.8507 -83.7803     24.756   -7.85837 -0.0702567  0.0384067 -0.0255421  -0.109485 -0.00610818   -0.020797   0.0465496  0.0198957 -0.0131491 0.00215469   0.0231703 -0.00320408 -0.00612175  -0.00622002    0.0186599 -0.000746774 -0.0582024  0.0363714   -9.80876 
             67.7004 -1.00132  17.8178 -83.4628    24.7581   -7.86068 -0.0745211  0.0386372 -0.0248708  -0.109327 -0.00610454  -0.0208015   0.0465515   0.0262212  -0.0121613 -0.00902907   0.0231525 -0.00315896 -0.00615613  -0.00655973    0.0186642 -0.000456462 -0.0583041  0.0363271   -9.80876 
             67.8002 -1.01138  17.8319  -83.294    24.7587   -7.86454 -0.0760746 0.0385699 -0.025883 -0.109092 -0.00610009  -0.0208108   0.0465549  0.0241466  -0.015813 -0.0106091   0.0231486 -0.00312133 -0.00613022  -0.00683501    0.0187369 -0.000486503 -0.0586884  0.0363375   -9.80876 
             67.9005 -0.985359   17.8202  -83.0595   24.7603  -7.86564 -0.075771  0.0382112 -0.0263566  -0.109151 -0.00610109  -0.0208135   0.0465549   0.0284091  -0.0125132 -0.00702485    0.023141 -0.00312821 -0.00614135  -0.00678225     0.018817 -0.000585577 -0.0587579  0.0364504   -9.80876 
             68.0003  -1.0202  17.7254 -83.2658    24.7592   -7.86532 -0.0747438  0.0370073 -0.0273798  -0.109414 -0.00608384  -0.0208322   0.0465604  0.0235855  -0.005689 -0.0031455   0.0231507 -0.00313791 -0.00612326  -0.00675174     0.019112 -0.000713084 -0.0589835  0.0368601   -9.80875 
             68.1002 -0.944107   17.5475  -83.2225    24.7604   -7.86816 -0.0793999 0.0372069 -0.027256 -0.109229 -0.00607956  -0.0208291   0.0465572   0.0240345 -0.00400884   -0.014071   0.0231137 -0.00310612 -0.00614187  -0.00718526    0.0191473 -0.000467766 -0.0592534  0.0368195   -9.80875 
             68.2001 -1.04026  17.6308 -83.3556     24.758   -7.86421 -0.0743911  0.0351721 -0.0287513  -0.109803 -0.00606456  -0.0208728   0.0465573  0.0186503 0.00305881 0.00135699   0.0231709 -0.00318394 -0.00615344  -0.00674572    0.0195655 -0.000864655 -0.059325 0.0374858  -9.80875 
             68.3003 -0.989638   17.2572  -83.5296    24.7597   -7.87241 -0.0756363  0.0366937 -0.0305913  -0.109112 -0.00602515  -0.0208164   0.0465313   0.0214679 -0.00925867 -0.00163133   0.0231332 -0.00310265 -0.00613571  -0.00735436    0.0193554 -0.000951266 -0.0600204   0.036949   -9.80875 
             68.3995 -1.03886  17.1794 -83.4648    24.7572   -7.87541 -0.0746326  0.0358999 -0.0323198  -0.109011 -0.00600008  -0.0208261   0.0465334   0.014997 -0.0109914 0.00127428   0.0231672 -0.00312165 -0.00615837  -0.0075652   0.0196086 -0.00110655 -0.0605274  0.0372016   -9.80874 
                68.5 -1.02461  17.1855 -83.5571   24.7605  -7.87845 -0.071504  0.0365264 -0.0328357  -0.108949 -0.00600446  -0.0208163   0.0465348  0.0243063 -0.0151055   0.009274   0.0231478 -0.00315734 -0.00612283  -0.0074663   0.0194543 -0.00134479 -0.060538 0.0369691  -9.80874 
             68.6001 -1.06415  17.2298 -83.3751    24.7594   -7.87808 -0.0702967  0.0352708 -0.0333394  -0.108797 -0.00600356  -0.0208267   0.0465286   0.0210242 -0.00757168   0.0095751   0.0231827 -0.00315779 -0.00615948 -0.00747861   0.0197414 -0.00135712 -0.0606959  0.0373687   -9.80874 
             68.7002 -1.03401  17.3309 -83.3296    24.7633   -7.88117 -0.0722194 0.0360685 -0.033245 -0.108742 -0.00599383  -0.0208225   0.0465401  0.0307652   -0.01064 0.00234585   0.0231615 -0.00316227 -0.00613946 -0.00768946   0.0195988 -0.00118203 -0.0607674  0.0371196   -9.80874 
                68.8 -1.03285  17.4168 -83.3163     24.764   -7.87335 -0.0701203   0.033947 -0.0321747  -0.109136 -0.00600502  -0.0208384   0.0465045   0.031255  0.0133578 0.00621251   0.0231687 -0.00316684 -0.00615702 -0.00720247   0.0199776 -0.00116883 -0.0603427  0.0378348   -9.80874 
             68.8999 -1.02251  17.4385 -83.4123    24.7649   -7.87508 -0.0726974  0.0338636 -0.0330543  -0.108526 -0.00598644  -0.0208381   0.0465176   0.0308143  0.00755543 -0.00219643   0.0231567 -0.00314101 -0.00613352 -0.00757612    0.020057 -0.00100556 -0.0607343   0.037832   -9.80874 
             68.9998 -1.01171  17.5393  -83.369     24.763   -7.87782 -0.0745197  0.0330615 -0.0347148  -0.107522 -0.00596554  -0.0208461   0.0465321    0.0227183 -0.000851021  -0.00660654   0.0231605 -0.00316333 -0.00616197  -0.00799276    0.0203022 -0.000983795 -0.0613417  0.0380229   -9.80873 
             69.1002 -1.03837  17.6036 -83.4625    24.7646   -7.87895 -0.0738585  0.0329512 -0.0352849  -0.107312 -0.00596077  -0.0208458   0.0465345   0.0265635 -0.00228124 -0.00345594   0.0231565 -0.00316346 -0.00609851 -0.00803245   0.0203346 -0.00111025 -0.0614879  0.0380332   -9.80873 
                69.2 -1.02267  17.6497 -83.3147    24.7639   -7.87531 -0.0715776   0.031443 -0.0355742  -0.107214 -0.0059646 -0.0208584   0.046532  0.0226972  0.0107709 0.00264602   0.0231692 -0.00316183 -0.00616402 -0.00783652   0.0206389 -0.00125676 -0.061494 0.0385041  -9.80873 
             69.3002 -0.99884  17.6144 -83.3349    24.7644   -7.88161 -0.0731117  0.0321392 -0.0373097  -0.106445 -0.00594117  -0.0208506    0.046531   0.0222112 -0.00571474 -0.00157472   0.0231389 -0.00314508  -0.0061167 -0.00839109   0.0205878 -0.00128571 -0.0621452  0.0382239   -9.80873 
                69.4 -0.989766   17.6161  -83.1339    24.7641   -7.87724 -0.0730885  0.0307456 -0.0369112  -0.106621 -0.0059531 -0.0208572  0.0465349    0.019451   0.0100779 -0.00125181   0.0231457 -0.00314462 -0.00615043 -0.00820454   0.0208797 -0.00122449 -0.0620147  0.0387029   -9.80873 
             69.5003 -1.03212   17.589 -83.2726    24.7618   -7.88072 -0.0737024    0.03043 -0.0387172  -0.106155 -0.00592517   -0.020857   0.0465343   0.0138862 0.000215524 -0.00263013   0.0231555 -0.00314283 -0.00610571 -0.00862418   0.0210605 -0.00130638 -0.0626459  0.0387794   -9.80872 
             69.6002 -0.95504  17.5447 -83.3957    24.7644   -7.88139 -0.0742302    0.03079 -0.0386219  -0.106122 -0.00592741  -0.0208507   0.0465316   0.0204171 0.000412058 -0.00331538   0.0231207   -0.003135 -0.00612971 -0.00864931   0.0209774 -0.00129655 -0.0626267  0.0386587   -9.80872 
             69.7002 -1.02217  17.6507 -83.4376    24.7607   -7.88582 -0.0758966   0.030189 -0.0405375  -0.105714 -0.00589318  -0.0208521   0.0465409   0.0109212 -0.00854028 -0.00705095   0.0231566  -0.0031608 -0.00612404 -0.00914314   0.0212499 -0.00132508 -0.0633397   0.038842   -9.80872 
             69.8003 -0.997927   17.7197  -83.3643    24.7617   -7.88528 -0.0742307  0.0299101 -0.0406922  -0.105809 -0.00589763  -0.0208552   0.0465385   0.0155173 -0.00450206  -0.0012525   0.0231444 -0.00315872 -0.00612181  -0.0089562   0.0212874 -0.00146923 -0.0632636  0.0389279   -9.80872 
             69.9002 -0.982353   17.7757  -83.3214    24.7605    -7.8847 -0.0761363 0.0291515 -0.040788 -0.105808 -0.00589315   -0.020864   0.0465387    0.0120394 -0.000328313  -0.00611935    0.023139 -0.00316546 -0.00613025 -0.00908322   0.0214947 -0.00134121 -0.0634003  0.0391913   -9.80872 
             70.0001 -0.96038  17.7554 -83.2429     24.759   -7.88711 -0.0773044  0.0289291 -0.0417767  -0.105619 -0.00588512  -0.0208699   0.0465421  0.00775039 -0.00209466 -0.00744849   0.0231347 -0.00312676 -0.00615288 -0.00934297   0.0216163 -0.00136842 -0.0637675  0.0392555   -9.80871 
             70.1003 -0.981484   17.8446  -83.1364    24.7613   -7.88795 -0.0778734  0.0292771 -0.0416863  -0.105581 -0.00588495  -0.0208668   0.0465429    0.015303 -0.00305812 -0.00697715   0.0231451 -0.00316352 -0.00615675 -0.00932731   0.0215247 -0.00138574 -0.0637219  0.0391345   -9.80871 
             70.2003 -0.982908   17.8262  -83.0479   24.7652  -7.88856 -0.076735 0.0297438 -0.041722  -0.10553 -0.00588528  -0.0208616   0.0465429    0.025414 -0.00122451 -0.00175106   0.0231322 -0.00314344 -0.00610865 -0.00918466    0.021383 -0.00151107 -0.0636089  0.0389638   -9.80872 
             70.3001 -0.978292   17.8258   -82.971    24.7672   -7.88985 -0.0763429  0.0297422 -0.0421832  -0.105514 -0.0058816 -0.0208625  0.0465434    0.0270738  -0.00962599 -0.000756121   0.0231355 -0.00312582  -0.0061218 -0.00922385   0.0214055 -0.00157863 -0.0637212  0.0389616   -9.80872 
             70.4003 -0.991781   17.9369  -83.4791    24.7677    -7.8934 -0.0744844   0.029655 -0.0435199  -0.105519 -0.00585863  -0.0208503   0.0465529  0.0271396 -0.0215994 0.00369132   0.0231292  -0.0031683 -0.00607229  -0.0093111   0.0214997 -0.00177545 -0.064035 0.0389956  -9.80871 
             70.5003 -1.01529   18.119  -84.487    24.7617   -7.89367 -0.0714312  0.0274492 -0.0452522   -0.10595 -0.00574589  -0.0209228   0.0465781 0.00785952 -0.0389769 0.00961622   0.0231479 -0.00320237 -0.00607642 -0.00923864   0.0220887 -0.00195194 -0.0644207  0.0397566   -9.80871 
             70.5998 -0.969936   18.3514  -86.5616    24.7578   -7.90306 -0.0725959  0.0275267 -0.0468108  -0.105706 -0.00560636  -0.0208108   0.0466442 -0.0107255 -0.0701773 0.00310049   0.0231054 -0.00316313  -0.0060321 -0.00967943   0.0222465 -0.00191207 -0.0649912  0.0397804    -9.8087 
             70.6999 -0.887088   18.7539  -90.1661    24.7511   -7.90643 -0.0765578  0.0252758 -0.0470779  -0.105563 -0.0053503 -0.0210431  0.0467089  -0.0343078  -0.0737662 -0.00748611    0.023046 -0.00316396  -0.0059522 -0.00974234   0.0226037 -0.00153086  -0.06509 0.0404012   -9.8087 
             70.8002 -0.870112   19.0355  -95.2887    24.7458   -7.91174 -0.0759362  0.0242038 -0.0471144  -0.105421 -0.00525878  -0.0212342   0.0467264  -0.0526602  -0.0922913 -0.00331031   0.0230203 -0.00317109 -0.00587647 -0.00955854   0.0227685 -0.00158864 -0.0650038  0.0407005    -9.8087 
                70.9 -0.795458   18.9835  -101.226    24.7418   -7.92578 -0.0770385   0.025882 -0.0472436  -0.105525 -0.0054196 -0.0209129  0.0466637  -0.0637287   -0.108821 -0.00455293    0.022954 -0.00314137 -0.00582045 -0.00979292    0.022543 -0.00160532 -0.0651707  0.0402529    -9.8087 
             71.0004 -0.732566   18.7339  -107.218   24.7341  -7.93937 -0.078589  0.0260562 -0.0472843  -0.105577 -0.00543518  -0.0208447   0.0466519 -0.0893178  -0.133471 -0.0044874   0.0229195 -0.00314059 -0.00581161  -0.0099084   0.0224979 -0.00154578 -0.0652508  0.0401895    -9.8087 
             71.1002 -0.696093    18.791  -112.771    24.7225   -7.95717 -0.0766733   0.027082 -0.0485566  -0.105628 -0.00543681  -0.0207129   0.0466389   -0.124667   -0.174123 -0.00437602   0.0229091 -0.00316034  -0.0058147 -0.00992777   0.0225334 -0.00182034 -0.0655303  0.0400725    -9.8087 
             71.2002 -0.583858   18.9051  -117.856    24.7132    -7.9719 -0.0786788  0.0268179 -0.0463885  -0.105799 -0.0054422 -0.0208716  0.0466354   -0.154301   -0.179641 -0.00435452   0.0228645 -0.00315204 -0.00586389 -0.00962129   0.0223647  -0.0015432 -0.0648816  0.0399333    -9.8087 
                71.3 -0.604075    19.116  -122.612    24.6905   -7.99067 -0.0768864 0.0257687 -0.047932 -0.104723 -0.00544138  -0.0207727   0.0466455  -0.208692  -0.205122 0.00230221   0.0228789 -0.00316699 -0.00584704 -0.00981815   0.0227415 -0.00179651 -0.0653044  0.0404111    -9.8087 
             71.4002 -0.497195   19.3238  -126.407    24.6694   -8.02057 -0.0749662  0.0291902 -0.0490045  -0.106757 -0.00553655   -0.020965   0.0466139    -0.2464  -0.253926 0.00803457   0.0228701 -0.00318702 -0.00590276 -0.00998331   0.0222045 -0.00202092 -0.0657824  0.0396127    -9.8087 
             71.5001 -0.37244  19.3213 -129.161     24.639   -8.05224 -0.0739748  0.0294674 -0.0508592   -0.10666 -0.0056829 -0.0211136  0.0465589  -0.290911  -0.303994 0.00469535   0.0228645 -0.00316223 -0.00596785   -0.010406    0.022044 -0.00220586 -0.0664768  0.0395751   -9.80869 
             71.6004 -0.29064  19.3632 -131.024    24.6113   -8.08556 -0.0741444 0.0309221 -0.050421 -0.108329 -0.00554959  -0.0211576   0.0466013  -0.321208  -0.342823 0.00828364   0.0228504 -0.00314085 -0.00598837  -0.0102169   0.0217741 -0.00206864 -0.0663067  0.0391577    -9.8087 
             71.7002 -0.288293   19.2856  -132.043    24.5742   -8.11748 -0.0742075 0.0284745 -0.050511 -0.106189 -0.00573845  -0.0210392   0.0465378  -0.371497  -0.360563 0.00420016   0.0228628 -0.00314122 -0.00606983  -0.0104151   0.0221577 -0.00202696 -0.0663173  0.0397652    -9.8087 
             71.8001 -0.32694  19.0112 -132.552    24.5354   -8.15812 -0.0742109  0.0297215 -0.0515413  -0.106825 -0.00564837  -0.0212244   0.0465515   -0.405343   -0.383041 -0.00216989   0.0228795 -0.00315952 -0.00606368  -0.0105045   0.0217677 -0.00199709 -0.066659 0.0393714  -9.80869 
             71.9004 -0.14085  18.4052 -132.162    24.4973   -8.19884 -0.0754234 0.0314269 -0.050678 -0.108921 -0.00552183  -0.0211487   0.0466156    -0.40967   -0.422408 -0.00579981   0.0228729 -0.00311546 -0.00613233  -0.0102039   0.0216413 -0.00178749 -0.0663212  0.0389924    -9.8087 
             72.0002 -0.00852788     17.9021    -131.494    24.4586   -8.24547 -0.0756864   0.034154 -0.0500525  -0.111703 -0.00531976  -0.0211345   0.0466832 -0.429641 -0.457605 0.0034849   0.0228931 -0.00316099 -0.00613103 -0.00986058    0.021286 -0.00172091 -0.0661191  0.0383277    -9.8087 
             72.1002 0.106977  17.3146 -130.772   24.4103  -8.28891 -0.074119  0.0302037 -0.0506814  -0.107749 -0.0055328 -0.0211508  0.0466175 -0.454247 -0.480958 0.0081321   0.0228992 -0.00314131 -0.00615067  -0.0103016   0.0218148 -0.00197063 -0.0663591  0.0392904    -9.8087 
             72.2004 0.0641354   16.9191  -130.336    24.3651   -8.34302 -0.0720949 0.0319817 -0.051262 -0.108227 -0.00543351  -0.0212041    0.046641  -0.475449  -0.508208 0.00533986   0.0229244 -0.00316968 -0.00612651  -0.0103235   0.0212323 -0.00209849 -0.066716 0.0386478   -9.8087 
             72.3002 0.135415  16.6124 -130.137    24.3135   -8.39817 -0.0741859  0.0320159 -0.0540428  -0.104279 -0.00539353  -0.0212281   0.0466585   -0.490899   -0.536627 -0.00392568   0.0228876 -0.00315076 -0.00613676  -0.0106393   0.0211125 -0.00193501 -0.0674031  0.0385975   -9.80869 
             72.4005 0.129861  16.5265 -129.956    24.2668   -8.45484 -0.0721805 0.0335626 -0.052602 -0.107251 -0.00542173  -0.0212115   0.0466516 -0.491667 -0.560483 0.0017091   0.0229153 -0.00317654 -0.00611785  -0.0104869    0.020767 -0.00209128 -0.067235 0.0381319   -9.8087 
             72.5003 0.118106  16.4579 -129.892    24.2209   -8.51313 -0.0705651  0.0353127 -0.0507265  -0.111516 -0.00546869  -0.0212105   0.0466253  -0.491678  -0.587331 0.00719211   0.0228872 -0.00317818 -0.00609283  -0.0102158   0.0205359 -0.00214852 -0.0668477  0.0377239    -9.8087 
             72.6002 -0.141857   16.5026  -129.885    24.1724   -8.57528 -0.0703225  0.0373777 -0.0508755  -0.113079 -0.00549464  -0.0211742   0.0466453  -0.510796  -0.597255 0.00741624   0.0229488 -0.00321807 -0.00611046  -0.0101191   0.0202422 -0.00206114 -0.0669138  0.0372468    -9.8087 
             72.6999 -0.268866   16.3717  -130.103   24.1179  -8.63007 -0.065085  0.0327843 -0.0498688  -0.109604 -0.00544398  -0.0212391    0.046633 -0.517195 -0.592939 0.0155638    0.022929 -0.00317814 -0.00608419  -0.0104789   0.0205588 -0.00252747 -0.0669366  0.0380631    -9.8087 
             72.8004 -0.351664   16.1665      -130    24.0673   -8.68717 -0.0655551  0.0335769 -0.0495503  -0.111574 -0.00545911  -0.0212584   0.0466239  -0.518559  -0.591609 0.00903744   0.0229367 -0.00318762 -0.00609835  -0.0101821   0.0207724 -0.00224294 -0.0665459  0.0380951    -9.8087 
             72.9002 -0.304992   15.5919  -129.543     24.014   -8.75481 -0.0672349  0.0365264 -0.0520935  -0.111252 -0.00543905  -0.0212247   0.0465823  -0.515686  -0.633173 0.00712882   0.0229054 -0.00314659 -0.00612486   -0.010349   0.0201384 -0.00205349 -0.0672739  0.0373178    -9.8087 
             73.0001 -0.42819  15.1398 -128.949    23.9638   -8.82085 -0.0665044  0.0389043 -0.0515693  -0.114348 -0.00542406  -0.0212057   0.0465817  -0.526477  -0.639772 0.00389797   0.0229583 -0.00319438 -0.00614766  -0.0101556   0.0198094 -0.00200367 -0.0671734  0.0367821    -9.8087 
             73.1003 -0.360629   14.7535  -128.492   23.9091  -8.88151 -0.068328  0.0367247 -0.0525537   -0.11137 -0.00545529  -0.0212268   0.0465919   -0.534786    -0.63673 8.62509e-05   0.0229254 -0.00317505 -0.00614929 -0.0101861  0.0202545 -0.0018087 -0.0671351  0.0373499    -9.8087 
             73.2002 -0.355284   14.5938  -128.002    23.8563   -8.94874 -0.0660788 0.0370758 -0.052316 -0.111157 -0.00544062  -0.0212224   0.0465956  -0.510573  -0.655685 0.00197714     0.02293 -0.00319763 -0.00617561  -0.0104502   0.0199547 -0.00209397 -0.0674604  0.0371288    -9.8087 
                73.3 -0.555189    14.378  -127.944    23.8074   -9.01673 -0.0654081  0.0393046 -0.0515976    -0.1148 -0.00545667  -0.0212067   0.0465952  -0.514374  -0.654891 0.00587906   0.0229416 -0.00319217 -0.00611365  -0.0102856   0.0196731 -0.00206516 -0.0673326  0.0366748    -9.8087 
             73.4003 -0.713517    14.285   -128.17    23.7559   -9.08052 -0.0640469  0.0391572 -0.0508669  -0.115501 -0.00546216  -0.0212216   0.0465871   -0.52709   -0.64168 0.00353934     0.02294 -0.00321598 -0.00611432  -0.0102357   0.0197252 -0.00210302 -0.0671719  0.0367235    -9.8087 
             73.5002 -0.726382    14.378  -128.636     23.704   -9.13831 -0.0623762 0.0373934  -0.04891 -0.115194 -0.00545017  -0.0213018   0.0465519   -0.53502  -0.604376 0.00822661   0.0229229 -0.00321696 -0.00608563  -0.0101307   0.0200739 -0.00220926  -0.06669 0.0371271   -9.8087 
                73.6 -0.64113  14.5905  -129.04  23.6509 -9.20067 -0.06261  0.0377528 -0.0500294  -0.115087 -0.00544259  -0.0212787     0.04657 -0.512614 -0.610383 0.0106124   0.0229255 -0.00322845  -0.0060893  -0.0101476    0.019978 -0.00210755 -0.0668772  0.0370418    -9.8087 
             73.7003 -0.644585   14.7324  -129.376    23.5971   -9.26364 -0.0607775   0.038775 -0.0504304  -0.115568 -0.00545132  -0.0212358    0.046593  -0.53547 -0.586284 0.0117063   0.0229277 -0.00321714 -0.00610706  -0.0103845   0.0197418 -0.00225056 -0.0672381  0.0368174    -9.8087 
             73.8002 -0.648852   14.8062  -129.824    23.5458     -9.321 -0.0589174  0.0387729 -0.0493085  -0.115951 -0.00546148   -0.021249   0.0465823 -0.517724 -0.585038  0.010439   0.0229434 -0.00321551 -0.00608751  -0.0103265    0.019823 -0.00233536 -0.0670289  0.0368432    -9.8087 
             73.9001 -0.608641   14.6211  -129.972    23.4935   -9.38183 -0.0568885  0.0400286 -0.0495578  -0.116892 -0.00544635  -0.0212319   0.0465772 -0.513001 -0.588322 0.0090179   0.0229353 -0.00320434  -0.0060792  -0.0105161   0.0195872 -0.00249818 -0.067338  0.036592   -9.8087 
             74.0003 -0.586097   14.3698  -130.069     23.44  -9.44411 -0.058188  0.0402141 -0.0519291  -0.116304 -0.00543026  -0.0212362   0.0465536  -0.524778  -0.577259 0.00960493   0.0229162 -0.00320409  -0.0060972  -0.0107538   0.0193229 -0.00234261 -0.0678997  0.0364777    -9.8087 
             74.1003 -0.718065    14.201  -130.331    23.3893   -9.50458 -0.0570704  0.0419536 -0.0517477  -0.118503 -0.00542317  -0.0212238   0.0465537  -0.516145  -0.571512 0.00834081   0.0229222 -0.00318838 -0.00608384  -0.0106959   0.0190262 -0.00235111  -0.06794 0.0360766   -9.8087 
             74.1999 -0.749207   14.2604  -130.548    23.3368   -9.56271 -0.0591463  0.0417735 -0.0533746  -0.117953 -0.00541901  -0.0212219   0.0465539  -0.514252  -0.566611 -0.0120221   0.0229451 -0.00322528  -0.0060758 -0.0106894  0.0189643 -0.0020885 -0.0681219  0.0360781    -9.8087 
             74.2999 -0.758366   14.2707  -130.688    23.2876   -9.61837 -0.0609202  0.0427839 -0.0531749  -0.119913 -0.00542486  -0.0212123   0.0465505   -0.508585   -0.551529 -0.00212493   0.0229429 -0.00322038 -0.00608756  -0.0104404   0.0188755 -0.00189586 -0.0678963  0.0358683    -9.8087 
             74.4002 -0.600524   14.1471  -130.701   23.2372  -9.67451 -0.061946  0.0432059 -0.0542205  -0.120147 -0.00541551  -0.0212135   0.0465515  -0.496604   -0.54016 0.00652891   0.0228916 -0.00321444 -0.00612342 -0.0105094  0.0187146 -0.0018132 -0.0681301  0.0357494    -9.8087 
             74.5001 -0.599348   13.9963  -130.649    23.1889   -9.72617 -0.0638998  0.0430712 -0.0543522  -0.120552 -0.00542613  -0.0212113   0.0465505   -0.476592   -0.514816 -0.00542752   0.0228979 -0.00321603  -0.0061409  -0.0103101   0.0187711 -0.00159277 -0.067925 0.0357687   -9.8087 
             74.6003 -0.605845   13.9297  -130.602    23.1393   -9.77056 -0.0613751  0.0394669 -0.0526343  -0.116285 -0.00544944  -0.0212305   0.0465471   -0.462835   -0.492828 -0.00172242   0.0229394 -0.00322786 -0.00610975  -0.0104742   0.0194029 -0.00191524 -0.0676432  0.0365649    -9.8087 
             74.7003 -0.512836   13.8663  -130.196   23.0985  -9.82454 -0.059399  0.0442498 -0.0508737  -0.122867 -0.00540713  -0.0211959   0.0465463  -0.439827  -0.504541 0.00464158   0.0229142 -0.00323279 -0.00616357  -0.0102168   0.0188075 -0.00204005 -0.0674683  0.0355974    -9.8087 
             74.8001 -0.474315   13.7784  -129.719    23.0545   -9.87203 -0.0579274  0.0426567 -0.0505415  -0.120859 -0.00542628  -0.0212011   0.0465435  -0.434499  -0.483525 0.00293582   0.0228886 -0.00320297 -0.00616835  -0.0103338   0.0190441 -0.00216558 -0.0674466  0.0359374    -9.8087 
             74.9004 -0.642692   13.9832  -129.096    23.0156   -9.92355 -0.0578846 0.0455722 -0.050208 -0.125092 -0.00539349  -0.0211852   0.0465699  -0.403833   -0.48158 0.00411422   0.0229146 -0.00323318 -0.00617103  -0.0100994   0.0186449 -0.00205259 -0.0673477  0.0353287   -9.80871 
             75.0002 -0.625518   14.2736  -127.955    22.9716   -9.97253 -0.0590199  0.0446786 -0.0522246  -0.122019 -0.00539911  -0.0212271   0.0465898    -0.398411    -0.472522 -0.000252073   0.0228867 -0.00323111 -0.00622307  -0.0102908   0.0186826 -0.00193088 -0.0677433  0.0354749    -9.8087 
             75.1005 -0.666202   14.5737    -126.3    22.9374   -10.0196 -0.0616137  0.0472245 -0.0517114  -0.126728 -0.00533134  -0.0211617   0.0465881   -0.380161     -0.4691 -0.00609549   0.0229154 -0.00324684 -0.00621071 -0.00981141    0.018581 -0.00162187 -0.0673032  0.0350948   -9.80871 
             75.2001 -0.633373   14.6292   -124.19     22.903   -10.0707 -0.0591456  0.0484177 -0.0506052  -0.128732 -0.00525886  -0.0211971   0.0466083   -0.337575   -0.498757 0.000383918   0.0229569 -0.00324789 -0.00623279 -0.00992706   0.0181841 -0.00194235 -0.067404   0.03471  -9.80871 
             75.3002 -0.554621    14.529  -122.028    22.8698   -10.1193 -0.0599345  0.0481997 -0.0509512  -0.128242 -0.00528066  -0.0211898   0.0466066   -0.319606   -0.492066 -0.00277617   0.0229386 -0.00321797 -0.00623957 -0.00989367   0.0183038 -0.00184053 -0.0673806  0.0348125   -9.80871 
             75.4001 -0.602045   14.6064  -120.231    22.8428   -10.1695 -0.0575628   0.049663 -0.0488868  -0.132807 -0.00524033  -0.0211649   0.0466207  -0.299979  -0.488241 0.00307419   0.0229388 -0.00322909 -0.00621584  -0.0097005   0.0179798 -0.00202975 -0.0670442  0.0344456   -9.80871 
             75.5003 -0.580191   14.6918  -118.606    22.8108    -10.222 -0.0607126  0.0502553 -0.0515373  -0.129219 -0.00523618  -0.0211666   0.0466169   -0.293219   -0.505225 -0.00176366   0.0229237 -0.00323651 -0.00623303 -0.00982821   0.0180209 -0.00172392 -0.0674882  0.0343505   -9.80871 
             75.5996 -0.647067   14.7692  -116.986    22.7806   -10.2762 -0.0564202  0.0490213 -0.0507029  -0.127393 -0.00524215  -0.0211534   0.0466158 -0.278146 -0.520911 0.0101573   0.0229774 -0.00325375 -0.00622616  -0.0102394   0.0176251 -0.00223718 -0.067834 0.0341991  -9.80871 
             75.7002 -0.680186   14.8093  -115.255   22.7532  -10.3249 -0.054582  0.0476155 -0.0503047  -0.126571 -0.00522755   -0.021164   0.0466175 -0.254011 -0.513557 0.0105768   0.0230041 -0.00326173 -0.00626288  -0.0102745   0.0178017 -0.00233515 -0.0677786  0.0344923   -9.80871 
             75.7995 -0.769337   14.7991  -113.475    22.7332   -10.3813 -0.0535547  0.0505978 -0.0496501  -0.130397 -0.00525903  -0.0211579   0.0466171  -0.221223  -0.518196 0.00637936   0.0230016 -0.00324606  -0.0062403  -0.0101724   0.0172745 -0.00232913 -0.0676964  0.0338023   -9.80871 
             75.9002 -0.918592   14.8536  -111.196    22.7145   -10.4359 -0.0525216  0.0516845 -0.0492109  -0.132153 -0.00525462  -0.0211648   0.0466248  -0.185901  -0.528409 0.00492438   0.0230435 -0.00324741 -0.00625417  -0.0101278   0.0170617 -0.00235506 -0.0676324  0.0335475   -9.80871 
             76.0005 -0.973732   14.7949  -108.515    22.6922   -10.4912 -0.0557715 0.0510203 -0.051779 -0.126649 -0.00529749  -0.0211956   0.0466031   -0.178056   -0.540306 -0.00627141   0.0230278 -0.00322806 -0.00629931  -0.0103705   0.0172931 -0.00212757 -0.0681205  0.0336543   -9.80871 
                76.1 -1.14056  14.6811 -105.834    22.6788   -10.5442 -0.0590799  0.0524952 -0.0519197  -0.129102 -0.00528553  -0.0211735   0.0466155  -0.125924   -0.54457 -0.0130395   0.0230508 -0.00323973 -0.00629571  -0.0101016   0.0173686 -0.00186574 -0.0678868  0.0335948   -9.80871 
             76.2002 -1.41939  14.7953 -102.999     22.671    -10.597 -0.0584219  0.0527436 -0.0505274  -0.132397 -0.00525847  -0.0211597   0.0466295  -0.0764938   -0.538029 -0.00751904   0.0231013  -0.0032545 -0.00628309 -0.00996833   0.0172011 -0.00200435 -0.0676239   0.033549   -9.80871 
             76.3002 -1.77649  15.1255 -100.328     22.665   -10.6456 -0.0610882  0.0533613 -0.0504051  -0.135339 -0.00522812  -0.0211171    0.046607 -0.0544256  -0.522205 -0.0204973   0.0231028 -0.00326755  -0.0063045  -0.0096315    0.017482 -0.00179385 -0.0673268  0.0337978   -9.80871 
             76.3999 -2.22892  15.4853 -97.8946    22.6607   -10.6998 -0.0592177  0.0525098 -0.0492487  -0.135155 -0.00526477  -0.0211384   0.0466209 -0.0459377  -0.525887 0.00048517   0.0231363 -0.00327624 -0.00628821 -0.00985263    0.017149 -0.00214177 -0.0673854  0.0336404   -9.80871 
             76.5002  -2.4584  16.2514 -95.5314    22.6594   -10.7562 -0.0598974   0.054132 -0.0494693  -0.135995 -0.00530847  -0.0211356   0.0466667 -0.0260692  -0.513093 0.00432491   0.0231101 -0.00332645 -0.00629076 -0.00991876   0.0169061 -0.00208352 -0.0674053  0.0332731   -9.80871 
             76.6006 -2.60988  16.8074 -93.1138    22.6563   -10.8088 -0.0590712  0.0538971 -0.0500755  -0.134547 -0.00532689  -0.0211075   0.0466878 0.000193876   -0.497357  0.00520504   0.0231497  -0.0032963 -0.00628089  -0.0101105   0.0169034 -0.00217051  -0.06763 0.0332131  -9.80871 
             76.7004 -2.63774  16.8106 -91.0496    22.6537   -10.8575 -0.0622744  0.0532264 -0.0509666  -0.133858 -0.00530596  -0.0211055   0.0467058  -0.0068888   -0.470848 -0.00466467   0.0231408 -0.00326797 -0.00629279  -0.0101966   0.0170056 -0.00186889 -0.067783  0.033323  -9.80871 
             76.8002 -2.69389  16.3192 -89.8881   22.6505   -10.903 -0.061109  0.0529468 -0.0513522  -0.133794 -0.00525311  -0.0210896   0.0467258 -0.00362333   -0.434801 -0.00282664   0.0231349 -0.00324105  -0.0062312  -0.0102066   0.0171264 -0.00199873 -0.0678931   0.033422   -9.80871 
             76.9005 -2.60561   15.604 -89.3817     22.649   -10.9433 -0.0649949  0.0517446 -0.0506322  -0.133624 -0.00528409   -0.021164   0.0467632   -0.02033  -0.396022 -0.0158167   0.0231085  -0.0032461 -0.00621916   -0.010318   0.0170564 -0.00174555 -0.0678684  0.0335253   -9.80871 
             77.0003 -2.56468  14.8001 -89.6728    22.6499   -10.9799 -0.0664092  0.0520898 -0.0503693  -0.132561 -0.00537483  -0.0211586   0.0467231 -0.00408119   -0.331406  -0.0179177   0.0231136 -0.00322654 -0.00617509  -0.0102345   0.0169608 -0.00179356 -0.0677357  0.0334109   -9.80871 
             77.1002 -2.48608  14.0194 -90.2616    22.6504   -11.0121 -0.0674011  0.0530313 -0.0504119  -0.133015 -0.00542447  -0.0210639   0.0466677 -0.00974798    -0.29042   0.0116582   0.0231079 -0.00321731 -0.00614813  -0.0102916   0.0168844 -0.00186232 -0.0677291  0.0332451   -9.80871 
             77.1999 -2.37624   13.351 -90.7606    22.6491    -11.043 -0.0667921  0.0541519 -0.0508744  -0.135422 -0.00537903  -0.0209658   0.0466576 -0.00377184   -0.251689 -0.00531973   0.0231007 -0.00323916 -0.00617727  -0.0104605   0.0169229 -0.00191406 -0.0678872  0.0331524   -9.80871 
             77.3004 -2.38741  14.0498 -91.4858    22.6475   -11.0705 -0.0659929  0.0560773 -0.0517517  -0.138336 -0.00539114  -0.0208624   0.0467496  -0.0120665   -0.225422 3.93056e-05   0.0231019 -0.00327558 -0.00615959  -0.0106251    0.016999 -0.00204531 -0.0680762  0.0329878   -9.80871 
             77.4002 -2.42903  14.6868  -92.217    22.6405   -11.0896 -0.0644686  0.0555545 -0.0526381  -0.137683 -0.00531012  -0.0208942   0.0467324   -0.04361  -0.181776 0.00228927   0.0231278 -0.00331906 -0.00615956 -0.0105476  0.0173738 -0.0021488 -0.068267 0.0332411  -9.80871 
             77.4999 -2.25089  15.3111 -92.8385    22.6361    -11.108 -0.0610667  0.0574829 -0.0528095  -0.138573 -0.00537001   -0.020881   0.0467614 -0.0407534  -0.155695  0.0173696   0.0230955 -0.00330513 -0.00615978  -0.0105481   0.0175473 -0.00238383 -0.0682894  0.0331481   -9.80871 
             77.6001 -2.02709  15.9488 -93.1157    22.6364   -11.1229 -0.0609692  0.0576043 -0.0522786  -0.139362 -0.00535209  -0.0208733   0.0467629 -0.0223747  -0.131627  0.0106541   0.0231165 -0.00332501 -0.00618031  -0.0105619   0.0172209 -0.00226981 -0.0681369   0.032975   -9.80871 
             77.7002 -1.83327  16.2248 -93.6567    22.6349   -11.1348 -0.0624144  0.0566439 -0.0520965  -0.139694 -0.00533947  -0.0208758   0.0467687  -0.020115  -0.106801 0.00335984   0.0230893  -0.0032875 -0.00616606  -0.0106312   0.0170135 -0.00209246 -0.0681243  0.0329558   -9.80871 
             77.7999 -1.68705    16.29  -94.117    22.6364   -11.1459 -0.0674708  0.0554337 -0.0511306   -0.14065 -0.00533137   -0.020873   0.0467656  -0.0229904   -0.092141 -0.00698923   0.0230593 -0.00326081 -0.00618013  -0.0108211    0.016416 -0.00169774 -0.0679828  0.0327416   -9.80871 
             77.9004 -1.58175  16.3388 -94.6561    22.6353   -11.1501 -0.0636652  0.0559077 -0.0509033  -0.138013 -0.00532763  -0.0208665   0.0467982  -0.038762 -0.0597862  0.0153571   0.0230754 -0.00326494  -0.0061515  -0.0104013   0.0166095 -0.00191706 -0.0677247  0.0328244   -9.80871 
             78.0003 -1.22027  16.4036  -94.443    22.6299   -11.1539 -0.0583548  0.0569358 -0.0517397  -0.137588 -0.00532302  -0.0208582   0.0468079 -0.0301879 -0.0373883  0.0155588   0.0230696 -0.00326627 -0.00617312  -0.0102111   0.0169776 -0.00221514 -0.0677933  0.0329345   -9.80871 
                78.1 -0.853683   16.3397  -93.0208    22.6263   -11.1592 -0.0584056  0.0564601 -0.0517374  -0.138539 -0.00537364  -0.0208929   0.0467914 -0.0112095 -0.0365926 0.00587908   0.0230843 -0.00327242 -0.00623074 -0.0103868  0.0169499 -0.0021259 -0.0679086  0.0329646   -9.80871 
             78.1998 -0.634773   16.5867  -89.1517    22.6311   -11.1704 -0.0612806  0.0574155 -0.0520204  -0.140993 -0.00515479  -0.0213915   0.0468224  0.0234014 -0.0618114 -0.0069984   0.0231238  -0.0032649 -0.00632225  -0.0108432    0.016398 -0.00202555 -0.0680322  0.0324895   -9.80871 
             78.3002 -0.574383   16.7177  -82.5823   22.6305  -11.1808 -0.065202  0.0568684 -0.0518112  -0.140962 -0.00553714  -0.0217422   0.0466936  0.0315559 -0.0747196 -0.0134853   0.0231871  -0.0032618 -0.00646224  -0.0113469   0.0164931 -0.00187753 -0.0683098  0.0324847   -9.80871 
             78.4001 -0.683563   17.0496   -74.365    22.6372   -11.1874 -0.0618738  0.0566817 -0.0520942   -0.14177 -0.00527516  -0.0217263   0.0467924    0.053432  -0.0744791 0.000138896   0.0232859 -0.00329324 -0.00650768 -0.0110804  0.0162882 -0.0021913 -0.0681963  0.0324577   -9.80871 
             78.5004 -0.644564   17.2855  -65.0476    22.6441   -11.1972 -0.0609792  0.0559038 -0.0520377  -0.140383 -0.00545849  -0.0219932   0.0467398  0.0910248 -0.0673529 0.00592741   0.0233223 -0.00326439 -0.00657487 -0.0112525  0.0162433 -0.0023169 -0.0682754  0.0323891   -9.80871 
             78.6003  -0.7217  17.2907 -55.2324    22.6537    -11.207 -0.0596873  0.0548916 -0.0518686  -0.138115 -0.00575074  -0.0222186    0.046635   0.113752 -0.0695862 0.00649583   0.0233834 -0.00330882 -0.00663203  -0.0114783   0.0162375 -0.00244834 -0.068357 0.0322886  -9.80871 
             78.7001 -1.00878  16.7711 -45.2124    22.6651   -11.2179 -0.0612544  0.0544448 -0.0516737   -0.13447 -0.00615889  -0.0223289   0.0464402    0.125844  -0.0665723 -0.00375797   0.0234759 -0.00326121 -0.00662871  -0.0118007   0.0164273 -0.00240276 -0.0684231  0.0321172   -9.80871 
             78.8003 -1.24322  16.3525 -34.7908    22.6733    -11.223 -0.0606138  0.0546765 -0.0520806   -0.13527 -0.00610634   -0.021897   0.0464957    0.133155  -0.0364432 -0.00991538   0.0235482 -0.00328047 -0.00663858   -0.011588    0.016635 -0.00241427 -0.0686195  0.0321655   -9.80871 
             78.9002 -1.39537  16.2224 -23.9633   22.6844   -11.225 -0.056155   0.053279 -0.0519172  -0.136233 -0.00599126  -0.0216152   0.0465486    0.148288  -0.0114667 -0.00122457   0.0236059 -0.00334739   -0.006698  -0.0113895   0.0164819 -0.00281309 -0.0687544  0.0321773   -9.80871 
             79.0004 -1.64931  16.2405  -12.795    22.7013   -11.2238 -0.0524855  0.0520132 -0.0511182  -0.136646 -0.00604504  -0.0217048   0.0465312  0.171369 0.0273792 0.0140761   0.0236911 -0.00338918 -0.00669565  -0.0114732   0.0162467 -0.00314355  -0.06871 0.0322144  -9.80871 
                79.1  -1.7536  16.6208 -1.55619    22.7224   -11.2183 -0.0538658  0.0521215 -0.0510699   -0.13627 -0.00628637  -0.0219951   0.0464661   0.181817  0.0724036 0.00849464   0.0237137  -0.0034061 -0.00669432  -0.0117119   0.0162379 -0.00298017 -0.0685542  0.0323083   -9.80871 
             79.2002 -1.95701  17.2761  9.55359    22.7332   -11.2099 -0.0515492  0.0530844 -0.0521016  -0.137811 -0.00566251   -0.021691   0.0465963  0.151242    0.1022 0.0142124    0.023795 -0.00342881 -0.00670734  -0.0111686   0.0162423 -0.00293383 -0.0688907  0.0321284   -9.80871 
                79.3 -1.95144  17.9207  20.5601    22.7448   -11.2068 -0.0520905  0.0550168 -0.0523632  -0.135742 -0.0054752   -0.02081  0.0466327 0.125799 0.103951 0.011644   0.0238313 -0.00346959 -0.00672513  -0.0107897     0.01702 -0.00262384 -0.0687935  0.0315854   -9.80871 
             79.3999 -1.82965  18.1541  31.7442    22.7538   -11.1985 -0.0473496  0.0554646 -0.0520445  -0.136232 -0.00522178  -0.0204584     0.04671  0.101058   0.12169 0.0237455   0.0238669 -0.00346852 -0.00672545  -0.0104794   0.0171539 -0.00282261 -0.068822 0.0313081  -9.80871 
             79.4999 -1.76523  17.9704  43.1723    22.7689   -11.1947 -0.0467963  0.0576132 -0.0500592  -0.138549 -0.00556285  -0.0193854   0.0466242 0.0998545  0.115615 0.0198296   0.0239382  -0.0034613 -0.00671685  -0.0105455   0.0182429 -0.00271251 -0.0680495  0.0308616   -9.80872 
             79.6002 -1.75975  17.8361  54.6713    22.7791   -11.1888 -0.0499727  0.0601285 -0.0484668  -0.141134 -0.0054338 -0.0187034  0.0467053  0.0882552    0.12762 0.00416626   0.0240386 -0.00348298 -0.00671262  -0.0104452   0.0189098 -0.00225116 -0.0676947  0.0303555   -9.80872 
             79.7003 -1.72312  17.7432  66.1242    22.7844   -11.1795 -0.0546227  0.0620094 -0.0473574   -0.14274 -0.00505434  -0.0183843   0.0468678 0.0566423  0.157406 -0.013594   0.0241231 -0.00347976 -0.00674919 -0.0102199  0.0191488 -0.0017348 -0.067646 0.0298294  -9.80872 
             79.8002 -1.70824  18.0477  76.9179    22.7844   -11.1606 -0.0614181  0.0615379 -0.0473699  -0.141149 -0.00486286  -0.0187493   0.0469346  0.0105326   0.218372 -0.0284037   0.0241982 -0.00348832 -0.00674481  -0.0103089   0.0186532 -0.00128859 -0.0680865  0.0297224   -9.80872 
             79.8999 -1.55522  18.9522  86.5943   22.7831  -11.1424 -0.064443   0.063784 -0.0470558  -0.143792 -0.00431986  -0.0185621   0.0470201 -0.0245678   0.267199 -0.0288892   0.0242396 -0.00354516  -0.0067165 -0.00961885   0.0189748 -0.00106971 -0.0678666   0.029057   -9.80872 
             80.0003 -1.50798  20.2544  94.2617     22.775   -11.1151 -0.0674832   0.064634 -0.0477322  -0.144349 -0.00414523  -0.0188844   0.0470331 -0.0586888   0.326904 -0.0305423   0.0242972 -0.00358322 -0.00664878  -0.00919415    0.0186157 -0.000928776 -0.0681913  0.0286782   -9.80872 
             80.1002 -1.44425  21.2643  99.0491    22.7692   -11.0838 -0.0650579  0.0656905 -0.0467416  -0.146335 -0.00382047  -0.0190615   0.0470333   -0.060701    0.376968 -0.00912171   0.0243139 -0.00359173  -0.0065568 -0.00858201   0.0188479 -0.00115814 -0.0678909  0.0281817   -9.80872 
             80.2005 -1.36698  21.7898  100.948    22.7598   -11.0501 -0.0661318  0.0674155 -0.0460276  -0.147706 -0.00369818  -0.0197139   0.0470125  -0.0646461    0.425625 -0.00788825   0.0242661 -0.00358151    -0.00643  -0.00769585    0.0187128 -0.000861405 -0.0678613  0.0272725   -9.80873 
             80.3004 -1.21693  21.6119   100.75   22.7533  -11.0148 -0.064486  0.0689086 -0.0443651   -0.14796 -0.00350483  -0.0205744   0.0471293 -0.0516649   0.445612 0.00697813   0.0242003 -0.00354756 -0.00634246  -0.00660026    0.0189336 -0.000666857 -0.0674496   0.026231   -9.80873 
             80.4002 -1.08487  20.7399  99.2776   22.7494  -10.9708 -0.060953 0.0697584 -0.044155 -0.147159 -0.00347276  -0.0208694   0.0472112 -0.022837  0.485673  0.018655   0.0241896  -0.0035459 -0.00628594  -0.00612759    0.0190932 -0.000730307 -0.0673156  0.0258833   -9.80873 
             80.5001 -0.632822   19.2665   97.5778    22.7527   -10.9233 -0.0596259  0.0695939 -0.0427219   -0.14944 -0.00317031  -0.0211071   0.0474499 0.00522461   0.510793  0.0156095   0.0241258 -0.00349626 -0.00624739  -0.00592888    0.0196449 -0.000627004 -0.0666557  0.0257743   -9.80874 
             80.6003 -0.145188   17.8878   96.3267     22.749    -10.877 -0.0619506  0.0682154 -0.0403534  -0.144816 -0.00344434  -0.0214248   0.0475193  -0.0521065     0.52123 -0.00852733   0.0241747 -0.00349895 -0.00626979  -0.00558847    0.0191756 -0.000241078 -0.0666773  0.0250052   -9.80874 
             80.7003 0.165983   16.835   95.499    22.7459   -10.8307 -0.0617306  0.0692906 -0.0378951    -0.1425 -0.00353458  -0.0217187   0.0476969  -0.0545694    0.544189 -0.00905792    0.024177  -0.0035034 -0.00627588  -0.00457084    0.0197171 -2.76628e-05 -0.0659415  0.0240624   -9.80875 
             80.7999 0.101757  16.8649  94.8285    22.7426   -10.7816 -0.0622521  0.0706829 -0.0357846  -0.141785 -0.0036646 -0.0218112  0.0476239 -0.0443867   0.577104 -0.0128245   0.0241919 -0.00354971 -0.00629372 -0.00357232   0.0199159  0.00025901 -0.0654379  0.0230496   -9.80875 
                80.9 0.0208071   17.9445   94.4728    22.7408    -10.728 -0.0645611  0.0718252 -0.0337714  -0.142663 -0.00372735  -0.0218096   0.0473794 -0.0410567   0.599745 -0.0185707  0.0242201 -0.0035993 -0.0063015 -0.00279806   0.0202856 0.000583717 -0.0648102  0.0222981   -9.80876 
             81.0002 -0.0157968    19.3466    94.2271     22.738   -10.6675 -0.0654886   0.072015 -0.0330013  -0.142798 -0.0037626 -0.0218072  0.0472861  -0.0340345    0.630988 -0.00251164   0.0242109 -0.00362689 -0.00629747 -0.00262003   0.0204834 0.000608425 -0.0645657  0.0221443   -9.80876 
             81.0999 0.00223552    20.0416    93.5786    22.7397   -10.6104 -0.0618396  0.0738048 -0.0301574  -0.144425 -0.00389812  -0.0217443   0.0469855  0.0171458   0.641704 0.00671023   0.0241694 -0.00361501 -0.00628055 -0.00171445   0.0208696 0.000551127 -0.0639255  0.0212651   -9.80877 
             81.2003 0.182142  19.4548  91.8916    22.7432   -10.5485 -0.0580945  0.0745844 -0.0288446   -0.14513 -0.00393359  -0.0217592   0.0469821 0.0175681  0.650912 0.0160176   0.0241127 -0.00353072 -0.00623223 -0.00132501   0.0211315 0.000387302 -0.0635993   0.020933   -9.80877 
             81.3003 0.31323 18.6578 89.5997    22.7473   -10.4873 -0.0585688  0.0757317 -0.0274163   -0.14605 -0.00400234  -0.0218189   0.0470513  0.0384042   0.663193 0.00165131   0.0241005 -0.00355165 -0.00619774 -0.000762002    0.0214344  0.000664131 -0.0631669  0.0203668   -9.80878 
             81.4001 0.231451   17.881  85.8478    22.7529   -10.4264 -0.0557967  0.0771038 -0.0268693  -0.146349 -0.00403407  -0.0219278   0.0471554 0.0917101  0.639971 0.0188834   0.0240627 -0.00351673   -0.006149 -0.000119561    0.0215566  0.000681806 -0.0629822  0.0198208   -9.80878 
             81.5003 0.191855  17.7958  80.6816    22.7654   -10.3696 -0.0558939  0.0779636 -0.0255866  -0.146746 -0.00405664  -0.0221183   0.0472073  0.140567  0.581538 0.0116614   0.0240008 -0.00353606 -0.00605935  0.00041121   0.0217029 0.000956132 -0.0626952  0.0192409   -9.80878 
             81.6002 0.24038 17.8331 74.8194    22.7805   -10.3205 -0.0565643  0.0782255 -0.0240636  -0.144827 -0.0040708 -0.0224059  0.0472169   0.182402   0.520086 0.00445029   0.0239475 -0.00356401 -0.00601689 0.00110375  0.0217083 0.00131712 -0.0624693  0.0184456   -9.80878 
             81.7001 0.19239 17.7471 68.8416    22.7962   -10.2759 -0.0571247  0.0777971 -0.0234334  -0.139665 -0.00412685  -0.0226224   0.0471952   0.194292    0.46479 0.00302634   0.0239354  -0.0035688 -0.00601026 0.00172185  0.0214426 0.00156682 -0.0625751  0.0177458   -9.80878 
             81.8003 0.158424  17.5351  62.7752    22.8184   -10.2343 -0.0592724 0.0767909 -0.021616 -0.139407 -0.00407525  -0.0226913   0.0472058   0.241565   0.425064 0.00202423   0.0238843 -0.00355488 -0.00601317   0.001782  0.0213686 0.00180951 -0.0623922  0.0174353   -9.80879 
             81.9003 0.122983  17.7395  56.7925    22.8449   -10.2002 -0.0557967  0.0793128 -0.0225855  -0.136596 -0.00398977  -0.0227392   0.0471831    0.28799   0.370307 0.00953872   0.0238406 -0.00358606 -0.00600327 0.00284967  0.0220202 0.00183644 -0.0620951  0.0167962   -9.80879 
             82.0001 0.147502  18.6272   51.692    22.8787   -10.1704 -0.0575004  0.0792461 -0.0201729  -0.138236 -0.00391596  -0.0226697     0.04714    0.326636    0.325893 -0.00831943   0.0238468 -0.00362315 -0.00601964 0.00313236  0.0223718 0.00208129 -0.0615705    0.01631   -9.80879 
             82.1003 0.46329 20.1135 47.8726    22.9115    -10.139 -0.0539333  0.0819127 -0.0223264  -0.135817 -0.00397015  -0.0226411   0.0470945    0.347331    0.306578 -0.00360298   0.0237757 -0.00367291 -0.00605046 0.00369559  0.0228273 0.00188927 -0.0616209  0.0162045   -9.80879 
             82.2002 0.710831  21.3052  45.0734     22.945   -10.1115 -0.0531079  0.0821636 -0.0226525  -0.132528 -0.00392392  -0.0225328   0.0470339  0.351225  0.300848 0.0068209   0.0237886 -0.00366919 -0.00608197 0.00412261  0.0228598 0.00197152 -0.0616791  0.0158794   -9.80879 
             82.3004  1.0514 21.8907 42.4206    22.9802   -10.0867 -0.0502085 0.0844836 -0.023078 -0.132083 -0.00400147  -0.0223248   0.0469987  0.356897  0.303624 0.0218459   0.0237408 -0.00365096 -0.00607141 0.00494823  0.0233567 0.00206546 -0.061475  0.015314   -9.8088 
             82.4003 1.10202 22.1722 39.8718    23.0118   -10.0646 -0.0526509  0.0845063 -0.0192336  -0.130142 -0.00399174  -0.0220099   0.0470566  0.357392  0.278764 0.0147401   0.0237517  -0.0036438 -0.00608833 0.00521839  0.0231281  0.0025597 -0.0615846  0.0144473    -9.8088 
             82.5003 1.17396 22.0671 37.6105    23.0446   -10.0409 -0.0517573  0.0857008 -0.0184546   -0.13052 -0.00401603  -0.0218691   0.0471264   0.344525   0.266728 0.00716814   0.0236984 -0.00361315 -0.00610006 0.00558367  0.0231386  0.0027251 -0.0616567  0.0140226    -9.8088 
             82.6005 1.15308  21.406 36.3038    23.0807   -10.0207 -0.0533909  0.0891933 -0.0148325  -0.140896 -0.00422308  -0.0217726   0.0471184   0.340598   0.249808 0.00513325   0.0237104 -0.00360075 -0.00612107 0.00552824  0.0236729 0.00290418 -0.0612297  0.0135845    -9.8088 
             82.7001 1.10566 20.4579 36.1326    23.1127   -9.99797 -0.0600899   0.0915718 -0.00720355   -0.142823  -0.004389 -0.0216262  0.0471674   0.328654   0.254268 -0.0123941   0.0237448  -0.0035712 -0.00617424 0.00451263  0.0238837  0.0031764 -0.0612536   0.013263    -9.8088 
             82.8005  1.0554 19.6098 36.7871    23.1446     -9.976 -0.0626396  0.0939887 -0.0056968  -0.148472 -0.00451458  -0.0215488   0.0471705   0.314668   0.248255 -0.0210643    0.023778 -0.00356957 -0.00619923 0.00460354  0.0241455 0.00327483 -0.0611156  0.0129894    -9.8088 
             82.9005 1.01424 18.9091  37.705    23.1729   -9.95448 -0.0659225   0.096067 -0.0046586  -0.152265 -0.00459382  -0.0214494   0.0471876   0.272714   0.230679 -0.0252006   0.0238042 -0.00357195 -0.00620318 0.00476313  0.0242839  0.0033873 -0.0611058   0.012717    -9.8088 
             83.0003 1.12143 18.2228 38.5587    23.1991   -9.93198 -0.0640994   0.0955034 -0.00786293   -0.154476 -0.00460153  -0.0214367   0.0471932   0.256124   0.249424 0.00372097   0.0237514 -0.00357306  -0.0062038 0.00548445  0.0241288 0.00331074 -0.0610655  0.0126341    -9.8088 
             83.1002 0.982293  17.3792  39.2659   23.219 -9.91198 -0.06078  0.0974648 -0.0101405  -0.161964 -0.00467329  -0.0213459   0.0471977  0.195537  0.233266 0.0169879   0.0237825 -0.00354858 -0.00622397 0.00654832  0.0240407 0.00338298 -0.0610758  0.0121594    -9.8088 
             83.1999 0.672622  17.3232  39.9038    23.2397   -9.89678 -0.0592399    0.102264 -0.00804423   -0.175931 -0.00479274  -0.0213693   0.0470911  0.166237  0.217149 0.0179439   0.0237863 -0.00358214 -0.00621028 0.00688485  0.0248293 0.00351111 -0.0605392  0.0116379   -9.80881 
             83.2999 0.111665   17.162   40.472     23.249   -9.87913 -0.0594257    0.106203 -0.00670537   -0.180921 -0.00480493  -0.0212997   0.0470169   0.141058   0.184652 0.00131244   0.0238419 -0.00357193 -0.00622059 0.00724641  0.0248077  0.0037835 -0.0608382  0.0111562    -9.8088 
             83.4003 -0.298777   17.1239   40.8516    23.2676   -9.86895 -0.0591538    0.107987 -0.00562687   -0.188878 -0.00482061  -0.0213527   0.0469514    0.144909    0.133564 0.000452767   0.0238007 -0.00358744 -0.00619027 0.00744854  0.0253599 0.00379551 -0.0603454  0.0108818   -9.80881 
             83.5004 -0.343051   17.3252    41.238    23.2795   -9.85339 -0.0604688     0.10775 -0.00547808    -0.18632 -0.00480921  -0.0213331   0.0469554    0.144793     0.15192 -0.00236161   0.0237984 -0.00361042 -0.00620747 0.00726987  0.0251755 0.00386435 -0.0605503  0.0109704   -9.80881 
                83.6 -0.360782   17.3159   41.6875    23.2894   -9.84151 -0.0615575    0.109484 -0.00530479   -0.188549 -0.00483174  -0.0213409   0.0468754   0.137933   0.166929 -0.0147017   0.0238237 -0.00359971 -0.00621768 0.00787985  0.0251026 0.00407628 -0.0607169  0.0104761   -9.80881 
             83.7003 -0.294591   18.1733   41.7393    23.3032   -9.82691 -0.0617994    0.110326 -0.00558398   -0.190023 -0.00485366  -0.0213582   0.0468091  0.169113  0.192646 -0.018327   0.0237993  -0.0036309 -0.00621128 0.00839098  0.0251859 0.00406956 -0.0606909  0.0101577   -9.80881 
             83.7999 -0.351587    18.852   41.4509    23.3185   -9.80942 -0.0629546    0.111185 -0.00590276    -0.19049 -0.00486384  -0.0213876   0.0467162   0.213704   0.224184 -0.0142748  0.0238043 -0.0036193 -0.0061971  0.0089425  0.0250978 0.00423627 -0.0608301 0.00977661   -9.80881 
             83.8996 -0.286151   19.2679   41.2715    23.3453   -9.78857 -0.0626029    0.111655 -0.00489401   -0.190481 -0.00485755  -0.0214261   0.0467304    0.274854    0.281882 -0.00406585    0.023785 -0.00362878 -0.00619882 0.00911908  0.0256707 0.00415608 -0.0604575 0.00955212   -9.80881 
             84.0003 -0.228322   19.2464   41.0432    23.3762   -9.76058 -0.0611285    0.111939 -0.00418162   -0.189864 -0.0048685 -0.0214427  0.0467375     0.355048     0.330259 -0.000240821    0.023769 -0.00359558   -0.006205 0.00934292  0.0258554 0.00406724 -0.0603692 0.00932866   -9.80881 
             84.1005 -0.379846   18.9178   40.4058    23.4176   -9.72999 -0.0596377    0.111053 -0.00275004   -0.186577 -0.00484621  -0.0214898   0.0467507  0.431068  0.371412 0.0170511   0.0238085 -0.00361736 -0.00617759 0.00945358  0.0264361 0.00402424 -0.0599514 0.00908947   -9.80881 
             84.2001 -0.28034  18.2296   39.507    23.4652   -9.69343 -0.0566015    0.110254 -0.00121456   -0.184163 -0.00481419  -0.0215088   0.0467671   0.502663    0.41446 0.00986233    0.023721 -0.00357466 -0.00616346 0.00936897  0.0267078 0.00384281 -0.0597443 0.00899762   -9.80881 
             84.3003 -0.423045   17.0069    38.004    23.5203   -9.65604 -0.0574077    0.108674 -0.00200272   -0.179467 -0.00483159  -0.0215537   0.0468023  0.570064  0.429743 0.0104284   0.0237623 -0.00357579  -0.0061285 0.00977244   0.027084 0.00417577 -0.0594504 0.00874555   -9.80882 
             84.4001 -0.391057   15.9648   35.9679    23.5787   -9.62114 -0.0585835  0.106972 -0.002072 -0.172081 -0.00487853   -0.021677   0.0469564   0.632835   0.417629 0.00677173   0.0237021 -0.00359184 -0.00610875   0.010597  0.0274628 0.00458117 -0.0592449 0.00809991   -9.80882 
             84.5003 -0.526362   15.1469   33.6331    23.6416   -9.58551 -0.0624791    0.105112 -0.00456952   -0.165269 -0.00491606  -0.0217843    0.047028    0.66754   0.432517 -0.0136491   0.0237462 -0.00357783 -0.00611105  0.0116568   0.027662 0.00520425  -0.059141 0.00754759   -9.80882 
             84.6003 -0.533939   14.6689   31.2992    23.7077   -9.55062 -0.0655681    0.104162 -0.00580877   -0.159829 -0.00493041  -0.0218748   0.0470315   0.726429   0.388921 -0.0208076   0.0236875 -0.00356511 -0.00611638  0.0125575  0.0277244 0.00559892 -0.0592024 0.00700569   -9.80882 
             84.6999 -0.550953   14.6638   28.9042   23.7831  -9.51707 -0.064796    0.102541 -0.00243116   -0.149798 -0.00490997  -0.0219106    0.046999   0.764571   0.378516 -0.0124854   0.0237057 -0.00359326 -0.00611016  0.0124426  0.0283278 0.00536681 -0.0589544 0.00669861   -9.80882 
             84.8003 -0.417103    15.044   26.8169    23.8603   -9.47672 -0.0656776    0.103741 -0.00261551   -0.154711 -0.0049141 -0.0219024  0.0470151   0.796483    0.37138 -0.0168767   0.0236591 -0.00360491 -0.00611672  0.0123196   0.028094 0.00532314  -0.059076 0.00682721   -9.80882 
             84.9003 -0.500235   15.3488   24.4737    23.9419   -9.44094 -0.0650095    0.104362 3.37623e-06   -0.154068 -0.00494032  -0.0219043   0.0470207    0.827301    0.350992 -0.00431877   0.0236608 -0.00359269 -0.00610925  0.0119088  0.0282865 0.00502252 -0.0590281 0.00684406   -9.80882 
             84.9999 -0.473353   15.4436   22.0322    24.0248   -9.40552 -0.0623573   0.106629 0.00318494  -0.157455 -0.00496138  -0.0218997   0.0470147   0.852698   0.331462 0.00167012   0.0236233 -0.00361062 -0.00608681   0.011409  0.0282733 0.00460594 -0.0591681 0.00690389   -9.80882 
             85.1004 -0.422537   15.2364   19.7052    24.1099   -9.37212 -0.0627576   0.106877 0.00277756  -0.158558 -0.00495879   -0.021895   0.0470125   0.876145   0.324934 -0.0104265   0.0236175 -0.00360085 -0.00609472  0.0115142  0.0281129 0.00465609 -0.0592741 0.00689272   -9.80882 
             85.2003 -0.381016   15.0127   17.3107  24.1931 -9.34682 -0.05999   0.107188 0.00591639  -0.149151 -0.00497319  -0.0218668   0.0470197   0.896537   0.269895 0.00677108  0.0235573 -0.0035975 -0.0061099  0.0117971  0.0285889 0.00440557 -0.0594185 0.00639071   -9.80882 
             85.3001 -0.530836   15.0384   14.8138    24.2819   -9.32763 -0.0651744   0.102976 0.00136287  -0.141137 -0.00499239  -0.0218458    0.047006  0.910627  0.222645 -0.015431   0.0235965 -0.00361876  -0.0061222  0.0129005   0.028538 0.00522764 -0.0593487 0.00601437   -9.80882 
             85.4003 -0.387768   15.2459   12.4745    24.3736   -9.31084 -0.0695187     0.100911 -0.000430382    -0.137849 -0.00500059  -0.0218445   0.0470041   0.919527   0.180887 -0.0201152   0.0235426 -0.00362447 -0.00611234  0.0132721  0.0285633 0.00556111 -0.0592488 0.00588346   -9.80882 
             85.5003 -0.14897  15.2995  10.5686   24.4703   -9.2972 -0.067057   0.102843 0.00355594  -0.134861 -0.00503847  -0.0218584   0.0470177    0.935442    0.136063 -0.00345758   0.0235308 -0.00362563 -0.00611539  0.0126527   0.029496 0.00497648 -0.0589333 0.00581693   -9.80882 
             85.6005 -0.0167999      15.26    8.81032     24.562   -9.29244 -0.0702968    0.09982 0.00254833  -0.125387 -0.0051151 -0.0218267  0.0470235   0.931949  0.0973065 -0.0172583   0.0235314 -0.00361115 -0.00613233  0.0132829  0.0299036 0.00535798 -0.0587992 0.00537837   -9.80882 
             85.7005 0.23928 15.3273 7.33109    24.6523   -9.28585 -0.0699618   0.100425 0.00374371  -0.122071 -0.00512862  -0.0217874   0.0470253   0.932389    0.06907 -0.0220409   0.0235035 -0.00360795 -0.00614535  0.0133904  0.0301334 0.00518142 -0.0588913 0.00522511   -9.80882 
             85.8003 0.684536  15.9082  6.65072    24.7444   -9.28791 -0.0667749   0.101368 0.00707459  -0.114001 -0.00527589  -0.0217341   0.0470192    0.931208   0.0489316 -0.00270156   0.0234455 -0.00366372 -0.00617096  0.0134138  0.0311559 0.00469628 -0.0587349 0.00481345   -9.80882 
             85.8999 1.04962 17.0551 6.59305    24.8327   -9.29119 -0.0656774   0.100434 0.00756458  -0.106242 -0.00542307  -0.0216371   0.0469397  0.898012 0.0600791 0.0170225   0.0234758  -0.0036767 -0.00619988  0.0139621  0.0317842 0.00482473 -0.0586856 0.00432129   -9.80882 
             86.0003 1.31226 18.2935 6.84856   24.9239  -9.29113 -0.065846  0.0997793 0.00772347  -0.103541 -0.0055383 -0.0216605  0.0469343     0.895696    0.0608473 -0.000719101   0.0234683 -0.00370118 -0.00620514  0.0140679  0.0322681 0.00499007 -0.0584744 0.00408835   -9.80882 
             86.1013 1.32557 19.1724 7.37036    25.0122   -9.28107 -0.0670516   0.100362 0.00708477  -0.104396 -0.00542145  -0.0216407   0.0469754    0.893085   0.0690211 3.90462e-05   0.0234719 -0.00368606  -0.0062007  0.0139734  0.0319523 0.00510474 -0.0586379 0.00429176   -9.80882 
             86.2002 1.47181  19.759 8.10982       25.1   -9.26855 -0.0656253  0.100209 0.0066943 -0.104221 -0.00535646  -0.0216121   0.0469997   0.89009 0.0912902 0.0215491   0.0234639 -0.00370367 -0.00618827   0.013994  0.0316529 0.00507676 -0.0587808 0.00440833   -9.80882 
             86.3001 1.42685 20.0661 8.71535   25.1809  -9.25616 -0.065303   0.102791 0.00700751   -0.10737 -0.00535994  -0.0214701   0.0470415   0.872317   0.103544 0.00902409   0.0234768 -0.00369733 -0.00618072  0.0143698  0.0314936 0.00530215 -0.0591597 0.00428277   -9.80882 
             86.4004 1.43204 20.1651  9.2319    25.2616   -9.24283 -0.0640852   0.104175 0.00678392  -0.110588 -0.00538044  -0.0213954   0.0471014   0.857311   0.146694 0.00572269    0.023468 -0.00368615 -0.00619759  0.0147792   0.031273 0.00539785  -0.059433 0.00417221   -9.80882 
             86.5001 1.26314 20.0819 9.55651     25.346   -9.22207 -0.0683405   0.106155 0.00993386  -0.104961 -0.00540863  -0.0213573   0.0471272    0.852633    0.187631 -0.00193751   0.0234956 -0.00368539 -0.00610832   0.014024   0.031521 0.00563775 -0.0595867 0.00434311   -9.80882 
             86.5999 1.10513 19.7216  10.136    25.4252   -9.20609 -0.0736822  0.113066 0.0143062 -0.111379 -0.00554032   -0.021319   0.0471901   0.835457   0.169603 -0.0125254   0.0234688 -0.00364012 -0.00615595  0.0136682  0.0322868 0.00605064 -0.0597668 0.00408117   -9.80882 
             86.7006 0.771508  19.2824  10.8355    25.5134   -9.18758 -0.0742352  0.110782 0.0138101 -0.107245 -0.00548877  -0.0213474   0.0471159    0.840016    0.189946 -0.00952295   0.0234931 -0.00364501 -0.00617065  0.0134294  0.0322798 0.00590268 -0.0595735 0.00421859   -9.80882 
             86.8001 0.391711  18.8342  11.7662    25.5977   -9.16983 -0.0756639  0.111997 0.0142756 -0.110413 -0.00550349  -0.0213567   0.0470967    0.835629    0.209241 -0.00648178   0.0235511 -0.00362495 -0.00617418  0.0134286  0.0325026 0.00593054 -0.0594977  0.0041177   -9.80882 
             86.9001 0.11732 18.4383 13.0038    25.6774   -9.14728 -0.0724318  0.110267 0.0111297 -0.112696 -0.0054987 -0.0213397  0.0471393   0.811922   0.230653 0.00138575   0.0235552 -0.00362797 -0.00620501  0.0142397  0.0319505 0.00578272 -0.0596375 0.00406186   -9.80882 
             87.0013 -0.157817   17.9508   14.4332    25.7502    -9.1261 -0.0731343  0.112529  0.011058 -0.117623 -0.00553321  -0.0212758   0.0471888   0.776034   0.213657 -0.0183576    0.023548 -0.00360425 -0.00621839  0.0147241   0.031844 0.00595969 -0.0599045 0.00384955   -9.80882 
             87.1003 -0.196108   17.7167   16.3566    25.8236   -9.10212 -0.0734803  0.112568 0.0102866 -0.118466 -0.00553055  -0.0212394   0.0471954   0.735777   0.255699 -0.0169745   0.0235826 -0.00363928 -0.00624767 0.0150351 0.0316495 0.0059693 -0.0600396  0.0037969   -9.80882 
             87.2001 -0.151888   17.4915   19.2507    25.8882   -9.08295 -0.0727754    0.11612 0.00965837  -0.128053 -0.00564635  -0.0211092   0.0471793    0.678316    0.260975 -0.00819542   0.0235694 -0.00363954 -0.00629495  0.0159234  0.0319153 0.00611139 -0.0601211 0.00329893   -9.80882 
             87.3002 -0.393403   17.2401   22.6027    25.9552   -9.05752 -0.0722289   0.116161 0.00936441  -0.130105 -0.00571426  -0.0211392   0.0471686     0.624235     0.298107 -0.000170637   0.0236499 -0.00364533 -0.00627867  0.0160228  0.0320793 0.00600164 -0.0599614 0.00323641   -9.80882 
             87.4005 -0.34583  16.8955  26.5494    26.0039   -9.03152 -0.0742635   0.120659 0.00930104  -0.137167 -0.00569938  -0.0208507   0.0471591    0.55238   0.291746 -0.0122878   0.0236171 -0.00362147 -0.00635136 0.0168564 0.0320512 0.0064038 -0.0603863 0.00274987   -9.80881 
             87.4999 -0.428563    16.738   30.0051    26.0637   -8.99931 -0.0773886  0.119905  0.011102 -0.133201 -0.00573606  -0.0209906   0.0471729  0.501773   0.33759 -0.014032   0.0236949 -0.00364451 -0.00628746  0.0160341  0.0324665 0.00636098 -0.0600837 0.00300006   -9.80882 
             87.6004 -0.340961   16.5181   33.3989    26.1013    -8.9585 -0.0797375  0.120035 0.0101469 -0.129903 -0.00558693  -0.0209254   0.0471502   0.424815   0.367424 -0.0116012   0.0237074 -0.00360117 -0.00636532  0.0163029   0.031732 0.00656098 -0.0607104 0.00304159   -9.80881 
             87.7001 -0.497748   16.4216   35.7672    26.1428    -8.9265 -0.0786636   0.119091 0.00895221  -0.134823 -0.00560379  -0.0209201   0.0471523   0.380174   0.344393 -0.0151386    0.023689 -0.00363301 -0.00627248  0.0167627  0.0316699 0.00637106 -0.0605162 0.00288414   -9.80881 
             87.8003 -0.632753   16.4174   36.9499    26.1911   -8.90084 -0.0767778   0.118099 0.00913282  -0.138955 -0.00548927  -0.0208463   0.0472202    0.363198    0.288826 -0.00429112   0.0236532 -0.00364206 -0.00616986  0.0165911  0.0324428 0.00607774 -0.0597553 0.00288735   -9.80882 
             87.9002 -0.702158   16.3626   37.0145    26.2213   -8.87709 -0.0753953   0.118921 0.00832451  -0.143898 -0.00546663  -0.0209533   0.0472093   0.299264   0.236343 0.00579678   0.0236502 -0.00363792 -0.00616057  0.0171598  0.0323307 0.00606977 -0.0597977 0.00263529   -9.80882 
             88.0005 -0.754225   15.6802   36.1575    26.2512   -8.85941 -0.0746015   0.121258 0.00950995   -0.14981 -0.00531958  -0.0210209   0.0472621 0.282175 0.223369 0.020311    0.023617 -0.00361507 -0.00609029  0.0171988  0.0328263 0.00619664 -0.0595561 0.00242631   -9.80882 
             88.1003 -0.801563   15.2982   35.2158   26.2727  -8.83809 -0.071852   0.120291 0.00827537  -0.146089 -0.00546365   -0.021086   0.0472306  0.232979  0.176376 0.0199485   0.0236024 -0.00359948 -0.00608176   0.017528  0.0323979 0.00615131 -0.0598594  0.0024011   -9.80882 
             88.2002 -0.777905   15.9007   34.3192    26.2974   -8.82617 -0.0724995  0.121452 0.0101773 -0.151427 -0.00530727  -0.0211248    0.047273   0.204429   0.143988 0.00967651   0.0236085 -0.00365433 -0.00610572  0.0173426  0.0327906 0.00634362 -0.0595623 0.00224756   -9.80882 
             88.3002 -0.767935   16.5474   33.6516    26.3171   -8.81777 -0.0713136  0.122506 0.0106671 -0.154797 -0.00524808  -0.0211837   0.0472606   0.182135   0.112591 0.00945776   0.0236033 -0.00366693 -0.00610318   0.017583  0.0330976 0.00639487 -0.0593748 0.00202456   -9.80882 
             88.4003 -0.789153   16.9534    33.055    26.3262   -8.81691 -0.0715207  0.123348 0.0119513 -0.155625 -0.00522315  -0.0212888   0.0471377   0.117121  0.0582195 0.00608237   0.0236181 -0.00367405 -0.00609908  0.0183103  0.0331943 0.00672559 -0.0593967 0.00137024   -9.80882 
             88.5003 -0.772012   17.0474   33.6454    26.3304   -8.81541 -0.0734748  0.122888 0.0133144 -0.152656 -0.00524502  -0.0212292   0.0470864   0.0861435   0.0455797 -0.00263728   0.0236289 -0.00362833 -0.00618106  0.0186781  0.0328904 0.00710826  -0.0596468 0.000921829    -9.80882 
             88.6005 -0.743415    17.203   36.8594    26.3397   -8.81452 -0.0765377  0.122948  0.015244 -0.155286 -0.00534726  -0.0212352   0.0470582  0.0694524  0.0335423 -0.0107389   0.0236762   -0.003626 -0.00629267  0.0184578  0.0330441 0.00730798 -0.0594484 0.00081029   -9.80882 
             88.6999 -0.686431   17.6398   42.5766    26.3429   -8.81702 -0.0754588  0.124434 0.0147737 -0.155364 -0.00551093  -0.0209436   0.0469992   0.0443818   0.0159408 -0.00611125   0.0237173 -0.00363529 -0.00639538  0.0191497  0.0332683 0.00729964  -0.0594209 0.000408361    -9.80882 
             88.8003 -0.652821   18.2458   49.9102    26.3387    -8.8116 -0.0770411  0.123515 0.0133368 -0.149669 -0.00496929  -0.0207314   0.0471689  0.00921997   0.0184386 -0.00829754   0.0237898 -0.00366453 -0.00648868  0.0192365  0.0325985 0.00741747  -0.0600057 0.000426371    -9.80882 
             88.9001 -0.651938   18.6103   57.4315    26.334  -8.81573 -0.075063   0.12506  0.012023 -0.148656 -0.00492213  -0.0202264   0.0471774 -0.00598288  0.00249712 -0.00149882   0.0238465 -0.00366141  -0.0065181  0.0201088  0.0325603 0.00742733   -0.0601769 -4.74322e-05     -9.80882 
             89.0004 -0.65823  18.3488  63.6023   26.3341   -8.8186 -0.075725  0.126263 0.0129153 -0.151245 -0.00506175  -0.0200939   0.0471446  -0.0211125    0.010959 -0.00886456   0.0238758 -0.00365958 -0.00648302  0.0202784  0.0328506 0.00750476   -0.0599704 -0.000262321     -9.80882 
             89.1002 -0.881555   18.1111   66.3503    26.3304   -8.82013 -0.0796985  0.126932 0.0148045 -0.152137 -0.00508815  -0.0200727   0.0471733 -0.0265033    0.01158 -0.0154904   0.0238779 -0.00363578  -0.0063215  0.0202176  0.0329121 0.00780148   -0.0599234 -0.000504138     -9.80882 
             89.2001 -1.17337  18.1811  66.3381    26.3291   -8.82351 -0.0765109  0.127947  0.013335 -0.154479 -0.00495307  -0.0201751   0.0472181 -0.000365336    -0.010819    0.0041073   0.0238219 -0.00366707 -0.00623005   0.020889   0.033153 0.00758079   -0.0597684 -0.000697934     -9.80882 
             89.3004 -1.43828  18.3777  65.5946    26.3261   -8.82361 -0.0773734  0.127187 0.0135346 -0.151936 -0.00514349  -0.0202102   0.0471795 -0.00834486  -0.0120877 0.000952217   0.0238341 -0.00366764 -0.00619989  0.0208158   0.032799 0.00768486    -0.059999 -0.000738618     -9.80882 
             89.4003 -1.43902  18.7504  64.8543    26.3258   -8.81501 -0.0784421  0.125863 0.0129985 -0.149898 -0.0054034 -0.0197638  0.0471409 -0.00501771  0.00805877  -0.0021899   0.0238259 -0.00369464 -0.00620304  0.0199972  0.0323899 0.00752629   -0.0603363 -0.000193314     -9.80881 
             89.5004 -1.39221  19.0414  64.1202    26.3219   -8.81604 -0.0775524  0.125941 0.0126344 -0.147721 -0.00547283  -0.0198913   0.0470999 -0.0140717 0.00281832 0.00133175    0.023793 -0.00368691 -0.00619434  0.0203227  0.0322822 0.00752805   -0.0604369 -0.000392698     -9.80881 
             89.5997 -1.38135   19.189  63.5975   26.3256  -8.81416 -0.078267  0.126364 0.0130695 -0.152055 -0.0053623 -0.0197835  0.0471579 -0.00449724  0.00734659 -0.00103812   0.0237855 -0.00368336 -0.00618886  0.0199761  0.0325998 0.00748158   -0.0601967 -0.000126214     -9.80882 
             89.7003 -1.41009  19.0556  62.9884     26.325   -8.81963 -0.0782152  0.126783 0.0137196 -0.151557 -0.00535335  -0.0198888   0.0471808  -0.00466669   -0.0103459 -0.000710006   0.0237952 -0.00366652 -0.00617943  0.0204403  0.0327746 0.00761655   -0.0600047 -0.000488648     -9.80882 
             89.7999 -1.37833  18.4768  62.2539   26.3252  -8.82514 -0.078539  0.127151  0.014457 -0.151882 -0.00536939  -0.0199365    0.047221  0.00322598  -0.0208822 -0.00103049   0.0237654 -0.00361657 -0.00614772  0.0207312  0.0329408 0.00772945   -0.0598197 -0.000740894     -9.80882 
             89.9001 -1.40089  17.7912  61.5225   26.3178   -8.8327 -0.080777  0.125509 0.0155502 -0.144159 -0.00549117  -0.0199327    0.047299  -0.0131103  -0.0302788 -0.00702204   0.0237934 -0.00361282  -0.0061536  0.0211311  0.0323397 0.00805686 -0.0601119 -0.0013284   -9.80882 
             90.0002 -1.30113   17.353  61.1105     26.312   -8.83712 -0.0770236  0.126618 0.0132734 -0.139219 -0.00549042  -0.0198935   0.0473345 -0.0153356 -0.0247353 0.00690582    0.023788 -0.00364223 -0.00616397  0.0218507  0.0323146 0.00786969  -0.0603514 -0.00158833    -9.80881 
             90.0998 -1.17791  17.1237  60.9866    26.3137   -8.83928 -0.0784418  0.126111 0.0143057 -0.141642 -0.00550624  -0.0199254   0.0473289 -0.00567245  -0.0163527  0.00511645   0.0238023  -0.0036405 -0.00619664  0.0215988  0.0324051 0.00799706  -0.0601656 -0.00150508    -9.80882 
             90.2003 -0.99222  17.2444   60.647    26.3138   -8.84067 -0.0781895  0.126097 0.0145065 -0.141994 -0.00551524  -0.0199319   0.0473282 -0.000850944  -0.00428741   0.00485885   0.0237893 -0.00364636 -0.00618925  0.0216007  0.0324764 0.00801489  -0.0600971 -0.00151212    -9.80882 
             90.3003 -0.853508   17.4404   59.9505    26.3147   -8.84246 -0.0776403   0.12615 0.0148084 -0.142078 -0.00552834  -0.0199392   0.0473223 -0.000522573  -0.00427879   0.00483928   0.0237573 -0.00364944 -0.00615237  0.0216546  0.0326146 0.00801284  -0.0599881 -0.00155059    -9.80882 
             90.4005 -0.741833   17.5512   59.4136    26.3182   -8.83748 -0.0748431  0.126429 0.0146807 -0.143725 -0.0055252 -0.0199709  0.0473737   0.013639  0.0154891 0.00958341   0.0237486 -0.00365183 -0.00613369  0.0212523  0.0328188 0.00764957  -0.0599464 -0.00117269    -9.80882 
             90.5004 -0.646165   17.5424   58.9995    26.3223     -8.833 -0.0751082  0.125898 0.0145187 -0.144775 -0.00551072  -0.0199942   0.0473978  0.025592 0.0245344 0.0091726   0.0237512  -0.0036342 -0.00613418  0.020961 0.0328655 0.0076814   -0.0598892 -0.000946316     -9.80882 
             90.6002 -0.402878   17.1778   58.7332    26.3247   -8.83476 -0.0736218  0.12626 0.015051 -0.14401 -0.0055416 -0.0199833  0.0473942  0.0259133  0.0217039 0.00745644   0.0236927 -0.00358205 -0.00615008  0.0212843  0.0330137 0.00770789 -0.0597727 -0.0011991   -9.80882 
             90.7001 -0.355066    16.597   58.6284    26.3193    -8.8362 -0.0765099  0.126729 0.0147474 -0.142658 -0.00560028  -0.0199018   0.0474358   0.0025365   0.0296747 -0.00506454   0.0237468 -0.00358415 -0.00615865  0.0217775  0.0325172 0.00818104 -0.0600652 -0.0016713   -9.80882 
             90.8004 -0.306766   16.0395   58.7772    26.3248   -8.84194 -0.0763933  0.127001 0.0163679 -0.141829 -0.00570738  -0.0199064   0.0474367  0.024572 0.0220244 -0.002615   0.0237458 -0.00358436 -0.00615386  0.0222924  0.0332107 0.00827817  -0.0595154 -0.00207316    -9.80882 
             90.9002 -0.373536   15.8493   58.7684    26.3294   -8.85035 -0.0756411  0.127552  0.018016 -0.140377 -0.00580885  -0.0198878   0.0474107   0.0346797  0.00438066 0.000256494   0.0237804 -0.00360815 -0.00615496  0.0229987  0.0337788 0.00839545  -0.0590613 -0.00263612    -9.80882 
             91.0001 -0.38895  15.9377  58.9122   26.3236  -8.85578 -0.074553  0.129671 0.0179375 -0.141975 -0.00582743  -0.0197868   0.0473901   0.0139159 -0.00327682  0.00250383   0.0237962 -0.00363638 -0.00617417  0.0237594  0.0333191 0.00853586   -0.059379 -0.00324461    -9.80882 
             91.1005 -0.368403   16.0193   58.9762   26.3278  -8.85609 -0.077049  0.129125 0.0171265 -0.140986 -0.00582286   -0.019805   0.0473912   0.0228894  0.00313051 -0.00513172   0.0237821 -0.00362601 -0.00615296  0.0237973  0.0335233 0.00879883   -0.059229 -0.00318557    -9.80882 
             91.2004 -0.355792   16.0677   59.0145    26.3266   -8.85965 -0.0792004  0.130062 0.0164275 -0.141648 -0.00583247  -0.0197747    0.047356   0.0164053 -0.00116217 -0.00977331   0.0237789 -0.00361141 -0.00616887  0.0243007  0.0334049 0.00910453  -0.0592962 -0.00351036    -9.80882 
             91.3003 -0.38098  16.1256  59.1046    26.3256   -8.85692 -0.0808614  0.130628 0.0155831 -0.143478 -0.00581492  -0.0197564   0.0473689   0.012185  0.0134984 -0.0119658   0.0237958 -0.00361067  -0.0061768   0.024261  0.0331033 0.00915778  -0.0595191 -0.00345438    -9.80882 
             91.4001 -0.36233  16.2144  59.2888   26.3239  -8.85739 -0.078731  0.131458 0.0169354 -0.144239 -0.00582999  -0.0197343    0.047351  0.00523732   0.0117943 -0.00262381    0.023791 -0.00362156 -0.00618638  0.0243582  0.0329805 0.00887619  -0.0596128 -0.00364725    -9.80882 
             91.5002 -0.37344  16.2222  59.3792    26.3188   -8.85466 -0.0756113  0.132828 0.0176066 -0.146832 -0.00582308  -0.0196967   0.0473506 -0.00654496   0.0239897  0.00645805   0.0238002 -0.00362019 -0.00618505  0.0243354  0.0325387 0.00855472  -0.0599512 -0.00373939    -9.80882 
             91.6001 -0.373772   16.0718   59.3255    26.3157   -8.85163 -0.0784155  0.133191 0.0161046 -0.147892 -0.00583147  -0.0196817    0.047349  -0.0155136   0.0277542 -0.00382222  0.0238004 -0.0035995 -0.0061796  0.0244894  0.0323067 0.00892536 -0.0600999 -0.0037724   -9.80882 
             91.7004 -0.346382   16.0566   59.2864    26.3137   -8.84667 -0.0751432    0.1334 0.0170368 -0.148434 -0.00581585  -0.0196738   0.0473521 -0.0133411  0.0363617 0.00623015   0.0237912 -0.00362982 -0.00619036  0.0242737  0.0322225 0.00852649   -0.060188 -0.00369015    -9.80881 
             91.8002 -0.320496   15.9949   59.3483    26.3187   -8.84591 -0.0748826  0.132265 0.0178271 -0.145883 -0.00582798  -0.0197139   0.0473508 0.00250776   0.034182 0.00573902   0.0237849 -0.00362529 -0.00619299  0.0242859  0.0327836 0.00855642  -0.0597722 -0.00368532    -9.80882 
             91.9001 -0.359525   15.9147   59.2439    26.3207   -8.83971 -0.0770221  0.131711 0.0168705 -0.145808 -0.0058127 -0.0197191  0.0473506  0.00710019   0.0441245 -0.00197545   0.0238024 -0.00361871 -0.00617481   0.024109  0.0327988 0.00874833  -0.0597582 -0.00349274    -9.80882 
             91.9996 -0.300877   15.9359   59.3321    26.3195   -8.84279 -0.0763226  0.132444 0.0178003 -0.145123 -0.00586017  -0.0197117   0.0473374  0.00351502   0.0272826 6.44915e-05   0.0237783 -0.00362936 -0.00619316  0.0246797  0.0329378 0.00883391  -0.0596338 -0.00395035    -9.80882 
             92.1004 -0.316613    16.046   59.3821    26.3203   -8.83898 -0.0764227  0.132328 0.0177293 -0.145103 -0.00585617  -0.0197143   0.0473401  0.00432655   0.0338215 0.000113538   0.0237869 -0.00363849 -0.00617643 0.0246215 0.0329443 0.0088275  -0.0596313 -0.00390295    -9.80882 
             92.2011 -0.329119   16.1194   59.4211    26.3249   -8.84563 -0.0758843  0.131947  0.019345 -0.142157 -0.00591336  -0.0197416   0.0473036  0.0139326  0.0101798 0.00194454   0.0237997 -0.00362658 -0.00618572  0.0251479  0.0335989 0.00892878  -0.0591302 -0.00431219    -9.80882 
             92.3003 -0.297603   16.1135   59.4063     26.324   -8.84436 -0.0763884  0.132333   0.01892 -0.142854 -0.00591222  -0.0197283    0.047303   0.00815419    0.0137091 -0.000680433   0.0237859 -0.00361636 -0.00619113    0.02522  0.0334299 0.00901015 -0.0592485 -0.0043556   -9.80882 
             92.4003 -0.312998   16.0567   59.3306    26.3276   -8.83957 -0.0754515  0.131727 0.0191154 -0.142546 -0.00589119  -0.0197411   0.0473079  0.0162899  0.0266293 0.00203746    0.023791 -0.00362082  -0.0061758  0.0249018  0.0335145 0.00882483  -0.0592035 -0.00412957    -9.80882 
             92.5002 -0.287294   16.0703   59.4094    26.3263   -8.84342 -0.0754339  0.132559 0.0194991 -0.142446 -0.00593085  -0.0197251   0.0472968  0.0105127  0.0140518 0.00142636   0.0237881 -0.00360943 -0.00619726  0.0254357  0.0335384 0.00899517  -0.0591629 -0.00453345    -9.80882 
             92.5996 -0.257368   16.1927    59.392     26.327   -8.83938 -0.0723838  0.132595 0.0200563 -0.142858 -0.00592023  -0.0197202   0.0473027  0.0113508  0.0251231 0.00952816     0.02377 -0.00363043 -0.00617217 0.0252313  0.033436 0.0086697   -0.059252 -0.00443094    -9.80882 
             92.7003 -0.295387   16.2767   59.3992    26.3259   -8.83792 -0.0766048  0.132978 0.0184655 -0.143367 -0.00592391  -0.0197047   0.0472986  0.00615834    0.027142 -0.00510897    0.023801 -0.00362842  -0.0061841  0.0255104  0.0332971 0.00923339  -0.0593308 -0.00455097    -9.80882 
                92.8 -0.305645   16.3394   59.3691    26.3234   -8.84195 -0.0792224  0.133846  0.018297 -0.143379 -0.00596164  -0.0196887   0.0472787 -0.00119836   0.0141578  -0.0109259    0.023811 -0.00362288 -0.00618021  0.0261151  0.0333044 0.00960628  -0.0592957 -0.00497216    -9.80882 
             92.9003 -0.265579   16.3451   59.3668     26.321   -8.83901 -0.0805956  0.134165 0.0178801 -0.144116 -0.00595509   -0.019675   0.0472805 -0.00617854   0.0216233  -0.0120124   0.0237978  -0.0036016 -0.00618984  0.0261047  0.0330984 0.00963234 -0.0594437 -0.0049615   -9.80882 
             93.0003 -0.214625   16.3122   59.2386    26.3205   -8.83278 -0.0796061   0.13399 0.0180197  -0.14451 -0.0059306 -0.0196691  0.0472838 -0.00837268   0.0319673 -0.00602978   0.0237684  -0.0036052 -0.00616289 0.0258106 0.0329708 0.0093491  -0.0595516 -0.00476964    -9.80882 
             93.1001 -0.232537   16.3447   59.3475   26.3272  -8.83482 -0.077721  0.133188 0.0198857 -0.142321 -0.00596446   -0.019713    0.047273  0.0241702  0.0455237 0.00074548   0.0238037 -0.00362229 -0.00619214  0.0259362  0.0336847 0.00913591  -0.0590392 -0.00488687    -9.80882 
                93.2 -0.190512   16.4121   59.7994    26.3294   -8.82933 -0.0752589  0.133541 0.0205672 -0.142562 -0.00596957  -0.0196982   0.0472714   0.0461127   0.0918827 -0.00412143   0.0237861 -0.00363606 -0.00619538  0.0260196  0.0336209 0.00889761 -0.0590836 -0.0049839   -9.80882 
             93.3003 -0.126229   17.2697   60.4984    26.3392   -8.82426 -0.0751701  0.133034 0.0217599 -0.140052 -0.00603795  -0.0197032   0.0472183    0.0863512     0.122551 -0.000103702   0.0237786 -0.00366882 -0.00619382   0.026296  0.0341312 0.00893809  -0.0587119 -0.00519984    -9.80882 
             93.4002 -0.0772854    18.2647    61.2404    26.3485   -8.81019 -0.0765381   0.13341 0.0211764 -0.140251 -0.00602612  -0.0196824   0.0471846    0.116333    0.203489 -0.00466433   0.0237821 -0.00368163 -0.00619534  0.0265519  0.0341175 0.00911485  -0.0587172 -0.00533022    -9.80882 
             93.5003 -0.0428319    18.9775    61.7448    26.3592   -8.78727 -0.0790859  0.134217 0.0191148 -0.141915 -0.00599665  -0.0196598    0.047171    0.152921    0.272918 -0.00420005    0.023788 -0.00365482 -0.00619086  0.0269219  0.0339468 0.00947291  -0.0588339 -0.00543132    -9.80882 
             93.6003 -0.0542264    19.4678    61.9524    26.3813   -8.75625 -0.0803959  0.132832 0.0186097 -0.138482 -0.0059965 -0.0196857  0.0471831    0.205629    0.345635 0.000792639   0.0237697 -0.00363593 -0.00616603   0.02686 0.0342651 0.0095655  -0.0586327 -0.00530146    -9.80882 
             93.7002 -0.0161732    19.4812    62.3684     26.404   -8.72521 -0.0788752  0.132653 0.0200299 -0.136454 -0.00602773  -0.0196866   0.0471948   0.246273   0.386235 0.00819633  0.0237917 -0.0036251 -0.0061956 0.0271515 0.0344326  0.009569  -0.0584794 -0.00559789    -9.80882 
             93.8003 0.159316  18.7482  62.9749    26.4292   -8.67984 -0.0786061  0.132703 0.0192003 -0.137558 -0.00599559  -0.0196905   0.0471398    0.242488    0.466243 0.000725087   0.0237918 -0.00357564 -0.00618473  0.0269725  0.0343516 0.00955104  -0.0585597 -0.00541371    -9.80882 
             93.9002 0.215122   17.488  64.0841    26.4508     -8.628 -0.0783699  0.134121 0.0185543  -0.14091 -0.00596212  -0.0196764   0.0471223    0.242351     0.52456 0.000837502   0.0238363 -0.00355472 -0.00622848  0.0269185  0.0340867 0.00954222  -0.0587883 -0.00537341    -9.80882 
             94.0005 0.172805  16.3325  65.5326     26.471   -8.57775 -0.0781476  0.136073 0.0194951 -0.144163 -0.00598992   -0.019607   0.0472761    0.225567    0.567472 -0.00570773   0.0238506 -0.00356526 -0.00626164  0.0271828  0.0338738 0.00953296  -0.0589238 -0.00568736    -9.80882 
             94.1003 0.164352  15.7295  67.7317    26.4827   -8.52127 -0.0772344   0.14022 0.0196718 -0.153451 -0.00590391  -0.0194735   0.0474097   0.199124   0.596465 0.00124307    0.023876 -0.00358623 -0.00630706  0.0274794    0.03319 0.00951014  -0.0593915 -0.00604849    -9.80882 
             94.2003 0.165089  15.5793  70.3607    26.4987   -8.46492 -0.0781204  0.142176 0.0190766 -0.155743 -0.00592339  -0.0193616   0.0474171     0.165038     0.617778 -0.000471925   0.0238681 -0.00359735 -0.00633053  0.0280223  0.0332324 0.00978728  -0.0593735 -0.00638137    -9.80882 
             94.3005 0.104997  15.7752   73.445    26.5085   -8.39827 -0.0777766   0.14381 0.0182624 -0.161071 -0.0057996 -0.0193735  0.0474654    0.127937     0.65881 0.000676943   0.0239096 -0.00364413 -0.00638546   0.027896  0.0327646 0.00973226 -0.0597209 -0.0063238   -9.80882 
             94.4003 0.0871813   15.8739   76.4241    26.5337   -8.32385 -0.0794517  0.137011 0.0181753 -0.143435 -0.00599565  -0.0196039   0.0475696    0.129153    0.705917 -0.00265375   0.0239239  -0.0036109 -0.00635315  0.027183 0.0337495 0.0096414  -0.0591944 -0.00560811    -9.80882 
             94.5003 0.0858892   16.0574   79.1607    26.5524   -8.25222 -0.0796899  0.134004 0.0193714 -0.136325 -0.00608589  -0.0196351   0.0475743    0.127182    0.730372 -0.00615835   0.0239259 -0.00359674 -0.00634484  0.0270149  0.0342145 0.00953887  -0.0588392 -0.00546479    -9.80882 
             94.6001 0.0840566   16.3302   81.0529    26.5676   -8.17364 -0.0776214   0.13054 0.0211153 -0.131937 -0.00611355  -0.0196512   0.0476245   0.112164   0.769913 0.00676072   0.0239105 -0.00362521 -0.00632396  0.0264833  0.0341224 0.00913585  -0.0587826 -0.00521001    -9.80882 
             94.7004 0.0345306   16.3952    82.541    26.5787   -8.10288 -0.0797448  0.133612 0.0199823 -0.134739 -0.00609843  -0.0196822     0.04757    0.105725    0.779674 7.80452e-05   0.0239272 -0.00361759 -0.00629599  0.0272184  0.0345497 0.00962713  -0.0585563 -0.00555937    -9.80882 
             94.8003 -0.0779296    16.3143    83.6932    26.5902   -8.03376 -0.0770371  0.134248 0.0227667 -0.140056 -0.00607945  -0.0197715   0.0475431    0.10285   0.787072 0.00336618   0.0239219 -0.00360431 -0.00627693  0.0276679  0.0344555 0.00945149  -0.0582547 -0.00601612    -9.80883 
             94.9001 -0.0831079    16.3355    84.8907    26.6063   -7.95638 -0.0770785  0.133015 0.0234478 -0.136592 -0.0060123 -0.0198019   0.047556   0.105419   0.814612 0.00458933   0.0239137 -0.00360037 -0.00625005  0.0278165   0.035005 0.00951791  -0.0578502 -0.00599153    -9.80883 
             94.9999 -0.114365   16.6898   85.7335    26.6102   -7.87361 -0.0756695  0.134343 0.0237439 -0.140906 -0.00607556  -0.0197998   0.0475379   0.0731959    0.848368 0.000590739   0.0239179  -0.0036055 -0.00625789  0.0278064  0.0344942 0.00938429  -0.0581237 -0.00615637    -9.80883 
             95.1003 -0.229964   17.1957   85.6793    26.6198   -7.78882 -0.0747606  0.134328 0.0242579 -0.141123 -0.00606658  -0.0198244   0.0475299   0.104567   0.869596 0.00748581   0.0238813 -0.00362052 -0.00618669  0.0278845   0.034543 0.00935486  -0.0580378 -0.00621822    -9.80883 
             95.2005 -0.410688   17.6097   85.0147    26.6302   -7.70146 -0.0772817  0.135099 0.0223858 -0.141507 -0.00607499  -0.0198078    0.047533  0.125269  0.879013 -0.014601   0.0238854 -0.00362624 -0.00615256  0.0280467  0.0345439 0.00972888  -0.0581141 -0.00622392    -9.80883 
             95.3003 -0.366723   17.5699   84.5696   26.6394   -7.6135 -0.077635  0.135891 0.0223048 -0.143067 -0.00612653   -0.019799   0.0475195   0.102057   0.884007 0.00168428   0.0238614 -0.00359519 -0.00611127  0.0280529  0.0342769 0.00968652  -0.0582865 -0.00632105    -9.80882 
             95.4003 -0.241565   17.1482    85.062    26.6503   -7.52702 -0.0797929  0.135499 0.0222409 -0.142755 -0.00614642  -0.0198298   0.0475308   0.0888997    0.886959 -0.00762573   0.0238711 -0.00355593 -0.00615288 0.0282419 0.0343561 0.0099355  -0.0581314 -0.00640065    -9.80883 
             95.5001 -0.261703   16.6142   86.3334     26.659   -7.44094 -0.0791937  0.136032 0.0225573 -0.142802 -0.00615599  -0.0198176   0.0475583  0.0749456   0.890659 0.00268754   0.0238879 -0.00356909  -0.0062174  0.0284449  0.0343496 0.00987969 -0.0580915 -0.0065553   -9.80883 
                95.6 -0.189522   16.1335   88.3128    26.6633   -7.35076 -0.0791023  0.136075  0.022394 -0.142846 -0.00613379  -0.0198199   0.0475552   0.0336864    0.895692 0.000589195  0.0239135 -0.0035662 -0.0062575     0.0284  0.0342926 0.00981686  -0.0581581 -0.00653217    -9.80883 
             95.7002 -0.193688   15.8357   90.5616    26.6609   -7.26571 -0.0799836  0.137094 0.0224608 -0.143254 -0.00613694  -0.0197427   0.0475853 0.0232503  0.885178 0.0334493   0.0239385 -0.00356916 -0.00627567 0.0286563 0.0341728 0.0100289  -0.0581688 -0.00679495    -9.80883 
             95.8003 -0.430392   15.7242   92.5349    26.6506   -7.18077 -0.0806801  0.138928 0.0217659 -0.144227 -0.0060427 -0.0196557  0.0476336  -0.0717452    0.866052 -0.00967636   0.0239673 -0.00356679 -0.00629178 0.0288366 0.0337425  0.010158  -0.0584797 -0.00709845    -9.80882 
             95.9003 -0.506999   15.7827   94.1403    26.6374   -7.09614 -0.0799667  0.140169 0.0212108 -0.145731 -0.0059627 -0.0195875   0.047663  -0.0649655    0.870469 -0.00153551   0.0239387 -0.00359892 -0.00627998 0.0289895 0.0331045 0.0100783  -0.058855 -0.0074034   -9.80882 
             96.0003 -0.311288   15.9596   95.3338    26.6393   -7.01402 -0.0754829  0.138649 0.0238631 -0.147547 -0.00607745  -0.0196015   0.0476172 -0.0823463    0.86691  0.0116305   0.0239081 -0.00360369 -0.00624761   0.029335   0.033588 0.00978979  -0.0581611 -0.00744243    -9.80882 
             96.1002 -0.3756 16.2494 95.8697    26.6424   -6.92592 -0.0734534  0.136414 0.0251497 -0.146097 -0.00607819  -0.0196496   0.0476281 -0.0574361    0.87545 0.00922982   0.0238905 -0.00358916 -0.00620598  0.0292625  0.0341922 0.00962005  -0.0576791 -0.00714759    -9.80883 
             96.2004 -0.441339   16.6637   95.7412    26.6408   -6.83721 -0.0745912   0.13651 0.0246557 -0.145233 -0.00603954  -0.0196529   0.0476459 -0.0223443   0.878815 0.00500746   0.0238908 -0.00359871 -0.00615573  0.0292456  0.0344956 0.00987586  -0.0575722 -0.00703889    -9.80883 
             96.3003 -0.441829   17.0618   95.6164    26.6238   -6.75583 -0.0749867  0.139322  0.023836 -0.148578 -0.00617444  -0.0196439   0.0475632 -0.0793548    0.86142 0.00875927   0.0238919 -0.00359613 -0.00616539  0.029573 0.0335665 0.0100866  -0.0580581 -0.00763085    -9.80883 
             96.4003 -0.539023    16.971    95.118  26.6165 -6.66703 -0.07603  0.138965 0.0232968 -0.148069 -0.00617329  -0.0196065   0.0475707  -0.0575868    0.870462 -0.00639759   0.0238959 -0.00354782 -0.00614332 0.0293798 0.0335238 0.0101788  -0.0581668 -0.00751376    -9.80882 
             96.5001 -0.554923   16.8203   94.4467    26.6125   -6.58561 -0.0774148  0.139393 0.0239961 -0.148637 -0.00617971  -0.0196777    0.047575  -0.0363178    0.862459 -0.00356052   0.0238743 -0.00355511  -0.0061346 0.0297294 0.0336307 0.0103056 -0.05793 -0.00772 -9.80883 
             96.6003 -0.763994   16.7033   93.7658    26.6063   -6.50169 -0.0768091  0.140074 0.0237961 -0.148335 -0.00623211   -0.019678   0.0475768  -0.0209511    0.852262 -0.00506508   0.0238916 -0.00357103 -0.00614926 0.0298959 0.0333366 0.0102457 -0.0580814 -0.0079404   -9.80882 
             96.7001 -0.521386   16.6901   93.4132    26.5981   -6.41644 -0.0757383  0.140547 0.0233014 -0.147898 -0.00624933  -0.0196476   0.0475649 -0.0525621   0.843503  0.0107612   0.0238536 -0.00357695 -0.00615592 0.0298531 0.0330948 0.0101369  -0.0583069 -0.00800448    -9.80882 
             96.8003 -0.531127   16.6154   93.3085    26.5901   -6.33226 -0.0766571  0.140261 0.0230989 -0.147581 -0.00625748  -0.0196322   0.0475597  -0.0523571    0.833257 -0.00108147   0.0238706  -0.0035698 -0.00616816 0.0297887 0.0328043 0.0102384  -0.0584554 -0.00807597    -9.80882 
             96.9002 -0.555299   16.5316   93.0636    26.582  -6.24249 -0.077302  0.139961  0.022296 -0.148693 -0.00622205  -0.0196229   0.0475533  -0.0467771    0.838946 -0.00194041   0.0238737   -0.003576 -0.00616015 0.0293297  0.032597 0.0101729  -0.0587548 -0.00783578    -9.80882 
             97.0005 -0.508651   16.3136   92.9423    26.5808   -6.16453 -0.0779669  0.139894 0.0230552 -0.148234 -0.00625464  -0.0196275   0.0475593  -0.0486918    0.813957 0.000726254   0.0238806 -0.00355808 -0.00618129 0.0296084 0.0327646 0.0102847  -0.0585013 -0.00797577    -9.80882 
                97.1 -0.477373   15.9659   92.7289    26.5852   -6.08531 -0.0752131  0.140454   0.02363 -0.149645 -0.00627956  -0.0196649   0.0475632   -0.02293   0.788961 0.00042944   0.0238691 -0.00355317 -0.00615902 0.0298895 0.0334154 0.0100982  -0.0580781 -0.00787858    -9.80882 
             97.2002 -0.420587   15.7521   92.3636    26.5891   -6.01096 -0.0732113  0.140873 0.0242364  -0.15005 -0.00631112  -0.0196799   0.0475686 0.00169102   0.758915 0.00632352   0.0238066 -0.00358214 -0.00614833 0.0302415 0.0337878 0.0100231  -0.0577544 -0.00795244    -9.80883 
             97.3001 -0.528596   15.4436   91.8824    26.5961   -5.93519 -0.0743169  0.140489 0.0249012 -0.151509 -0.00631968  -0.0197055     0.04756   0.0457262    0.738721 -0.00123553   0.0238426 -0.00358154 -0.00612441 0.0301526 0.0340691 0.0101541  -0.0575305 -0.00782032    -9.80883 
             97.4004 -0.323625   15.1558    91.581    26.6004   -5.86014 -0.0733463   0.14055 0.0244812 -0.152023 -0.00629923  -0.0197095   0.0475583 0.0306862  0.706565 0.0114711   0.0238272 -0.00357553 -0.00614627  0.029978 0.0340867 0.0100216  -0.0576275 -0.00767735    -9.80883 
             97.5003 -0.191678   14.7952   91.6256    26.5947   -5.79702 -0.0778413   0.13957  0.024601 -0.149279 -0.00630421  -0.0196567   0.0475589 -0.00889831    0.643483  -0.0123458   0.0238735 -0.00356127 -0.00614313 0.0300809 0.0333474 0.0104741  -0.0578624 -0.00806044    -9.80883 
             97.6001 -0.0887292    14.6706    91.9187    26.5898   -5.73794 -0.0767344  0.140176  0.024059 -0.147561 -0.00629052  -0.0196154   0.0475562  0.00395057      0.5827 -0.00133113   0.0238399  -0.0035798 -0.00616116 0.0303039 0.0330906 0.0103292  -0.0580391 -0.00826981    -9.80882 
             97.6999 -0.115099   14.4634   92.3606    26.5766   -5.68035 -0.0777191  0.139911 0.0229228 -0.144721 -0.00620844  -0.0195741    0.047581   -0.0308729     0.522637 -0.000438573   0.0238756 -0.00358239 -0.00618287 0.0300477 0.0323446 0.0103765  -0.0586068 -0.00838395    -9.80882 
             97.8003 -0.0345818    14.8421    92.8902    26.5626   -5.63742 -0.0773849  0.140447 0.0223584 -0.141496 -0.00616071  -0.0194865   0.0475602  -0.0600756     0.42259 -0.00410954   0.0238461 -0.00363262 -0.00615856 0.0303502 0.0317235 0.0104283  -0.0589331 -0.00881114    -9.80882 
                97.9 -0.0167264    15.0817    93.4607    26.5587   -5.59818 -0.0780832  0.140322 0.0225563 -0.142395 -0.00617002   -0.019508    0.047567 -0.0629557   0.340675 0.00193265   0.0238641 -0.00361558 -0.00617692 0.0302492 0.0318675 0.0104351  -0.0588591 -0.00870296    -9.80882 
             98.0004 -0.0573323    14.7352    93.7464    26.5538   -5.56605 -0.0765824  0.140232 0.0222808 -0.142624 -0.00616991  -0.0195152   0.0475685 -0.0416705   0.303985  0.0237686   0.0238624 -0.00357072 -0.00617557 0.0302594 0.0318974 0.0103882  -0.0588533 -0.00865911    -9.80882 
             98.1002 -0.0353299    14.6881    93.7498    26.5483   -5.54083 -0.0745116  0.140329 0.0219082 -0.142264 -0.00617424  -0.0195075   0.0475661 -0.0519842   0.227233 0.00960301   0.0238534 -0.00359688  -0.0061774 0.0304454 0.0318281 0.0103642  -0.0588593 -0.00874975    -9.80882 
                98.2 -0.00256907     15.5119     93.5963    26.5438    -5.5191 -0.0768936   0.14043 0.0235326 -0.142217 -0.00615494  -0.0195063   0.0475762  -0.0430796    0.192112 0.000531483   0.0238532 -0.00363423  -0.0061483 0.0300625 0.0318685  0.010533  -0.0588644 -0.00871811    -9.80882 
                98.3 0.0669671   15.9968   93.4596    26.5575   -5.49799 -0.0773974  0.141541  0.024887 -0.153858 -0.00614225  -0.0195852   0.0475911 -0.00934457    0.170195 -0.00262806   0.0238474 -0.00359669 -0.00619713 0.0299383 0.0327767 0.0105299  -0.0582187 -0.00828536    -9.80882 
             98.4003 0.0665088   16.6012    93.046     26.562   -5.48365 -0.0762121  0.142159 0.0247896 -0.157509 -0.0061459 -0.0196129  0.0475718   0.00335471     0.141413 -0.000790466   0.0238505 -0.00361291 -0.00616749 0.0302041 0.0330145 0.0104788  -0.0579858 -0.00827293    -9.80883 
             98.5002 0.0780288   17.1728   92.4756    26.5644   -5.47881 -0.0752267  0.143274 0.0252418 -0.159587 -0.00616829   -0.019648   0.0475061   0.0081903    0.105543 0.000407759   0.0238386 -0.00358202 -0.00615472 0.0307905   0.03304 0.0105464  -0.0577548 -0.00859815    -9.80883 
             98.6005 0.0781501   17.5072   91.7236    26.5693   -5.47456 -0.0709548  0.144186 0.0243228 -0.162579 -0.00617959  -0.0196867   0.0474816 0.0221315 0.0801202 0.0126563   0.0238123 -0.00357162 -0.00611556 0.0314836 0.0331906 0.0104052   -0.057508 -0.00876174    -9.80883 
                98.7 0.040427  17.5898  90.8898    26.5738   -5.47472 -0.0714542  0.145225  0.025701 -0.164424 -0.00620874  -0.0197219   0.0474755   0.026849  0.0492887 0.00851709   0.0238089 -0.00356928  -0.0061103 0.0317679 0.0332448 0.0106206  -0.0572998 -0.00903233    -9.80883 
                98.8 0.0297519   17.5932    90.555    26.5734   -5.46906 -0.0723232  0.144756 0.0260713 -0.162364 -0.00621443  -0.0197067   0.0474705   0.023506  0.0425255 0.00531762   0.0238197 -0.00356673 -0.00611326 0.0315331  0.033071 0.0106998  -0.0574425 -0.00903933    -9.80883 
             98.9001 0.071303  17.5801  90.3215    26.5743   -5.46225 -0.0737037  0.144273 0.0264647 -0.161379 -0.00620492  -0.0197053    0.047457    0.0208724    0.0413196 -0.000798542   0.0237844 -0.00356731 -0.00604227  0.031197 0.0330063 0.0107542  -0.0575476 -0.00894035    -9.80883 
             99.0003 0.0296428   17.5486   90.3701    26.5759   -5.45277 -0.0760352  0.143597 0.0268858  -0.16091 -0.00617978  -0.0197268   0.0474316   0.0188335   0.0451174 -0.00657855   0.0238327 -0.00355684 -0.00611013 0.0306678 0.0330159 0.0107873  -0.0576613 -0.00870761    -9.80883 
             99.1005 0.0902607   17.6581   90.4054    26.5725   -5.44345 -0.0747692  0.142589 0.0255055 -0.157815 -0.00613279  -0.0197279   0.0474249  0.00864984    0.052976 -0.00197165   0.0238071  -0.0035985 -0.00612941 0.0305023 0.0327518 0.0105985   -0.057947 -0.00858792    -9.80883 
             99.2003 0.0508903   17.6906   90.7084    26.5678   -5.43708 -0.0768298   0.14192 0.0255621 -0.154923 -0.00610144  -0.0197169   0.0474296 -0.00269824   0.0496044 -0.00608397   0.0238395 -0.00356071 -0.00615483 0.0302316 0.0324599 0.0106738  -0.0581808 -0.00859681    -9.80882 
             99.3003 0.0614374   17.7794   91.0995    26.5691   -5.43089 -0.0775384  0.141887 0.0256053 -0.155612 -0.00610319  -0.0197334   0.0474261  0.00161082   0.0487591 -0.00679137   0.0238398 -0.00357199 -0.00615942 0.0301506 0.0325533 0.0106527  -0.0581474 -0.00851475    -9.80882 
             99.3999 0.0398346   17.8486   91.2326    26.5657   -5.42205 -0.0769551  0.141202 0.0246967 -0.153773 -0.00607127  -0.0197417   0.0474319 -0.00595456   0.0571401 -0.00417739    0.023864 -0.00355822 -0.00618828 0.0300099 0.0323887 0.0105151  -0.0583352 -0.00841033    -9.80882 
             99.5004 0.104229  18.0503   91.263    26.5666    -5.4195 -0.0735509  0.141606  0.023918 -0.154684 -0.00609225  -0.0197338   0.0474236 -0.00224049   0.0492046  0.00551711   0.0238094 -0.00356539 -0.00612347  0.030471 0.0324397 0.0103514  -0.0582291 -0.00851922    -9.80882 
             99.6003 0.0742332   18.2805   91.4083    26.5689   -5.41681 -0.0737772   0.14201 0.0244717  -0.15596 -0.00610625  -0.0197369   0.0474157 0.00264854  0.0430728 0.00386559   0.0238479 -0.00358782 -0.00617472 0.0305431 0.0325658  0.010432  -0.0581044 -0.00856423    -9.80882 
             99.7005 0.159193  18.2472   91.233    26.5723   -5.42267 -0.0705114   0.14324 0.0245121 -0.158129 -0.00615097   -0.019734    0.047402  0.009658 0.0166147 0.0117226    0.023792 -0.00356366 -0.00613824 0.0313258 0.0326671 0.0104367  -0.0578309 -0.00890945    -9.80883 
                99.8 0.132787  18.1786  91.0379    26.5652   -5.42773 -0.0719463  0.143414 0.0252287 -0.155105 -0.00617515  -0.0197001   0.0474011 -0.00478709  0.00639222  0.00556205   0.0238049 -0.00356303 -0.00611939 0.0314704 0.0322258 0.0106919  -0.0579924 -0.00927434    -9.80882 
             99.8999 0.139025  17.8843  90.9971    26.5675   -5.42979 -0.0717429   0.14388 0.0256965 -0.156655 -0.0061884 -0.0197109  0.0474043 0.000810044 -0.00143274  0.00524189    0.023809 -0.00353696 -0.00615164 0.0315819 0.0323699 0.0107502  -0.0578536 -0.00931906    -9.80882 
                 100 0.143713  17.7145  91.1597    26.5658   -5.42864 -0.0729513  0.143646 0.0260392 -0.155677 -0.00618396  -0.0197055   0.0474012 -0.00392429 -0.00101539  0.00123423   0.0238295 -0.00357419 -0.00622193 0.0313764 0.0322869 0.0108238  -0.0579363 -0.00929794    -9.80882 
               100.1 0.136296  17.5663  91.1532    26.5655   -5.42496 -0.0732787  0.143231 0.0259048 -0.155264 -0.00616673  -0.0197101   0.0473961 -0.00232928  0.00746703 0.000130893  0.0237997 -0.0035412 -0.0061051 0.0311306 0.0322993  0.010787  -0.0580046 -0.00915529    -9.80882 
               100.2 0.107992   17.495  91.5376    26.5679   -5.42425 -0.0758963  0.143461 0.0268394 -0.156392 -0.00617373    -0.01972   0.0473925  0.00231203  0.00471389 -0.00557308   0.0238387 -0.00356147 -0.00617508  0.030957 0.0324503   0.01094  -0.0579127 -0.00911702    -9.80882 
             100.301 0.118948  17.5118  91.6147     26.562   -5.41809 -0.0764967  0.142478 0.0259746 -0.153345 -0.00613899   -0.019711   0.0474064  -0.0103659   0.0153463 -0.00579116   0.0238224 -0.00355492 -0.00614388 0.0306083 0.0321593 0.0108435  -0.0582207 -0.00897992    -9.80882 
               100.4 0.154944  17.6482  91.7829     26.565    -5.4146 -0.0766674  0.142464 0.0260309 -0.154667 -0.00614108  -0.0197299   0.0474082 -0.00196401   0.0180691 -0.00457836   0.0238041 -0.00360152 -0.00614673 0.0305507 0.0323685 0.0107907  -0.0581179 -0.00885934    -9.80882 
               100.5 0.161501  17.6808  91.5504    26.5644    -5.4118 -0.0768761  0.142322 0.0258598 -0.154377 -0.00613762  -0.0197287   0.0474115 -0.00229994   0.0187207  -0.0044011   0.0237566 -0.00357297 -0.00600638 0.0305061  0.032346 0.0107571  -0.0581529 -0.00882692    -9.80882 
               100.6 0.136457  17.7457  91.7075   26.5672  -5.41229 -0.074767   0.14262 0.0257072 -0.155672 -0.00615244  -0.0197369   0.0474008 0.00453458  0.0130109 0.00204078   0.0238084  -0.0035794 -0.00612894 0.0307952 0.0324753  0.010639  -0.058013 -0.0088749   -9.80882 
               100.7 0.158495  17.7761  91.5227    26.5678   -5.41194 -0.0729904  0.142677 0.0254491 -0.155788 -0.00615717  -0.0197364   0.0473979 0.00605978   0.011517 0.00583381   0.0237701 -0.00356941 -0.00604697 0.0309367 0.0324636 0.0105584  -0.0579965 -0.00890978    -9.80882 
               100.8 0.125553   17.846   91.695    26.5683   -5.41184 -0.0750205  0.142864 0.0260737   -0.1559 -0.00615864  -0.0197348   0.0473956   0.00594155     0.011337 -0.000392623   0.0238123 -0.00358063 -0.00612267 0.0308456 0.0324751  0.010736  -0.0579765 -0.00894718    -9.80882 
               100.9 0.133038  17.9302  91.7052    26.5697   -5.41252 -0.0760641  0.143123 0.0264732 -0.156358 -0.00616526  -0.0197353   0.0473906 0.00748111  0.0101863 -0.0025966   0.0238001 -0.00359988 -0.00610073 0.0308956 0.0325131  0.010829  -0.0579177 -0.00900543    -9.80882 
                 101 0.105656   17.895  91.8346     26.572   -5.41391 -0.0762191  0.143425   0.02671 -0.157102 -0.0061759 -0.0197366  0.0473862  0.00962021  0.00535987 -0.00230125   0.0238266 -0.00354395 -0.00613521 0.0310375 0.0325812 0.0108609  -0.0578283 -0.00906968    -9.80883 
               101.1 0.172429  18.0255  91.8769    26.5718   -5.41407 -0.0742117  0.143423 0.0261962 -0.156797 -0.00617845  -0.0197295   0.0473849 0.00855001 0.00742319 0.00298514    0.023791 -0.00358605 -0.00613763 0.0312167 0.0325001 0.0107388  -0.0578547 -0.00912161    -9.80883 
             101.201 0.169783  18.0762  91.8219    26.5749   -5.41249 -0.0745811  0.143459 0.0264499 -0.157466 -0.0061785 -0.0197384  0.0473851  0.0131167  0.0133367 0.00130664   0.0237819  -0.0035985 -0.00611019 0.0311536   0.03262 0.0107696  -0.0577927 -0.00907009    -9.80883 
               101.3 0.166484  18.1152  91.8666    26.5776   -5.41379 -0.0733065   0.14377 0.0264542 -0.158182 -0.00619006  -0.0197393   0.0473811   0.016454  0.0109355 0.00396613   0.0237898 -0.00359578 -0.00613556 0.0313791 0.0326683 0.0107457  -0.0577061 -0.00915129    -9.80883 
               101.4 0.138171  18.1381  91.7239     26.572   -5.41207 -0.0751687  0.143465 0.0264659 -0.155634 -0.00618308  -0.0197128   0.0473848  0.00196314   0.0149375 -0.00179286    0.023778 -0.00357312 -0.00605287 0.0311752 0.0323098  0.010869  -0.0579492 -0.00922514    -9.80882 
               101.5 0.17626  18.214 91.8932    26.5704    -5.4104 -0.0719778  0.143294 0.0255498 -0.155027 -0.00618091  -0.0197056   0.0473859 -1.23584e-05    0.0171907   0.00665203   0.0237828 -0.00357717 -0.00613366 0.0313745  0.032198 0.0106663  -0.0580091 -0.00924928    -9.80882 
               101.6 0.182893  18.2253  91.8386     26.572   -5.40436 -0.0708718  0.142921 0.0252838 -0.155177 -0.00616706  -0.0197169    0.047389 0.00416906  0.0271114 0.00763331   0.0237703 -0.00355509 -0.00611039 0.0311784  0.032296 0.0105737  -0.0580263 -0.00908104    -9.80882 
               101.7 0.186728  18.2316  91.8592    26.5739   -5.40439 -0.0688342   0.14327 0.0252387  -0.15602 -0.00617969  -0.0197179   0.0473866 0.00796671  0.0248079  0.0111384   0.0237795 -0.00356057 -0.00614981 0.0314293 0.0323519 0.0105485  -0.0579324 -0.00916543    -9.80882 
               101.8 0.161721  18.2778  91.7852    26.5718   -5.40807 -0.0710864   0.14382 0.0263429 -0.155473 -0.00619885  -0.0197002   0.0473825 0.00179486  0.0119461  0.0033981   0.0237798 -0.00356989 -0.00611908  0.031512 0.0321947 0.0108424  -0.0579285 -0.00941041    -9.80882 
               101.9 0.196444  18.3397  91.9662    26.5726   -5.40906 -0.0696327  0.144047  0.026202 -0.155865 -0.00620805  -0.0196971   0.0473796 0.00511939 0.00972776 0.00613875   0.0237707 -0.00357966 -0.00615414 0.0317151 0.0321998 0.0108144  -0.0578795 -0.00948427    -9.80882 
                 102 0.213049  18.2985  92.0664    26.5739   -5.40263 -0.0713344  0.143627 0.0266094  -0.15569 -0.00619071  -0.0197112   0.0473819  0.00645143   0.0247359 0.000575851   0.0237418 -0.00358431 -0.00608563 0.0312721 0.0322761 0.0108645  -0.0579346 -0.00929464    -9.80882 
             102.101 0.168957  18.2567  92.1908   26.5732   -5.3985 -0.070599   0.14338 0.0262238 -0.155004 -0.00618283  -0.0197095   0.0473838 0.00430887  0.0310197 0.00218911  0.0237791 -0.0035886 -0.0061445 0.0312426 0.0322091 0.0108011  -0.0579993 -0.00926467    -9.80882 
               102.2 0.136845  18.2783  92.3079    26.5754   -5.39244 -0.0730875  0.143269 0.0269641 -0.155437 -0.00617529  -0.0197213   0.0473838  0.00904751   0.0369766 -0.00469027   0.0237654  -0.0035765 -0.00605127 0.0308938 0.0323244 0.0109118  -0.0579902 -0.00914167    -9.80882 
               102.3 0.100072   18.215  92.6632    26.5701   -5.38792 -0.0761447  0.142857 0.0273164  -0.15287 -0.00615935  -0.0197028    0.047391 -0.00432648   0.0398012  -0.0107287   0.0238079 -0.00355579 -0.00611886 0.0306286 0.0320411 0.0110471  -0.0581874 -0.00918689    -9.80882 
               102.4 0.118966  18.2075  92.5474    26.5685   -5.39177 -0.0762163  0.143475 0.0273874  -0.15294 -0.00618479  -0.0196864   0.0473869 -0.00723916   0.0250422 -0.00845922    0.023784 -0.00358819   -0.006103 0.0311013 0.0319273 0.0111085  -0.0581158 -0.00946038    -9.80882 
               102.5 0.134415  18.1581  92.7306    26.5639   -5.39226 -0.0759068   0.14346 0.0269702 -0.151499 -0.0061893 -0.0196673  0.0473873  -0.0110072   0.0162427 -0.00550408   0.0237905 -0.00360861 -0.00616477  0.031325 0.0317066 0.0110884  -0.0581934 -0.00961012    -9.80882 
               102.6 0.0739537   18.1116   92.8659    26.5627   -5.38497 -0.0789768  0.142988 0.0273781 -0.151132 -0.00616985  -0.0196773   0.0473904 -0.0125879  0.0305171 -0.0119748   0.0238167 -0.00358658 -0.00614277 0.0308479 0.0317555   0.01114  -0.0582712 -0.00941911    -9.80882 
               102.7 0.0461637   17.9671   92.9812    26.5621   -5.38037 -0.0802202  0.142891 0.0273464 -0.151352 -0.00616491  -0.0196827   0.0473899 -0.0143466  0.0304728 -0.0117561   0.0238365 -0.00358157 -0.00616024 0.0307617 0.0318049 0.0111173  -0.0582708 -0.00935478    -9.80882 
               102.8 0.0610834   17.9817   92.9879    26.5612    -5.3779 -0.0808463  0.142956 0.0272319  -0.15155 -0.00616723  -0.0196833   0.0473893 -0.0132078  0.0301075 -0.0108412   0.0238132 -0.00359951 -0.00611279 0.0308336 0.0318187 0.0110926  -0.0582516 -0.00936811    -9.80882 
               102.9 0.0981774   17.8871    93.211    26.5534   -5.38082 -0.0761307  0.142958 0.0255282 -0.149412 -0.00617822  -0.0196508   0.0473883 -0.0244717  0.0167411 0.00305954   0.0238034 -0.00359279  -0.0061539 0.0315147 0.0314506  0.010848  -0.0583566 -0.00963716    -9.80882 
                 103 0.0279684   17.9013   93.1983    26.5492   -5.37797 -0.0783564  0.142808 0.0260454 -0.148706 -0.00617203  -0.0196465   0.0473908  -0.0293447   0.0210585 -0.00309005   0.0238328  -0.0035918 -0.00613426 0.0312798 0.0313883  0.010975  -0.0584188 -0.00961991    -9.80882 
               103.1 0.0814586   17.9433   93.4327    26.5484   -5.38115 -0.0751858  0.143334 0.0255949 -0.149844 -0.00619381  -0.0196434   0.0473795 -0.0247331 0.00938348 0.00549224   0.0238126 -0.00358221 -0.00616439 0.0317865 0.0314464 0.0108564  -0.0582835 -0.00976541    -9.80882 
               103.2 0.117668  18.0375  93.4779    26.5489   -5.37896 -0.0749036   0.14337 0.0257572  -0.15076 -0.00619261  -0.0196544   0.0473826 -0.0185433 0.00760658 0.00496887   0.0237911 -0.00359551 -0.00615667 0.0317077 0.0315923 0.0108538  -0.0582228 -0.00968668    -9.80882 
               103.3 0.0990481   18.0453   93.3465    26.5441   -5.37461 -0.0726445  0.142886 0.0249476 -0.149544 -0.00618223  -0.0196468   0.0473898  -0.023559  0.0186159 0.00876463   0.0237833 -0.00360152 -0.00610838 0.0316344  0.031471 0.0106921  -0.0583514 -0.00961186    -9.80882 
               103.4 0.117432  17.9987  93.4906    26.5486    -5.3754 -0.0737554  0.143528 0.0260168 -0.152112 -0.00619683  -0.0196659   0.0473842 -0.010395 0.0159486 0.0043078   0.0237829 -0.00359512 -0.00614296 0.0316822 0.0317895 0.0108597  -0.0581176 -0.00962024    -9.80882 
               103.5 0.0862653   18.0788   93.4304      26.55   -5.36939 -0.0745144  0.143296 0.0262083 -0.152667 -0.00618436  -0.0196769   0.0473911 -0.00664951   0.0257907  0.00156637   0.0237706 -0.00360092 -0.00605081 0.0313908 0.0319406  0.010865  -0.0581096 -0.00945172    -9.80882 
               103.6 0.150725  18.1418  93.7343    26.5555    -5.3663 -0.0734621  0.143551 0.0263337 -0.154732 -0.00619298  -0.0196965   0.0473894 0.00644963  0.0287802 0.00387273    0.023772 -0.00359027 -0.00616506 0.0314603 0.0322374 0.0108101  -0.0579401 -0.00936819    -9.80882 
               103.7 0.0784927   18.2032    93.908    26.5523    -5.3612 -0.0744237  0.143204 0.0263207 -0.153283 -0.00617991  -0.0196885   0.0473967 -0.00205613   0.0356775 0.000696815   0.0238073 -0.00359058 -0.00614767 0.0312429  0.032069 0.0108559  -0.0580797 -0.00934585    -9.80882 
               103.8 0.122372  18.2384  94.0472    26.5566   -5.35959 -0.0734995  0.143568 0.0264769 -0.154895 -0.00619275  -0.0196983   0.0473912 0.00757879  0.0304781 0.00309086   0.0237821 -0.00357299 -0.00614321  0.031419 0.0322666 0.0108379  -0.0579285 -0.00935466    -9.80882 
               103.9 0.0885285    18.225   94.1674    26.5551   -5.35729 -0.0733331  0.143518 0.0264281 -0.154153 -0.00619176  -0.0196899   0.0473922 0.00352333  0.0281253 0.00273836      0.0238 -0.00355179 -0.00614409 0.0314311  0.032153 0.0108571   -0.057983 -0.00940301    -9.80882 
                 104 0.103463  18.1831  94.3103    26.5581   -5.36118 -0.0740272  0.144248 0.0272329 -0.155475 -0.00621801  -0.0196862   0.0473873  0.00820892   0.0168936 0.000933619   0.0237854 -0.00355784 -0.00612029 0.0317232 0.0322411 0.0110208 -0.0578142 -0.0095819   -9.80882 
               104.1 0.10565 18.1277 94.2009     26.563   -5.35384 -0.0716277  0.143944 0.0264715 -0.156603 -0.00619931  -0.0197034   0.0473878  0.0166698  0.0257397 0.00651592   0.0237809 -0.00357821 -0.00612119 0.0316101 0.0324641 0.0107974  -0.0577844 -0.00935491    -9.80883 
               104.2 0.120998  18.0549  94.2492    26.5607   -5.35406 -0.0747176 0.144018   0.0275 -0.15528 -0.00620918   -0.019689   0.0473874   0.0109141   0.0206454 -0.00295935   0.0237517 -0.00361498 -0.00606651 0.0314697 0.0322678 0.0110563  -0.0578526 -0.00948984    -9.80882 
               104.3 0.0903546   17.8873   94.5498   26.5585   -5.3529 -0.073122  0.143886 0.0268465 -0.154214 -0.00620619  -0.0196778   0.0473909 0.00359964   0.016738 0.00109414   0.0237938 -0.00357428 -0.00615237 0.0316289 0.0321099  0.010959 -0.0579253 -0.0095529   -9.80882 
               104.4 0.0805795    17.884   94.8561    26.5564   -5.35091 -0.0760365  0.143793 0.0275355 -0.153312 -0.00620221  -0.0196708   0.0473923 -0.00263416   0.0215596 -0.00586312   0.0237893 -0.00359891 -0.00613138  0.031401 0.0320065 0.0111318  -0.0579927 -0.00957625    -9.80882 
               104.5 0.0703133   17.8522   95.2786    26.5576   -5.35177 -0.0738551  0.144059 0.0270607 -0.153947 -0.0062144 -0.0196659  0.0473894 0.000588597   0.0128919  0.00112294   0.0237982 -0.00358439 -0.00614048 0.0317343  0.032042 0.0110152 -0.0579172 -0.0096489   -9.80882 
               104.6 0.112773  17.8525  95.3641    26.5597   -5.35076 -0.0722442  0.144159 0.0268266 -0.154625 -0.00621922  -0.0196706   0.0473879  0.0057401  0.0109915 0.00470032   0.0237657 -0.00358719 -0.00612009 0.0318555 0.0321259 0.0109332  -0.0578609 -0.00963716    -9.80882 
               104.7 0.0883096   17.8388    95.385    26.5603   -5.35628 -0.0704033  0.144668 0.0268778 -0.154979 -0.00623965  -0.0196632   0.0473789  0.00583378 -0.00446229  0.00813191   0.0237513 -0.00358621 -0.00604729 0.0322743   0.03207 0.0109512  -0.0577719 -0.00983859    -9.80882 
               104.8 0.105097   17.728  95.4929    26.5601   -5.35493 -0.0697346  0.144499 0.0267729 -0.154629 -0.00623365  -0.0196623   0.0473804  0.00564161 0.000292035  0.00741565   0.0237691 -0.00356832 -0.00614206 0.0321754 0.0320453 0.0109343  -0.0578164 -0.00979692    -9.80882 
               104.9 0.0803713   17.7382   95.2432    26.5626   -5.35654 -0.0707035  0.144741 0.0273521 -0.155294 -0.0062385 -0.0196684  0.0473779  0.00952935 -0.00226683   0.0033972   0.0237669 -0.00358243 -0.00610348 0.0321709 0.0321244 0.0110701   -0.057743 -0.00982754    -9.80883 
                 105  0.0801 17.7848  95.324    26.5576   -5.35765 -0.0712776  0.144588 0.0272554 -0.153567 -0.00623823  -0.0196502   0.0473783 -0.00107429 -0.00379585  0.00143104   0.0237798 -0.00358198 -0.00615556 0.0321223 0.0318399 0.0111334  -0.0578907 -0.00991838    -9.80882 
               105.1 0.073775  17.8568  95.1787    26.5482   -5.35915 -0.0721885  0.144353 0.0270024 -0.150953 -0.00623985  -0.0196219   0.0473784  -0.0186332 -0.00535639 -0.00122559   0.0237421 -0.00358196 -0.00603568 0.0320585 0.0313929 0.0112041 -0.0581251 -0.0100542   -9.80882 
               105.2 0.0209725   17.9073   95.4057     26.547   -5.35521 -0.0746917  0.144055 0.0272594 -0.150972 -0.0062262 -0.0196294  0.0473878  -0.0187378  0.00412117 -0.00699751   0.0237984 -0.00358254 -0.00612824 0.0317059  0.031472 0.0112868  -0.0581636 -0.00991025    -9.80882 
               105.3 0.0374557   17.9266   95.1942    26.5484   -5.35615 -0.0755835  0.144254 0.0275422 -0.151906 -0.00623081  -0.0196385   0.0473845   -0.0125505 -0.000341747  -0.00741363   0.0237467  -0.0035736 -0.00600742 0.0317804 0.0316143 0.0113217  -0.0580611 -0.00991194    -9.80882 
               105.4 0.0312998    17.968   95.5646    26.5476   -5.35724 -0.0766965  0.144368  0.027706 -0.152061 -0.0062349 -0.0196366  0.0473822  -0.0118182 0.000585233 -0.00852696   0.0237885 -0.00360237 -0.00614329 0.0318283 0.0316225 0.0113642  -0.0580336 -0.00994622    -9.80882 
               105.5 0.054078    17.99  95.7459    26.5505   -5.35102 -0.0763051  0.144045 0.0273694 -0.152964 -0.00622606  -0.0196621   0.0473876 -0.00322105   0.0173463 -0.00556245   0.0237715 -0.00361547 -0.00613642  0.031631 0.0318597 0.0112051  -0.0580029 -0.00972885    -9.80882 
               105.6 0.0577131   18.0389   95.8433    26.5504   -5.34963 -0.0749163  0.144066 0.0269953 -0.153013 -0.00622767  -0.0196612   0.0473872  -0.0020392   0.0175096 -0.00070599    0.023776 -0.00361165 -0.00616157 0.0317593 0.0318614 0.0110906  -0.0579953 -0.00973773    -9.80882 
               105.7 0.0364241   18.0369   95.5886    26.5406   -5.34521 -0.0753375  0.143531 0.0263926 -0.150334 -0.00621219  -0.0196359   0.0473929  -0.0194965    0.018676 -0.00160984   0.0237514 -0.00360393 -0.00605758 0.0315229 0.0314449 0.0110535  -0.0582806 -0.00975045    -9.80882 
               105.8 0.036812    17.92  95.7082    26.5478   -5.34596 -0.0719902  0.144044 0.0262587 -0.152976 -0.00622712  -0.0196586   0.0473919 -0.00143989   0.0119307  0.00725913   0.0237823 -0.00358572 -0.00616929 0.0319283 0.0318483 0.0108912  -0.0580093 -0.00973135    -9.80882 
             105.901 -0.00187777     17.7933     95.7116   26.5482  -5.34009 -0.074642  0.143734 0.0268348 -0.152994 -0.00621602   -0.019665   0.0473867 -0.000967369    0.0220832  -0.00124888    0.023781 -0.00360566 -0.00611776 0.0314927 0.0319136  0.011026  -0.0580537 -0.00959061    -9.80882 
                 106 -0.00795811     17.7134     96.0164    26.5478   -5.34202 -0.0742648  0.144021 0.0269124 -0.153025 -0.00622833  -0.0196549   0.0473889 -0.00258372   0.0112009 0.000231813   0.0237938 -0.00358863 -0.00615785 0.0317257 0.0318701 0.0110548  -0.0580079 -0.00971055    -9.80882 
               106.1 0.0135354   17.6675    96.196    26.5505   -5.34663 -0.0729458  0.144563 0.0270766 -0.153972 -0.00625139   -0.019648   0.0473873   0.00349319 -0.000270679   0.00339874   0.0237631 -0.00360938  -0.0061073 0.0321265 0.0319517 0.0110672  -0.0578589 -0.00985473    -9.80882 
             106.201 0.0114722   17.5651   96.2802    26.5513   -5.34932 -0.0713773  0.144766 0.0269725 -0.154159 -0.00625976   -0.019644   0.0473871  0.00512395 -0.00803363  0.00641218   0.0237554 -0.00357931 -0.00608905 0.0323329 0.0319512  0.011031  -0.0578139 -0.00992556    -9.80882 
               106.3 -0.0233694    17.5783    96.2448    26.5601   -5.34657 -0.0747825  0.144787 0.0280373  -0.15633 -0.00625652  -0.0196712   0.0473865   0.0201467 -0.00330974 -0.00349052   0.0237802 -0.00359104 -0.00611389 0.0319756 0.0323679 0.0112427  -0.0576502 -0.00973076    -9.80883 
               106.4 -0.00324184     17.5683     96.0684    26.5671   -5.35247 -0.0749062  0.145324 0.0285634 -0.157791 -0.00627484  -0.0196845   0.0473777   0.0307494  -0.0173501 -0.00264682   0.0237459 -0.00360529 -0.00605325 0.0323017 0.0325543 0.0113205  -0.0574506 -0.00983703    -9.80883 
               106.5 -0.00186996     17.4912     96.2047    26.5709   -5.35089 -0.0756563  0.145111 0.0285103 -0.157892 -0.00626558    -0.01969   0.0473811  0.0330416 -0.0105688 -0.0038872   0.0237564  -0.0036096 -0.00610501 0.0321092 0.0326178 0.0113018  -0.0574763 -0.00973169    -9.80883 
               106.6 -0.0660783    17.3517    96.1116    26.5621   -5.35342 -0.0754846  0.144888 0.0278348 -0.154973 -0.00626254  -0.0196548   0.0473865  0.00897503  -0.0118944 -0.00283561   0.0237633 -0.00358161 -0.00602745 0.0321168 0.0320371 0.0112674  -0.0577672 -0.00989705    -9.80882 
               106.7 -0.0618033    17.3453    96.3441     26.557   -5.35563 -0.0753811  0.144835 0.0275001 -0.153644 -0.00625777  -0.0196367   0.0473891 -0.00341052  -0.0155284 -0.00204562   0.0237842 -0.00358211 -0.00611852 0.0321425 0.0317474 0.0112471  -0.0579067 -0.00998812    -9.80882 
               106.8 -0.0636095    17.4645    96.4649     26.551   -5.35669 -0.0745727  0.144736 0.0270439 -0.152501 -0.00625009  -0.0196223   0.0473933   -0.0148037   -0.0124145 -2.24129e-05   0.0237741 -0.00359071 -0.00608853 0.0321285 0.0314903 0.0111669 -0.0580525 -0.0100359   -9.80882 
               106.9 -0.0268525    17.5614    96.4825     26.554   -5.35873 -0.0756605  0.144833 0.0274622 -0.153355 -0.00625642  -0.0196332   0.0473894 -0.00668115  -0.0149943 -0.00251487   0.0237627 -0.00361622 -0.00612723 0.0321644 0.0316907 0.0112599 -0.0579272 -0.0100163   -9.80882 
                 107 -0.0387708    17.5977    96.6628    26.5494   -5.36263 -0.0754837  0.145003 0.0273347 -0.152732 -0.00625703  -0.0196172   0.0473856 -0.0153594 -0.0125648 -0.0018907   0.0237607 -0.00359195  -0.0061008 0.0322871 0.0314772 0.0112662  -0.057995 -0.0101342   -9.80882 
               107.1 -0.0203856     17.626    96.9613     26.554   -5.36331 -0.0739757  0.144991 0.0274684 -0.153665 -0.00626835  -0.0196335   0.0473827 -0.00319424 -0.00923301   0.0028636    0.023762 -0.00359645 -0.00613914 0.0323714 0.0317662  0.011154  -0.057851 -0.0100582   -9.80882 
               107.2 -0.0387435    17.7373     97.216    26.5523   -5.36205 -0.0747842  0.144859 0.0274128 -0.153437 -0.00626079   -0.019635   0.0473876  -0.00514878  0.000933941 -3.34053e-05   0.0237687 -0.00361666 -0.00613045 0.0322283 0.0317187 0.0111998 -0.0579064 -0.0100211   -9.80882 
               107.3 -0.0277741    17.7777    97.2048    26.5549   -5.36034 -0.0732419  0.144768 0.0273693 -0.153854 -0.00626172  -0.0196456   0.0473881 0.00109705 0.00740183  0.0035535   0.0237629 -0.00359531  -0.0061407  0.032242 0.0318835 0.0110803 -0.0578445   -0.00995   -9.80882 
               107.4 -0.0706061    17.8269    96.8783  26.5534 -5.35362 -0.07552  0.144363 0.0272563 -0.153526 -0.00624525  -0.0196384   0.0473957  -0.0038536     0.02426 -0.00298555    0.023762 -0.00361333 -0.00607458 0.0318339 0.0318666 0.0111699   -0.057953 -0.00980243    -9.80882 
               107.5 -0.0550771    17.7628    96.8762    26.5525   -5.35246 -0.0741805  0.144482 0.0271263  -0.15347 -0.00624852  -0.0196369    0.047396 -0.00542804   0.0253825 0.000859843   0.0237632 -0.00358548 -0.00611208 0.0319703 0.0318304 0.0110796  -0.0579485 -0.00984915    -9.80882 
               107.6 -0.0394435    17.8199    96.9364     26.549   -5.35247 -0.0731536   0.14469 0.0270059 -0.153076 -0.00625515  -0.0196269   0.0473949 -0.0108451  0.0249869 0.00311034   0.0237534 -0.00360736  -0.0061092 0.0321339 0.0316659 0.0110526  -0.0579855 -0.00996011    -9.80882 
               107.7 -0.0743287     17.852    96.9702    26.5512   -5.35129 -0.0736813  0.144778 0.0273568 -0.153601 -0.00626224  -0.0196342   0.0473923 -0.00574004   0.0259559 0.000930032   0.0237724 -0.00358445 -0.00611196 0.0322048 0.0318053 0.0111386  -0.0578836 -0.00996964    -9.80882 
               107.8 -0.0322817    17.9713    96.9304    26.5514   -5.34486 -0.0722976  0.144562  0.027056 -0.153657 -0.00625347  -0.0196391   0.0473971 -0.0044533  0.0373018 0.00381514   0.0237491 -0.00359464 -0.00611167 0.0320789 0.0318768 0.0109986  -0.0579125 -0.00986095    -9.80882 
               107.9 -0.00721314      18.076     96.9119   26.5589  -5.34938 -0.072311  0.145104 0.0279025 -0.155014 -0.00628068  -0.0196513   0.0473822  0.0122825  0.0148625 0.00343675   0.0237387 -0.00360374 -0.00611924 0.0325383 0.0321596 0.0111631 -0.0576224 -0.0100075   -9.80883 
                 108 -0.0117786    18.0655    96.9279      26.55     -5.347 -0.0749476   0.14491 0.0278202 -0.153181 -0.0062691 -0.0196262  0.0473858 -0.00637708    0.021086 -0.00437455   0.0237399 -0.00361814 -0.00611045 0.0322738 0.0316897 0.0113256 -0.0578747 -0.0100876   -9.80882 
             108.101 -0.0146326     17.935    97.0137    26.5571   -5.34719 -0.0754829   0.14519 0.0283497 -0.154786 -0.00628603  -0.0196421   0.0473843  0.00773253   0.0175807 -0.00407071   0.0237365 -0.00361587  -0.0060913 0.0324483 0.0320296 0.0113849 -0.0576584 -0.0100742   -9.80883 
               108.2 -0.0422955    17.8707    97.3127    26.5587   -5.34325 -0.0795668  0.145008 0.0289945 -0.154963 -0.0062839 -0.0196501  0.0473805   0.010132  0.0156578 -0.0131466    0.023771 -0.00363156 -0.00614156 0.0321309 0.0320791 0.0115773 -0.0576681 -0.0100008   -9.80883 
               108.3 -0.0182395    17.7261    97.3153     26.559   -5.34372 -0.0802091   0.14514 0.0289389 -0.154823 -0.00628948  -0.0196437   0.0473835 0.00892257  0.0142913 -0.0113596   0.0237437 -0.00361457 -0.00609182 0.0322803 0.0320329 0.0115713 -0.0576537 -0.0100689   -9.80883 
               108.4 -0.0759148    17.6332    97.5401     26.559   -5.34383 -0.0803905   0.14522 0.0287753  -0.15465 -0.00629194  -0.0196385   0.0473856  0.00412899   0.0112229 -0.00881131   0.0237943 -0.00362356 -0.00614816 0.0324054 0.0319883 0.0115342 -0.0576522 -0.0101165   -9.80883 
               108.5 -0.0527983       17.6    97.4509     26.552   -5.34475 -0.0803722  0.145089 0.0282845 -0.152734  -0.006288 -0.0196167  0.0473887   -0.011144  0.00388287 -0.00659204   0.0237565 -0.00359744 -0.00607403 0.0324838 0.0316209 0.0114887 -0.0578117 -0.0102374   -9.80882 
               108.6 -0.0500235    17.7078    97.5318    26.5492   -5.34669 -0.0785227  0.145177 0.0278165 -0.152263 -0.00629385  -0.0196088    0.047385    -0.013948  -0.00326718 -0.000617766   0.0237628 -0.00361704 -0.00610549 0.0327191 0.0315131 0.0113572 -0.0578301 -0.0103163   -9.80882 
               108.7 -0.00445566     17.7575     97.5884    26.5476   -5.35001 -0.0759891   0.14536 0.0274755 -0.152226 -0.00630359  -0.0196039   0.0473779  -0.012778 -0.0105622   0.005682   0.0237456 -0.00362239 -0.00613568 0.0330057 0.0314758  0.011236 -0.0577993 -0.0103983   -9.80882 
               108.8 -0.0512651    17.7251    97.4737    26.5506   -5.35047 -0.0764993  0.145453 0.0278702 -0.153319 -0.00630402  -0.0196157   0.0473769 -0.00482505 -0.00999154  0.00298654   0.0237545 -0.00360618  -0.0060853 0.0329523 0.0316873  0.011305 -0.0577022 -0.0103383   -9.80882 
               108.9 0.00404794    17.7101    97.5373    26.5511   -5.34912 -0.0744866  0.145345 0.0275015 -0.153515 -0.00629955  -0.0196197   0.0473799 -0.00233675 -0.00517795   0.0073333   0.0237374 -0.00360611 -0.00613044 0.0329322 0.0317547 0.0111651 -0.0577084 -0.0102682   -9.80882 
                 109 -0.0134983    17.7027    97.4599    26.5501   -5.34996 -0.0729892  0.145343 0.0273436 -0.153338 -0.00629997  -0.0196176   0.0473799 -0.00380281 -0.00610931  0.00957993   0.0237363 -0.00361425 -0.00610127 0.0329793 0.0317177 0.0111195 -0.0577227 -0.0102828   -9.80882 
               109.1 -0.0202012    17.6036    97.5396    26.5546   -5.35071 -0.0736938  0.145468 0.0278873 -0.154509 -0.0063054 -0.0196302  0.0473774  0.00586875 -0.00805387  0.00558461   0.0237531 -0.00358636 -0.00614453  0.032935 0.0319482 0.0112368 -0.0576054 -0.0102346   -9.80883 
               109.2 -0.0253726    17.5719    97.3421    26.5558   -5.34594 -0.0746255  0.145131 0.0278969 -0.154567 -0.00629048  -0.0196341   0.0473797 0.00702649 0.00342271 0.00163641   0.0237209 -0.00360988 -0.00603683 0.0325807 0.0320275 0.0112524 -0.0576593  -0.010082   -9.80883 
               109.3 -0.00942479     17.4876     97.4681    26.5564   -5.34503 -0.0733076  0.145098 0.0276765 -0.154535 -0.00628817  -0.0196346   0.0473802 0.00714198  0.0032938 0.00462446   0.0237299 -0.00361092 -0.00610046 0.0326055 0.0320302 0.0111681 -0.0576693 -0.0100669   -9.80883 
               109.4 -0.0457007    17.3709    97.1215    26.5569   -5.34994 -0.0747963  0.145391 0.0282187 -0.154574 -0.00630473  -0.0196328   0.0473799  0.00538308 -0.00726045 2.25757e-05   0.0236916 -0.00359982 -0.00591855 0.0327646 0.0319696 0.0113713 -0.0576127 -0.0102004   -9.80883 
               109.5 -0.0361165    17.2228    97.4743    26.5582   -5.35376 -0.0746895  0.145587 0.0283899 -0.154749 -0.00631449  -0.0196276   0.0473809  0.00637355  -0.0135871 0.000671475   0.0237403 -0.00356097 -0.00609606 0.0329252 0.0319718 0.0114108 -0.0575613 -0.0102725   -9.80883 
               109.6 -0.0362758    17.3812    97.4782    26.5628   -5.35767 -0.0767729  0.145775 0.0289762   -0.1555 -0.00632461  -0.0196318   0.0473743   0.0134044  -0.0116087 -0.00423964   0.0237128 -0.00362221 -0.00600396 0.0330025 0.0321283 0.0116028 -0.0574373 -0.0103042   -9.80883 
               109.7 -0.0465462    17.4762    97.9014     26.559   -5.36329 -0.0774074  0.146042 0.0289376 -0.154806 -0.00631961   -0.019606   0.0473706  0.00458196  -0.0238524 -0.00435876    0.023742 -0.00361353   -0.006086 0.0331647 0.0318469 0.0116678 -0.0575069 -0.0104629   -9.80883 
               109.8 -0.0743203    17.7545     98.087    26.5568   -5.36575 -0.0791523  0.146106 0.0289414 -0.154518 -0.00631182  -0.0195978   0.0473721 -0.00160464  -0.0139672 -0.00814804   0.0237713 -0.00365642 -0.00613292 0.0331409  0.031723 0.0117658 -0.0575542 -0.0105074   -9.80883 
               109.9 -0.0511124    17.8372    97.9918    26.5613   -5.36595 -0.0795272  0.145989 0.0291099 -0.155049 -0.00631693  -0.0196111   0.0473717  0.00556902 -0.00828176 -0.00708418   0.0237439 -0.00361476 -0.00608973 0.0331369 0.0319608 0.0117308 -0.0574562 -0.0104325   -9.80883 
                 110 -0.0885588    17.9443    98.0654     26.569   -5.36439 -0.0786477   0.14578 0.0292561 -0.155803 -0.00632215   -0.019632   0.0473709    0.0181782 -0.000318949  -0.00310794   0.0237702 -0.00362378 -0.00610813 0.0331396  0.032325 0.0116015 -0.0573162 -0.0103063   -9.80883 
               110.1 -0.0680694    17.8601    97.9813    26.5669   -5.36438 -0.0777722   0.14583 0.0289548 -0.155312 -0.00631921  -0.0196217   0.0473722    0.0109327   0.00503912 -0.000744475   0.0237435  -0.0035917 -0.00606907 0.0331529 0.0321336 0.0115146 -0.0574089 -0.0103478   -9.80883 
               110.2 -0.0479095    17.8313    98.0341    26.5732   -5.36058 -0.0739503  0.145689 0.0286765 -0.155936 -0.00631145   -0.019636   0.0473742  0.0216165  0.0177834 0.00865035   0.0237417 -0.00359901 -0.00610272 0.0332054  0.032418 0.0112224 -0.0573246 -0.0102253   -9.80883 
               110.3 -0.037822   17.8676   97.9028    26.5716   -5.35682 -0.0741973  0.145568 0.0285334 -0.155406 -0.00630563  -0.0196268   0.0473736  0.0136868   0.025708 0.00591441   0.0237119 -0.00360014 -0.00603221 0.0330288 0.0322543 0.0112616 -0.0574329 -0.0102132   -9.80883 
               110.4 -0.0574678    17.9665    98.0139    26.5707   -5.35472 -0.0755363  0.145571   0.02867 -0.155098 -0.00630509  -0.0196207   0.0473739 0.00955257  0.0245818 0.00104682   0.0237421 -0.00361678  -0.0060879 0.0329535 0.0321366 0.0113935 -0.0574783 -0.0102476   -9.80883 
               110.5 -0.0382447    18.0373    98.0139  26.5695 -5.34861 -0.07522  0.145365 0.0283834 -0.154742 -0.00629433  -0.0196189   0.0473778 0.0050494 0.0320297 0.0017796   0.0237277 -0.00362469 -0.00607193 0.0327622 0.0320687 0.0113237 -0.0575692 -0.0101794   -9.80883 
               110.6 -0.0323321    17.9425    98.1419     26.576   -5.35123 -0.0766633  0.145742 0.0291957 -0.155784 -0.00631999  -0.0196235   0.0473766   0.0163639   0.0257046 -0.00117285   0.0237363 -0.00362126 -0.00610595 0.0330489 0.0322872 0.0115381 -0.0573616 -0.0102772   -9.80883 
               110.7 -0.0216238    17.8778    98.0058    26.5752   -5.34759 -0.0768902  0.145617 0.0290226 -0.155315 -0.0063138 -0.0196187   0.047376   0.0111379    0.023892 -0.00189395   0.0237174 -0.00361755 -0.00606312  0.032944 0.0321856 0.0115146  -0.057435 -0.0102616   -9.80883 
               110.8 -0.0282489    17.7233    98.0891    26.5762   -5.34433 -0.0774732  0.145566 0.0290388 -0.155274 -0.00631171  -0.0196192    0.047375   0.0112874    0.028009 -0.00369736   0.0237287 -0.00360942 -0.00608928 0.0328855 0.0321827 0.0115243 -0.0574483 -0.0102444   -9.80883 
             110.901 -0.0796528     17.585    97.9999    26.5698   -5.34266 -0.0762087  0.145459 0.0284389 -0.153636 -0.00630691  -0.0196007     0.04738 -0.00424371   0.0235981  0.00097708   0.0237395 -0.00356589 -0.00602746 0.0329529 0.0318257  0.011422 -0.0576033 -0.0103376   -9.80883 
                 111 -0.00214186     17.7763     98.0787    26.5653   -5.34277 -0.0748177  0.145508  0.028137 -0.152754 -0.00630921  -0.0195873   0.0473772 -0.0115562  0.0170169 0.00368951   0.0237091 -0.00361709 -0.00607193 0.0331083 0.0316122 0.0113687 -0.0576649 -0.0104363   -9.80882 
               111.1 -0.0147613     17.879    97.9949     26.564   -5.33879 -0.0732166   0.14539 0.0278219 -0.152693 -0.00630601   -0.019589   0.0473815 -0.0119991  0.0211019 0.00667645   0.0236988 -0.00361689 -0.00601235 0.0330578 0.0316267 0.0112574 -0.0576944 -0.0103842   -9.80882 
               111.2 0.00200052    17.9163    98.1492    26.5618   -5.33945 -0.0732404  0.145505 0.0280129 -0.152459 -0.00630929  -0.0195818    0.047377 -0.0135888  0.0152313 0.00533351   0.0237107 -0.00360449 -0.00608403 0.0331472 0.0315462 0.0113407 -0.0576883 -0.0104604   -9.80882 
               111.3 -0.0166856     17.936    98.1323    26.5613   -5.33456 -0.0749972  0.145337 0.0283051 -0.152644 -0.00630175  -0.0195884   0.0473821   -0.0106391    0.0224385 -0.000532297   0.0237152 -0.00359937 -0.00607255 0.0328727 0.0316155 0.0114341 -0.0577068 -0.0103729   -9.80882 
               111.4 -0.0150677    17.9266    98.1198    26.5643    -5.3381 -0.0742034  0.145779  0.028596 -0.153643 -0.00631928  -0.0195903   0.0473735 -0.00254081  0.00926008  0.00164752   0.0237064 -0.00358708 -0.00605321 0.0332383 0.0317535 0.0114776 -0.0575534 -0.0104732   -9.80883 
               111.5 0.00568727    17.9043    98.1941    26.5622   -5.33645 -0.0719735   0.14569 0.0280741 -0.153186 -0.00631485  -0.0195871   0.0473752 -0.00603954   0.0104118  0.00652473   0.0236972 -0.00357779 -0.00605871 0.0332961 0.0316771 0.0113323 -0.0576027 -0.0104711   -9.80883 
             111.601 0.0202275   17.9171   98.3257     26.557   -5.33637 -0.0720112  0.145571 0.0280337 -0.152028 -0.00631044   -0.019575   0.0473767 -0.0146578 0.00936974 0.00439569   0.0236983 -0.00359916 -0.00609171  0.033264 0.0314497 0.0113795 -0.0576925  -0.010535   -9.80882 
               111.7 -0.0300504    17.8947    98.2043    26.5575   -5.33487 -0.0740103  0.145599 0.0285834 -0.152528 -0.00631116  -0.0195794   0.0473753 -0.0121979   0.010168 -0.0025594   0.0237023 -0.00359208 -0.00601891 0.0331152 0.0315457 0.0115242 -0.0576566 -0.0105027   -9.80882 
               111.8 -0.0221238     17.947    98.2811     26.555   -5.33988 -0.0772451  0.145849 0.0293478 -0.152201 -0.00632309  -0.0195682   0.0473709  -0.0148029 -0.00230715  -0.0101335   0.0237139  -0.0036193 -0.00607103 0.0332395 0.0314203 0.0117928 -0.0576196 -0.0106558   -9.80882 
               111.9 -0.0357269    17.9077    98.2158    26.5513   -5.34089 -0.0756499  0.145807 0.0287563 -0.151613 -0.00632278  -0.0195624    0.047372  -0.0188355  -0.0047583 -0.00437732    0.023706 -0.00360062 -0.00603555  0.033401 0.0313067 0.0116371 -0.0576609 -0.0106936   -9.80882 
                 112 -0.0223155    17.9108    98.3679    26.5508   -5.34308 -0.0773835  0.145946 0.0291492 -0.151958 -0.00632856  -0.0195628   0.0473702  -0.0170355 -0.00750957 -0.00709903   0.0237195 -0.00361651 -0.00610301  0.033426 0.0313519 0.0117498 -0.0576132 -0.0107225   -9.80882 
               112.1 -0.0305049    17.8908    98.2631      26.55   -5.34451 -0.0760734  0.146027 0.0288179 -0.152166 -0.00633092  -0.0195639   0.0473697  -0.0141047   -0.008063 -0.00222002   0.0237058 -0.00362354 -0.00604742 0.0335825 0.0313855 0.0116365 -0.0575881 -0.0107325   -9.80883 
               112.2 -0.0266535    17.8487    98.3597    26.5447   -5.34483 -0.0773184  0.145839  0.028806 -0.151192 -0.00632553  -0.0195559   0.0473712  -0.0213544 -0.00712321 -0.00442296    0.023719 -0.00361456 -0.00609902 0.0334651 0.0312052 0.0116813 -0.0576767 -0.0107533   -9.80882 
               112.3 -0.0680815    17.8547    98.2768    26.5438   -5.34203 -0.0783511  0.145715 0.0288377 -0.151526 -0.00631844  -0.0195622   0.0473723   -0.020095  0.00185133 -0.00646088   0.0237263 -0.00363735 -0.00604934 0.0332785 0.0313031 0.0116674 -0.0576841  -0.010663   -9.80882 
               112.4 -0.0130201    17.7703    98.3789    26.5496   -5.34123 -0.0756467  0.145992 0.0285781 -0.153357 -0.00632463  -0.0195793   0.0473718 -0.00423205  0.00296367  0.00277804   0.0237099 -0.00361112 -0.00609511  0.033489 0.0316798 0.0114694 -0.0575291 -0.0105825   -9.80883 
               112.5 -0.0144513    17.7378    98.3202    26.5598   -5.34204 -0.0742996  0.146405 0.0289206 -0.155785 -0.00633665  -0.0196019   0.0473695     0.01683 0.000830875   0.0049183   0.0236987 -0.00362233 -0.00606247 0.0336942 0.0321664 0.0114416 -0.0572971 -0.0105178   -9.80883 
               112.6 -0.036436   17.6223   98.3801    26.5644   -5.34177 -0.0747748  0.146467 0.0292021 -0.156441 -0.00633956  -0.0196088   0.0473682   0.0219415 0.000258791  0.00328469   0.0237206 -0.00358859  -0.0060968 0.0336577 0.0323058 0.0115057 -0.0572386 -0.0104856   -9.80883 
               112.7 -0.00158708     17.6344     98.2613    26.5634   -5.34727 -0.0724334  0.146681 0.0289885 -0.155754 -0.00635055  -0.0195968   0.0473648  0.0161988 -0.0101266  0.0089623   0.0236813 -0.00361629 -0.00604526 0.0339977 0.0320955 0.0114552 -0.0572493 -0.0106418   -9.80883 
               112.8 -0.0419344    17.5836     98.232     26.561   -5.34868 -0.0744703  0.146611 0.0292523 -0.154994 -0.00634858  -0.0195872   0.0473661  0.00777204 -0.00998084  0.00191738   0.0237046 -0.00360399  -0.0060549 0.0338464 0.0319081 0.0116447 -0.0573247 -0.0106839   -9.80883 
               112.9 -0.0344971     17.622    98.0828    26.5592   -5.35319 -0.0768043   0.14675 0.0296151 -0.154554 -0.0063538 -0.0195793  0.0473628   0.0017664  -0.0160677 -0.00459921   0.0236875 -0.00362879 -0.00602361 0.0338858 0.0317491 0.0118526 -0.0573417 -0.0107856   -9.80883 
                 113 -0.0575405    17.4972    98.1218    26.5656   -5.35411 -0.0762417  0.146777  0.029741 -0.155622 -0.00635682  -0.0195942   0.0473605   0.0145516  -0.0156796 -0.00153225    0.023713 -0.00358482  -0.0060651 0.0339422 0.0320513 0.0117884 -0.0572212 -0.0107129   -9.80883 
               113.1 -0.0104238    17.4954    98.0967    26.5652   -5.35046 -0.0733547   0.14652 0.0291003 -0.155245 -0.00634469  -0.0195947   0.0473652   0.0119036 -0.00128108   0.0071134   0.0236743  -0.0036206 -0.00602571 0.0338078  0.032012 0.0115149 -0.0573124   -0.01062   -9.80883 
               113.2 -0.0460606    17.4201    98.3038    26.5572   -5.35074 -0.0735031  0.146508 0.0287748 -0.153941 -0.00633058  -0.0195757   0.0473708 -0.00708905 0.000174246  0.00440239    0.023715 -0.00359903 -0.00610159 0.0337059 0.0315894  0.011553 -0.0574959 -0.0107004   -9.80883 
               113.3 0.00984898    17.4358    98.4105    26.5603   -5.34654 -0.0692967  0.146299 0.0284411 -0.154353 -0.00633008  -0.0195907   0.0473734 0.00172708 0.00654293  0.0139907   0.0236838 -0.00358602  -0.0060944  0.033674 0.0318078 0.0112468 -0.0574624 -0.0105774   -9.80883 
               113.4 -0.0210764    17.4664    98.6728    26.5619   -5.34857 -0.0713229   0.14641 0.0288894 -0.154563 -0.00633595  -0.0195862   0.0473693 0.00393043 0.00155424 0.00655295   0.0237082 -0.00358302 -0.00611328 0.0336927 0.0318425 0.0115256 -0.0574066 -0.0106239   -9.80883 
               113.5 0.029328  17.4604  98.7298    26.555  -5.35008 -0.070851  0.146582  0.028642 -0.153804 -0.00632655  -0.0195679   0.0473702 -0.00886291  0.00144608  0.00528505    0.023676 -0.00359894 -0.00610731 0.0337125 0.0314868 0.0115457 -0.0575365  -0.010725   -9.80883 
               113.6 -0.0229278    17.4528    98.6669    26.5569   -5.35272 -0.0708925  0.146699 0.0289358 -0.154142  -0.006335 -0.0195706  0.0473653 -0.00383166 -0.00455195  0.00354893   0.0236883 -0.00359829 -0.00605908  0.033857 0.0315904 0.0116286 -0.0574502 -0.0107633   -9.80883 
               113.7 0.00796922    17.4927    98.9642    26.5522   -5.35122 -0.0721269   0.14663 0.0287543  -0.15372 -0.00632372  -0.0195661   0.0473708   -0.0115026  9.01134e-05 -0.000981655    0.023692 -0.00359482 -0.00612569 0.0336667 0.0314103 0.0116995 -0.0575569 -0.0107536   -9.80883 
               113.8 -0.0565321    17.4711    99.0508    26.5444   -5.35187 -0.0753489  0.146717 0.0287082 -0.153128 -0.00631667  -0.0195505   0.0473756   -0.0268765 -0.000351321  -0.00850597   0.0237109 -0.00360005 -0.00607237  0.033526 0.0310944 0.0119142 -0.0576827 -0.0108201   -9.80882 
               113.9 -0.0195731    17.3955    99.2076     26.534   -5.34887 -0.0740819  0.146654 0.0281051 -0.152376 -0.00629917  -0.0195397   0.0473808  -0.0407806  0.00885331 -0.00276202   0.0237097 -0.00359535 -0.00615516 0.0333831 0.0307697 0.0117117 -0.0578652 -0.0108201   -9.80882 
                 114 -0.0419965    17.3783    99.0026    26.5507   -5.34827 -0.0728442  0.146485 0.0288939 -0.154288 -0.00630653  -0.0195853    0.047375 -0.000106378    0.0119642   0.00135746    0.023703 -0.00360276 -0.00609577 0.0336572 0.0317347 0.0116601 -0.0574492 -0.0106601   -9.80883 
             114.101 -0.0111557    17.4061    98.8153    26.5422   -5.34837 -0.0692665  0.146675 0.0283871 -0.153594 -0.00631104  -0.0195663   0.0473736 -0.0172929 0.00768868  0.0103221   0.0236816 -0.00357654 -0.00609973 0.0337423 0.0313281 0.0114232 -0.0576057 -0.0107566   -9.80882 
               114.2 -0.00830755     17.5103     98.6217    26.5481   -5.35019 -0.0710142  0.146681 0.0289607 -0.154249 -0.00631182  -0.0195858   0.0473696 -0.0016955 0.00463701 0.00333127   0.0236756 -0.00361149 -0.00609091 0.0338629 0.0316424 0.0116694  -0.057431 -0.0107532   -9.80883 
               114.3 0.0069358   17.5702   98.4893    26.5524   -5.35308 -0.0707643  0.146787 0.0293036 -0.154668 -0.00631784  -0.0195977   0.0473639   0.00707576 -0.000180421   0.00292431   0.0236585 -0.00361676 -0.00607332  0.034076 0.0318184 0.0117362 -0.0573058 -0.0107904   -9.80883 
               114.4 -0.0300328    17.6166    98.4318     26.562   -5.35155 -0.0743119  0.146542 0.0298337 -0.155359 -0.00631388  -0.0196175   0.0473632   0.0240937  0.00496426 -0.00630581   0.0236864 -0.00361923 -0.00609938 0.0339638 0.0322534  0.012006 -0.057143 -0.010682  -9.80883 
               114.5 -0.0248162    17.5823    98.2829    26.5657   -5.35324 -0.0717402  0.146661 0.0297698 -0.155503 -0.00631871  -0.0196193    0.047362  0.0269265 0.00190111 0.00124657   0.0236701  -0.0035933 -0.00606305 0.0341913  0.032292 0.0118189 -0.0570969 -0.0107197   -9.80883 
               114.6 -0.0128787    17.6036    98.3794    26.5691   -5.35371 -0.0717078  0.146692 0.0298347 -0.155576 -0.00632098  -0.0196196   0.0473613  0.0284016  0.0031993 0.00130609   0.0236752 -0.00360147 -0.00610382 0.0342308 0.0323163 0.0118381 -0.0570763 -0.0107299   -9.80883 
               114.7 -0.053545   17.6011   98.3506    26.5702   -5.35538 -0.0716615  0.146813 0.0298449 -0.155449 -0.00632317  -0.0196128   0.0473616  0.0245244 0.00102699 0.00128723   0.0236879 -0.00359294 -0.00607554 0.0343112 0.0322133  0.011869 -0.0570906 -0.0107868   -9.80883 
               114.8 -0.0772583     17.661    98.2722    26.5759   -5.35633 -0.0761527  0.146818 0.0303981 -0.155801 -0.00632832  -0.0196172   0.0473585  0.0294493 0.00152601 -0.0100782   0.0236893 -0.00360788 -0.00604581 0.0342279  0.032358 0.0122114  -0.057014 -0.0107812   -9.80883 
               114.9 -0.0872589      17.74    98.2145    26.5746   -5.35136 -0.0779729  0.146597 0.0301076 -0.155305 -0.00631444  -0.0196154   0.0473664  0.0196808  0.0134743 -0.0124596   0.0236882 -0.00362164 -0.00603252  0.033926 0.0322069 0.0121866  -0.057141 -0.0107151   -9.80883 
                 115 -0.068442   17.7942   98.2465   26.5639   -5.3494 -0.078158   0.14662 0.0294598 -0.153913 -0.00629669   -0.019591    0.047373 -0.0063486  0.0165878 -0.0102804   0.0236834  -0.0036192 -0.00605349 0.0338231 0.0316054 0.0120761 -0.0573938 -0.0108066   -9.80883 
               115.1 -0.0608666    17.7938    98.3048    26.5688    -5.3523 -0.0771247  0.146864 0.0296574 -0.154602  -0.006314 -0.0195927  0.0473682  0.00473793  0.00552928 -0.00517191   0.0236825 -0.00359718 -0.00605895 0.0341805  0.031825 0.0120158 -0.0572442 -0.0108586   -9.80883 
               115.2 -0.0388144    17.8256    98.4806    26.5686   -5.35084 -0.0766822  0.146839 0.0295014 -0.154512 -0.00631155  -0.0195926    0.047369 0.00331513   0.011424 -0.0029681   0.0236798 -0.00360725 -0.00608303 0.0341831 0.0318019 0.0119407 -0.0572627 -0.0108508   -9.80883 
               115.3 -0.0508312    17.8645    98.6139    26.5671   -5.35565 -0.0743471  0.147144 0.0293195 -0.154294 -0.00631968   -0.019575   0.0473665 -0.000280023  -0.00072702   0.00372995    0.023683 -0.00361188 -0.00606493 0.0345849 0.0316613 0.0118487 -0.0572396 -0.0109914   -9.80883 
               115.4 -0.0149659    17.9118    98.6736    26.5701   -5.35621 -0.0723832  0.147208 0.0292563 -0.154743 -0.00632551  -0.0195796   0.0473653  0.00597175 -0.00224537  0.00826334   0.0236684 -0.00361104 -0.00607843  0.034701 0.0318015 0.0117562 -0.0571793 -0.0109764   -9.80883 
               115.5 -0.0394714    17.8573    98.6743    26.5649   -5.35194 -0.0719286  0.146909 0.0289194 -0.153772 -0.00630941  -0.0195738   0.0473673 -0.00596037  0.00818593  0.00700769   0.0236524 -0.00359562 -0.00598179 0.0344151 0.0315711 0.0117023 -0.0573291 -0.0109316   -9.80883 
               115.6 0.0308374   17.9997    99.049    26.5625   -5.35306 -0.0735911  0.146958 0.0292604 -0.153453 -0.00630823  -0.0195664   0.0473663 -0.00915384   0.0051874  0.00122872   0.0236565 -0.00365436 -0.00611093 0.0343909 0.0314582 0.0118824 -0.0573448 -0.0109891   -9.80883 
               115.7 -0.0130418    17.9341    98.8348   26.5647  -5.35078 -0.073888  0.146944 0.0293906 -0.154052 -0.00630692  -0.0195739   0.0473656 -0.00452183   0.0112241 -0.00010262  0.0236574 -0.0036149 -0.0060383 0.0343107 0.0316279  0.011891 -0.0573012 -0.0109276   -9.80883 
               115.8 -0.0363425    17.8617    98.5636     26.567   -5.34871 -0.0751577  0.146954 0.0296583 -0.154579 -0.0063043 -0.0195784  0.0473644 0.000215272  0.00911975 -0.00341483   0.0236696 -0.00360295  -0.0060438 0.0342108 0.0317638 0.0119602 -0.0572635 -0.0108825   -9.80883 
             115.901 -0.0223058    17.8742    98.4388    26.5559   -5.34526 -0.0754549  0.146516 0.0291246 -0.152201 -0.00630058  -0.0195527   0.0473651  -0.0207089   0.0111465 -0.00371855   0.0236527 -0.00361254 -0.00602115 0.0339821 0.0312618 0.0118926  -0.057495 -0.0109174   -9.80883 
                 116 0.00694745    17.8293    98.5215    26.5563   -5.34271 -0.0715039  0.146549 0.0284061 -0.152737 -0.00629724  -0.0195576   0.0473659 -0.0140864  0.0133091 0.00661855   0.0236548 -0.00360574 -0.00607846 0.0341644 0.0313933 0.0116071 -0.0574628 -0.0108721   -9.80883 
               116.1 0.00649734    17.7374    98.3053    26.5579   -5.34209 -0.0708528  0.146677 0.0285487  -0.15342 -0.00629873  -0.0195639   0.0473662 -0.00765811  0.00930813  0.00681542   0.0236225 -0.00359068 -0.00598101  0.034216 0.0315285 0.0116248 -0.0574031   -0.01086   -9.80883 
               116.2 -0.00993713      17.715     98.5274    26.5555   -5.34949 -0.0700877  0.146985 0.0287521 -0.153037 -0.00631421  -0.0195477   0.0473662 -0.0110521 -0.0112934 0.00754901   0.0236632 -0.00359348 -0.00608065 0.0346148  0.031366 0.0117356 -0.0573579  -0.011038   -9.80883 
             116.301 0.0183354   17.7528   98.4799    26.5585   -5.34647 -0.0725793  0.146939 0.0293656 -0.153992 -0.00630876   -0.019562    0.047369  -0.00297541  -0.00319565 -0.000374932   0.0236342 -0.00362554 -0.00603586 0.0342643 0.0316016 0.0118884 -0.0573218 -0.0109209   -9.80883 
               116.4 0.000304067     17.6629     98.5392    26.5558   -5.34513 -0.0720973   0.14677 0.0291087 -0.153431 -0.00630225  -0.0195603   0.0473709  -0.0075054 -0.00104158  0.00082062   0.0236559 -0.00360289 -0.00607499 0.0341794 0.0315055 0.0118229 -0.0573829 -0.0109027   -9.80883 
               116.5 0.00573302    17.6537    98.4862  26.5515 -5.34597 -0.07554  0.146686 0.0296026 -0.152654 -0.00630008  -0.0195525   0.0473719   -0.014738 0.000815157 -0.00763595   0.0236469 -0.00363344 -0.00606161 0.0340091 0.0313339 0.0120505 -0.0574378 -0.0109444   -9.80883 
             116.602 -0.0630321    17.5601    98.4936    26.5526   -5.34769 -0.0769597  0.146858 0.0298894  -0.15324 -0.00630679  -0.0195549   0.0473695  -0.0110521 -0.00126697 -0.00921446   0.0236861 -0.00359695 -0.00606906  0.034097  0.031442 0.0121276  -0.057371 -0.0109628   -9.80883 
               116.7 -0.0385263    17.6966     98.532    26.5524   -5.34958 -0.0766364  0.146964 0.0298285 -0.153426 -0.00631197   -0.019554   0.0473654 -0.00927388 -0.00672089 -0.00657626   0.0236729 -0.00362223 -0.00607219 0.0342524  0.031467 0.0120729 -0.0573379 -0.0109924   -9.80883 
               116.8 -0.0356395     17.681    98.6509    26.5626   -5.34983 -0.0735358  0.147159 0.0298488 -0.155355 -0.00632914  -0.0195747   0.0473583   0.0132823 -0.00494056  0.00278495   0.0236703 -0.00359711 -0.00607067 0.0344962 0.0320056 0.0118418 -0.0571362 -0.0109036   -9.80883 
               116.9 -0.0208643    17.6321    98.7252    26.5632   -5.35117 -0.0733217  0.147196 0.0298614 -0.155235 -0.00632985  -0.0195715   0.0473578   0.0121059 -0.00344669   0.0025307   0.0236611 -0.00361486 -0.00607597 0.0345376 0.0319564 0.0118602 -0.0571416 -0.0109301   -9.80883 
                 117 -0.0261883    17.5232    98.6964   26.5609  -5.35111 -0.072112  0.147142 0.0296132 -0.154723 -0.00632506  -0.0195654    0.047359  0.00520817 -0.00102565  0.00493138   0.0236596 -0.00359411 -0.00606607 0.0345261 0.0317963  0.011784  -0.057207 -0.0109487   -9.80883 
             117.101 -0.0121706    17.4967    98.7087    26.5574    -5.3503 -0.0708101  0.147083 0.0293553 -0.154192 -0.00631962  -0.0195586   0.0473601 -0.00304698  0.00370659  0.00676458   0.0236513  -0.0035968 -0.00606887 0.0344841 0.0316159 0.0117086 -0.0572847 -0.0109635   -9.80883 
             117.201 -0.0237333    17.5426    98.7959    26.5587    -5.3502 -0.0737856  0.147081 0.0297051  -0.15439 -0.00632044  -0.0195615   0.0473595 -0.000814051   0.00242853  -0.00204563   0.0236539 -0.00360935 -0.00605862 0.0343778 0.0316901 0.0119663 -0.0572536 -0.0109541   -9.80883 
               117.3 -0.0624825    17.5417    99.0516    26.5588    -5.3419 -0.0744253  0.146689 0.0294581 -0.154303 -0.00630722  -0.0195783   0.0473663   -0.001317   0.0188308 -0.00359893   0.0236807  -0.0035938 -0.00607222 0.0339684  0.031785   0.01188 -0.0573197 -0.0107962   -9.80883 
               117.4 -0.0165366    17.4933    99.0921    26.5612   -5.34224 -0.0726205  0.146804 0.0294846 -0.154569 -0.00631459  -0.0195787   0.0473643 0.00417341  0.0145554 0.00155293   0.0236511 -0.00359504  -0.0060619 0.0341818 0.0318788 0.0117682 -0.0572558 -0.0108238   -9.80883 
               117.5 -0.040264   17.4301   98.9851    26.5562    -5.3466 -0.0730511    0.1471 0.0295272 -0.154163 -0.00632387  -0.0195654   0.0473639 -0.00716413  0.00261913 0.000197285   0.0236578 -0.00360179 -0.00604251  0.034406  0.031562 0.0118796  -0.057298 -0.0109764   -9.80883 
               117.6 -0.0319582    17.3729    98.8843    26.5548    -5.3451 -0.0725561  0.147048 0.0294291 -0.154081 -0.00632095  -0.0195642   0.0473643 -0.00962111  0.00627082   0.0014486   0.0236368  -0.0035961 -0.00600137 0.0343539 0.0315439 0.0118289 -0.0573205 -0.0109578   -9.80883 
               117.7 0.0509856   17.2752   99.0017    26.5558   -5.34203 -0.0651161  0.146967 0.0289569 -0.154188 -0.00631404   -0.019565   0.0473669 -0.00269346   0.0132365   0.0186767   0.0236077 -0.00356023 -0.00606731  0.034505  0.031656 0.0112959 -0.0573093 -0.0109055   -9.80883 
               117.8 -0.00448014     17.4301      98.706    26.5483    -5.3463 -0.0689641  0.147296  0.029175 -0.153796 -0.00632047  -0.0195516    0.047361  -0.018352 0.00303002 0.00519679   0.0236118 -0.00361307 -0.00599582 0.0345336 0.0312512 0.0117579 -0.0573864 -0.0110622   -9.80883 
               117.9 0.00164821    17.4388    98.6096    26.5568   -5.35172 -0.0690247  0.147436 0.0297771  -0.15461 -0.00632993  -0.0195727   0.0473504  0.00362916 -0.00709281   0.0040607   0.0236195 -0.00359765  -0.0060527 0.0349045 0.0316805 0.0119065 -0.0571559 -0.0110962   -9.80883 
                 118 -0.068621   17.5014   98.4863    26.5507    -5.3557 -0.0730695  0.147667 0.0298291 -0.154333 -0.00633226  -0.0195581   0.0473502  -0.0102679  -0.0131448 -0.00709322   0.0236536 -0.00359641 -0.00605445 0.0348787 0.0313475 0.0122542  -0.057235 -0.0112019   -9.80883 
               118.1 -0.038603   17.5589   98.3862    26.5562   -5.35644 -0.0742411   0.14754  0.030066 -0.154673 -0.00633242  -0.0195705   0.0473489  0.00230715  -0.0114702 -0.00831809   0.0236402 -0.00359839 -0.00607504 0.0348996 0.0316616 0.0122925  -0.057128 -0.0111448   -9.80883 
               118.2 -0.100315   17.5672   98.3442    26.5557   -5.36198 -0.0777534  0.147746 0.0303095 -0.154724 -0.00633913  -0.0195645   0.0473447 -0.00160115  -0.0176739  -0.0150375    0.023668 -0.00360406 -0.00605971 0.0350404 0.0315802 0.0125462 -0.0571001 -0.0112342   -9.80883 
               118.3 -0.0537578    17.5955    98.4149     26.557    -5.3614 -0.0774223  0.147648 0.0302057 -0.154773 -0.00633764  -0.0195696    0.047346  0.00100396 -0.00806674  -0.0106764   0.0236366 -0.00361528 -0.00604344 0.0350078 0.0316714 0.0123912 -0.0570933 -0.0111864   -9.80883 
               118.4 -0.0543306    17.6313    98.5733    26.5566   -5.35923 -0.0740824  0.147566 0.0298686 -0.154689 -0.00633247   -0.019574   0.0473488 -0.000261769  0.000807377 -0.000402096   0.0236483 -0.00360662 -0.00607954 0.0350008 0.0316782 0.0120395 -0.0571274 -0.0111394   -9.80883 
               118.5 -0.0523909    17.7102    98.6035    26.5637   -5.35821 -0.0731399  0.147455 0.0300601 -0.155105 -0.00634235  -0.0195868    0.047346   0.013194 0.00564398 0.00211682   0.0236439 -0.00360808 -0.00606779 0.0350541 0.0320205 0.0119772  -0.057015 -0.0110761   -9.80883 
               118.6 -0.0788444    17.8081    98.5077    26.5634   -5.35472 -0.0750679  0.147331 0.0300428 -0.154977 -0.00633554  -0.0195876   0.0473503  0.00869317   0.0163976 -0.00310263   0.0236412 -0.00362436 -0.00601426 0.0348339 0.0319753 0.0120845 -0.0570626 -0.0110355   -9.80883 
               118.7 -0.0760206    17.8592     98.626    26.5587   -5.35389 -0.0771954  0.147397  0.029983 -0.154588 -0.00632912  -0.0195772   0.0473524 -0.00272907   0.0161715 -0.00755579   0.0236634 -0.00362211 -0.00608996 0.0347648 0.0317049 0.0122101 -0.0571477  -0.011088   -9.80883 
               118.8 -0.0814272     17.896    98.4064   26.5622  -5.35825 -0.078067  0.147632 0.0303112 -0.154975 -0.00634157  -0.0195812   0.0473476  0.00444743  0.00309036 -0.00755655    0.023632 -0.00361867 -0.00598553 0.0350878 0.0318282 0.0123118 -0.0570352 -0.0111683   -9.80883 
               118.9 -0.0687194    17.8807    98.4762    26.5553     -5.355 -0.0754614  0.147551 0.0296583 -0.154236 -0.00632911  -0.0195709   0.0473501 -0.0111334  0.0127148 0.00041639   0.0236442 -0.00362994  -0.0060409 0.0350229 0.0315219 0.0120242 -0.0571762 -0.0111696   -9.80883 
                 119 -0.062458   17.7774   98.4976    26.5608   -5.35034 -0.0751442  0.147461 0.0297629 -0.155001 -0.00632843  -0.0195856   0.0473476 0.000474761   0.0221004 0.000936665   0.0236428 -0.00360953  -0.0060431 0.0349377  0.031864 0.0119751 -0.0570932 -0.0110684   -9.80883 
               119.1 -0.0462185    17.9292    98.5699   26.5591  -5.34588 -0.076902  0.147339 0.0298384 -0.154772 -0.00632205  -0.0195858   0.0473496 -0.00351699   0.0252259 -0.00330242   0.0236255 -0.00365407 -0.00601118 0.0347287 0.0318011 0.0120606 -0.0571413 -0.0110384   -9.80883 
             119.201 -0.0477056    17.8676    98.8796    26.5557   -5.35046 -0.0747252  0.147621 0.0296409 -0.154349 -0.00632851   -0.019564   0.0473519 -0.00917785   0.0125106  0.00268542   0.0236488 -0.00361835 -0.00607398 0.0351709 0.0315897 0.0119946 -0.0571327 -0.0111896   -9.80883 
               119.3 -0.0116807    17.9143    98.9425    26.5473   -5.34581 -0.0718898  0.147379 0.0289249 -0.153184 -0.00631154  -0.0195569   0.0473555    -0.0235  0.0213953 0.00896803   0.0236062 -0.00362971  -0.0060018  0.035057 0.0312677 0.0117631 -0.0572836 -0.0111822   -9.80883 
               119.4 0.00748539    17.9585    99.0512    26.5495   -5.34378 -0.0736441   0.14745 0.0294546  -0.15394 -0.00631712  -0.0195651   0.0473543 -0.0143917  0.0185571 0.00235749   0.0236212  -0.0036223 -0.00607073 0.0349705  0.031485 0.0119461 -0.0572085 -0.0111489   -9.80883 
               119.5 0.0230207   17.9387   98.8042    26.5515   -5.34503 -0.0724525  0.147654 0.0295289 -0.154533 -0.00632426  -0.0195711   0.0473531 -0.00738276   0.0134155  0.00500438   0.0236004  -0.0036203 -0.00603829 0.0352074 0.0316089 0.0119391 -0.0571284 -0.0111841   -9.80883 
               119.6 -0.055993   17.9169   98.5618    26.5561   -5.34482 -0.0758837  0.147826 0.0303711 -0.155576 -0.00632502  -0.0195799   0.0473508  0.00199487   0.0100129 -0.00444632   0.0236414 -0.00361965 -0.00603679 0.0351102 0.0318559   0.01222 -0.0570313  -0.011164   -9.80883 
               119.7 -0.0205645    17.8903    98.5028      26.56    -5.3442 -0.0737584  0.147948 0.0300697 -0.156282 -0.00632446  -0.0195869   0.0473511 0.00993632 0.00546591 0.00210889   0.0236184 -0.00361645 -0.00602445 0.0352879 0.0320206 0.0120674 -0.0569725 -0.0111456   -9.80883 
             119.801 -0.0520212     17.817    98.4779    26.5698   -5.34104 -0.0731746 0.148135 0.030225 -0.15814 -0.00632038  -0.0196039    0.047348  0.0270019 0.00841401 0.00299543   0.0236338  -0.0035948 -0.00601401 0.0352539  0.032467 0.0120254 -0.0568516 -0.0110391   -9.80883 
               119.9 -0.00589309     17.8016     98.4554     26.569   -5.34182 -0.0721068  0.148075 0.0300163 -0.157368 -0.00632157  -0.0195964   0.0473481   0.020406 0.00373368 0.00474178   0.0236102 -0.00361844 -0.00602586 0.0353443 0.0322832 0.0119922 -0.0568954 -0.0110915   -9.80883 
                 120 -0.0514469    17.7092     98.419    26.5704   -5.33966 -0.0742368  0.147973 0.0303959 -0.157238 -0.00631833  -0.0195969   0.0473472   0.0184698  0.00396381 -0.00177572   0.0236319 -0.00358418 -0.00601838 0.0351007 0.0322738 0.0121262  -0.056921 -0.0110599   -9.80883 
               120.1 -0.0526085    17.7378    98.2122    26.5697    -5.3471 -0.0760701  0.148166 0.0308352 -0.156653 -0.00633168  -0.0195894   0.0473436   0.0131117  -0.0135431 -0.00558134   0.0235904 -0.00361351 -0.00589609 0.0353831 0.0320714 0.0123379 -0.0568999 -0.0112128   -9.80883 
               120.2 -0.0773628    17.6493    98.4393     26.568   -5.34354 -0.0806909  0.147867 0.0312659 -0.156043 -0.00631967  -0.0195938   0.0473456   0.0059262 -0.00249086  -0.0155618   0.0236391 -0.00359154  -0.0060117 0.0348955 0.0319839 0.0125183 -0.0569857 -0.0111427   -9.80883 
               120.3 -0.0624469    17.6218    98.4601     26.565   -5.34748 -0.0777461  0.147899 0.0305306 -0.155301 -0.00632177   -0.019581   0.0473457 -0.00157663 -0.00848407 -0.00416829   0.0236329 -0.00360404 -0.00602667 0.0352793 0.0317805 0.0122705 -0.0570126 -0.0112318   -9.80883 
               120.4 -0.0437725     17.628    98.5356    26.5657   -5.35106 -0.0741859  0.148041 0.0300829 -0.155472 -0.0063288 -0.0195764  0.0473426 0.00076315  -0.016041 0.00599353   0.0236292 -0.00359784 -0.00605534 0.0356142 0.0317981 0.0120504 -0.0569764 -0.0112751   -9.80883 
               120.5 -0.0344801    17.7812     98.545    26.5682   -5.34984 -0.0740857  0.147993 0.0301458  -0.15589 -0.00632796  -0.0195843   0.0473471   0.0051639 -0.00827158  0.00457013   0.0236071 -0.00364253 -0.00600013 0.0354832 0.0319402 0.0120503 -0.0569582 -0.0112139   -9.80883 
               120.6 -0.00482991     17.6606     98.8071    26.5607   -5.35083 -0.0704251  0.147862 0.0295026 -0.154601 -0.00631389  -0.0195708   0.0473503  -0.0103795 -0.00765107   0.0124212    0.023619 -0.00360087 -0.00609292 0.0355578 0.0315583 0.0118185 -0.0570839 -0.0112695   -9.80883 
               120.7 -0.055859   17.6098   98.6967    26.5595   -5.34629 -0.0741321  0.147633 0.0298574 -0.154567 -0.00630662  -0.0195751    0.047351  -0.0125951  0.00586974 0.000147651   0.0236279 -0.00362695 -0.00603847 0.0351004 0.0316022 0.0120797  -0.057124 -0.0111812   -9.80883 
               120.8 -0.062308    17.482   98.7034   26.5577  -5.34347 -0.075397   0.14753 0.0298876 -0.154468 -0.00630306  -0.0195757   0.0473498  -0.0150099   0.0124608 -0.00307391   0.0236326 -0.00359467 -0.00604683 0.0349368 0.0315929 0.0121347 -0.0571504 -0.0111479   -9.80883 
               120.9 -0.0101727    17.5247    98.7277     26.556   -5.34346 -0.0741337  0.147594 0.0297965 -0.154444 -0.00630527  -0.0195738   0.0473491 -0.0146828  0.0103087 0.00104929   0.0235961 -0.00362796 -0.00602565  0.035062 0.0315654 0.0120474 -0.0571442 -0.0111743   -9.80883 
             121.001 -0.0451058     17.526    99.0173    26.5569    -5.3482 -0.0718114  0.147843 0.0299171 -0.154734 -0.0063174 -0.0195672  0.0473435 -0.00901953 -0.00338883   0.0067118   0.0236288 -0.00359611 -0.00606123 0.0354367 0.0316224 0.0119812 -0.0570645 -0.0112554   -9.80883 
               121.1 -0.0264401    17.5022    99.0307    26.5576   -5.35177 -0.0730106   0.14797 0.0302015 -0.154934 -0.00632402  -0.0195654   0.0473405  -0.0061501 -0.00838681  0.00240191   0.0235984 -0.00360844 -0.00599902 0.0355498 0.0316703 0.0121641 -0.0570127  -0.011299   -9.80883 
               121.2 -0.0294921    17.3929    99.0885    26.5561   -5.34913 -0.0705619  0.147839  0.029928 -0.154819 -0.00631632  -0.0195672   0.0473413  -0.00853512 -0.000744821   0.00771719   0.0236124 -0.00359102 -0.00604827 0.0354435 0.0316689 0.0119581  -0.057052 -0.0112463   -9.80883 
               121.3 -0.0131589    17.3433    98.9774    26.5551   -5.34642 -0.0704235  0.147734 0.0298786 -0.154772 -0.00631193  -0.0195673   0.0473414 -0.00919732  0.00966061  0.00588366   0.0235931 -0.00359267 -0.00603122 0.0352991 0.0316869 0.0119669 -0.0570731 -0.0112058   -9.80883 
               121.4 -0.0578162    17.4067     98.889     26.553    -5.3511 -0.0699675  0.147981  0.030029 -0.154808 -0.00632106  -0.0195657   0.0473359  -0.0137004 -0.00160575  0.00623708   0.0236235 -0.00360124 -0.00606598 0.0355617 0.0315756 0.0120541 -0.0570473 -0.0113059   -9.80883 
               121.5 -0.0376657    17.4812    98.6026     26.551   -5.35311 -0.0723975  0.148068 0.0301604 -0.154813 -0.00632229  -0.0195657   0.0473334  -0.0143191  -0.0025468 -0.00136594   0.0235954 -0.00361637 -0.00602473 0.0355706  0.031512 0.0122982 -0.0570446 -0.0113446   -9.80883 
               121.6 -0.074755   17.5906   98.5618   26.5579  -5.35891 -0.074407  0.148152 0.0306664 -0.155279 -0.00632615  -0.0195809   0.0473187  0.00195771  -0.0116183 -0.00586417   0.0236246 -0.00361368 -0.00605907 0.0358859 0.0318528 0.0125312 -0.0568723 -0.0113854   -9.80883 
               121.7 -0.0728336    17.6958    98.3634     26.557   -5.35986 -0.0761564  0.148162 0.0306546 -0.155247 -0.00632502  -0.0195791   0.0473196 -0.00103692 -0.00890298 -0.00901952    0.023602 -0.00361557 -0.00599111 0.0358405 0.0318058  0.012612 -0.0568881 -0.0113897   -9.80883 
               121.8 -0.0810036    17.7537    98.5621    26.5623   -5.35977 -0.0773961  0.148021 0.0308272 -0.155435 -0.00632879  -0.0195889   0.0473177  0.00846589 -0.00275909 -0.00968888   0.0236175 -0.00361914 -0.00601882 0.0358416 0.0320855 0.0126381 -0.0568081   -0.01134   -9.80883 
               121.9 -0.125007   17.7144   98.7489    26.5523   -5.35032 -0.0777762  0.147801 0.0301599 -0.154854 -0.00629846  -0.0195945   0.0473305  -0.0159689   0.0222235 -0.00881597   0.0236503 -0.00359622 -0.00604424 0.0352853 0.0316559 0.0124335 -0.0570452 -0.0112528   -9.80883 
                 122 -0.0640063    17.7643    98.6994    26.5558   -5.34842 -0.0749046  0.147796 0.0301647 -0.155108 -0.0063052 -0.0195996    0.04733 -0.00526742   0.0258016 0.000251201   0.0236151 -0.00361247 -0.00604057 0.0354794 0.0319017   0.01219 -0.0569637 -0.0112317   -9.80883 
               122.1 -0.0567061    17.8171    98.6789    26.5515   -5.34579 -0.0712299  0.147875 0.0298508 -0.154894 -0.00630104  -0.0195929    0.047331 -0.0126971  0.0281505 0.00900862   0.0236211 -0.00359954 -0.00607429 0.0355682 0.0317268 0.0119251 -0.0570193 -0.0112574   -9.80883 
             122.201 -0.0735912     17.912    98.6325    26.5458   -5.35002 -0.0734579  0.148151 0.0300898 -0.154668 -0.00630692  -0.0195792   0.0473265 -0.0230184  0.0130242 0.00147825   0.0236252 -0.00361262 -0.00605477 0.0357753 0.0314364 0.0122349 -0.0570346  -0.011398   -9.80883 
               122.3 -0.0129716     17.944    98.7051    26.5497   -5.34499 -0.0700565  0.148025 0.0299344 -0.155117 -0.00630778  -0.0195915   0.0473289 -0.0103744  0.0203475 0.00924408   0.0236019 -0.00361909 -0.00607915 0.0357575 0.0317712 0.0119676 -0.0569723 -0.0113003   -9.80883 
               122.4 -0.00312204     17.7964     98.6721    26.5499   -5.34622 -0.0705249   0.14815 0.0302088 -0.155247 -0.00631746  -0.0195905   0.0473314   -0.00756  0.0171982 0.00581632   0.0235869 -0.00359924  -0.0060483 0.0358949 0.0317935 0.0121175 -0.0569273 -0.0113504   -9.80883 
               122.5 -0.0260373     17.822    98.7057    26.5519   -5.34168 -0.0719598  0.148052 0.0304421 -0.155555 -0.00631583  -0.0195973   0.0473292 -0.00243303   0.0216498  0.00114651   0.0236031 -0.00361255  -0.0060586 0.0356895 0.0319485 0.0122173 -0.0569084 -0.0112877   -9.80883 
               122.6 -0.0241372    17.7901    98.8287    26.5454   -5.34238 -0.0713988  0.148089 0.0302736 -0.154782 -0.0063139  -0.019584  0.0473326 -0.0138817  0.0168915  0.0021791   0.0235996 -0.00359013 -0.00604172 0.0358071  0.031629 0.0122172 -0.0569754 -0.0113726   -9.80883 
               122.7 -0.00431675      17.827     99.1137     26.552   -5.33794 -0.0704836   0.14811 0.0303739 -0.155855 -0.00632322  -0.0196007   0.0473285 0.00203337  0.0227667  0.0040597   0.0236008 -0.00357547 -0.00606984 0.0357699 0.0320315 0.0121508 -0.0568801 -0.0112821   -9.80883 
               122.8 -0.0411712     17.943    98.9882    26.5495   -5.33571 -0.0724825  0.148051  0.030588 -0.155476 -0.00631922  -0.0195963   0.0473311 -0.00398763   0.0192691 -0.00159736  0.0235986 -0.0035997 -0.0060013 0.0356294 0.0319088 0.0122995 -0.0569194 -0.0112939   -9.80883 
               122.9 -0.000799568       17.931      98.8836    26.5525   -5.33579 -0.0717917  0.148195 0.0306276 -0.155998 -0.00632385  -0.0196011    0.047329  0.00293195   0.0162633 0.000718397   0.0235855 -0.00360164  -0.0060317 0.0358047 0.0320428 0.0122828 -0.0568571 -0.0113079   -9.80883 
                 123 -0.0426782    17.8986    98.6541   26.5522  -5.33599 -0.071921  0.148233 0.0306847 -0.155897 -0.00632697   -0.019601   0.0473285  0.00163827   0.0107665 5.09675e-07   0.0236095 -0.00360219 -0.00604493 0.0358736 0.0320002 0.0123175 -0.0568529 -0.0113368   -9.80883 
               123.1 0.00300404    17.8787    98.6144    26.5511   -5.33463 -0.0718913  0.148178 0.0306285 -0.155637 -0.00632626  -0.0195986   0.0473285 0.000448994  0.00712242 0.000145903   0.0235847 -0.00359923 -0.00604762 0.0358403 0.0319381 0.0123068 -0.0568759 -0.0113385   -9.80883 
               123.2 -0.0598971    17.8577    98.4239    26.5519   -5.34248 -0.0749114  0.148454 0.0313863 -0.155741 -0.00634173  -0.0196016   0.0473268  0.00109806    -0.01261 -0.00712113   0.0235868 -0.00359841 -0.00594338 0.0361124 0.0318888 0.0126268 -0.0568042 -0.0114635   -9.80883 
               123.3 -0.0165689    17.7969    98.5353    26.5514   -5.34753 -0.0745602  0.148548  0.031288 -0.155574 -0.00634724  -0.0195974   0.0473275 0.000666414  -0.0226881 -0.00442881    0.023581  -0.0035946 -0.00600312 0.0363413  0.031821 0.0126126  -0.056788 -0.0115239   -9.80883 
               123.4 -0.0545127     17.774    98.5118    26.5486   -5.34486 -0.0737231  0.148297 0.0308502 -0.155034 -0.00633697  -0.0195982   0.0473288 -0.00511597   -0.014354 -0.00146497   0.0236015 -0.00360787 -0.00600871 0.0361352 0.0317396 0.0124525 -0.0568625 -0.0114638   -9.80883 
               123.5 -0.050062    17.714   98.5392    26.5519   -5.34536 -0.0747105  0.148397 0.0310801 -0.155827 -0.00633876  -0.0196051   0.0473273  0.00215152  -0.0140557 -0.00355685   0.0236018 -0.00358931 -0.00602334  0.036069 0.0319268 0.0124991 -0.0568175  -0.011425   -9.80883 
               123.6 -0.0680436    17.6741     98.432    26.5516    -5.3483 -0.0724491  0.148432 0.0306728 -0.155712 -0.00634048  -0.0196032   0.0473276 0.000986617  -0.0169158  0.00324774   0.0235886 -0.00359274 -0.00595756 0.0362697 0.0318907 0.0123524 -0.0568145 -0.0114505   -9.80883 
               123.7 -0.0344479    17.6926    98.6146    26.5616   -5.34539 -0.0743595  0.148613 0.0312044 -0.157672 -0.00634627  -0.0196247    0.047327   0.0198078 -0.00511516  -0.0024866   0.0235946 -0.00362024 -0.00603701 0.0360277 0.0323898 0.0124589 -0.0567086 -0.0113289   -9.80883 
               123.8 -0.117087   17.7221   98.6469    26.5574   -5.34888 -0.0754218  0.148539 0.0312068 -0.156595 -0.00634294  -0.0196116   0.0473295  0.00578919  -0.0114716 -0.00444557   0.0236305 -0.00360502 -0.00600648 0.0360873 0.0320839 0.0125393 -0.0567701 -0.0114065   -9.80883 
               123.9 -0.0699173    17.7777    98.7844    26.5611   -5.34494 -0.0769109   0.14844 0.0312852  -0.15712 -0.00634076  -0.0196247   0.0473346   0.0102113 0.000704341 -0.00741401   0.0236107 -0.00362083  -0.0060302 0.0358208 0.0322759  0.012545 -0.0567618 -0.0113133   -9.80883 
                 124 -0.102295   17.6773   98.6888    26.5573   -5.34295 -0.0768471  0.148283 0.0309931  -0.15638 -0.00633419  -0.0196195   0.0473372 -0.000604681   0.00540775  -0.00561221    0.023619 -0.00360453 -0.00601654 0.0357185 0.0320636  0.012453 -0.0568421 -0.0113125   -9.80883 
               124.1 -0.094111    17.598   98.6581   26.5489  -5.34685 -0.075144  0.148309 0.0306399  -0.15522 -0.00633534  -0.0196043   0.0473392  -0.0170568 -0.00322416 8.79394e-05   0.0236112 -0.00360737 -0.00602007 0.0359604 0.0316259 0.0123469 -0.0569263 -0.0114277   -9.80883 
               124.2 -0.0644931    17.5446    98.7926    26.5548   -5.34657 -0.0715045  0.148404  0.030542 -0.156169 -0.00634083  -0.0196144   0.0473396 -0.00198117  0.00051286  0.00926792   0.0236082  -0.0036207 -0.00607038   0.03614 0.0319941  0.012112 -0.0568253 -0.0113788   -9.80883 
               124.3 -0.0612075     17.546    98.6902    26.5559   -5.34842 -0.0713282  0.148487 0.0307026 -0.156336 -0.00634483  -0.0196156   0.0473385  0.000434395 -0.000931131   0.00751299    0.023576 -0.00363541 -0.00597897 0.0362309 0.0320384 0.0121974 -0.0567919 -0.0114027   -9.80883 
               124.4 -0.0437623    17.5745    99.0711    26.5617   -5.35023 -0.0708448   0.14855 0.0309491  -0.15688 -0.00635573  -0.0196202    0.047335   0.0120065 -0.00557611  0.00702889   0.0236014 -0.00360908 -0.00608268 0.0363495 0.0323018 0.0122529 -0.0567007 -0.0113929   -9.80883 
               124.5 -0.0757827    17.6171    99.1455    26.5527   -5.35442 -0.0732344   0.14869 0.0309005 -0.156107 -0.00634569  -0.0196007   0.0473379  -0.00998592   -0.0107067 -0.000524503   0.0235998 -0.00363608 -0.00602938 0.0363405 0.0317836 0.0124963 -0.0568147 -0.0115028   -9.80883 
               124.6 -0.0678134    17.4993    99.1481    26.5585   -5.34924 -0.0753953  0.148427  0.031042 -0.156564 -0.0063427 -0.0196159  0.0473366  0.00266482  0.00262821 -0.00565709   0.0235925 -0.00361442 -0.00603324 0.0360228 0.0321626 0.0125695 -0.0567654 -0.0113719   -9.80883 
               124.7 -0.0550161    17.4101    99.0002    26.5596   -5.35264 -0.0745966  0.148561 0.0310957 -0.156646 -0.00634828  -0.0196173   0.0473376 0.00454017 -0.0051606 -0.0022194   0.0235668 -0.00361109 -0.00598551 0.0362565 0.0321649 0.0125283 -0.0567299 -0.0114219   -9.80883 
               124.8 -0.132948   17.3381   99.1234    26.5595   -5.35059 -0.0753102  0.148474 0.0310374 -0.156599 -0.00634422   -0.019618    0.047337  0.00138845  0.00310566 -0.00347952   0.0236257 -0.00360846 -0.00604974 0.0361131 0.0321685 0.0125262 -0.0567528 -0.0113876   -9.80883 
               124.9 -0.126455   17.3095   98.9743    26.5567   -5.35471 -0.0765773  0.148658 0.0311258 -0.156494 -0.00635212  -0.0196139   0.0473366  -0.00617387 -0.000118411  -0.00563852   0.0235881 -0.00360484 -0.00595197 0.0362952 0.0319834 0.0126543 -0.0567587 -0.0114728   -9.80883 
                 125 -0.126496   17.4595   99.1596    26.5548   -5.35459 -0.0751693   0.14869 0.0310506 -0.156436 -0.0063534  -0.019612  0.0473366  -0.00886237  -0.00176759 -0.000816741   0.0236154 -0.00361383 -0.00604925 0.0363278  0.031925 0.0125061 -0.0567772 -0.0114789   -9.80883 
               125.1 -0.0527462    17.6241    99.0827     26.555   -5.35414 -0.0704058  0.148701 0.0310526  -0.15642 -0.00636163  -0.0196111   0.0473346 -0.00427389  0.00170232   0.0107644   0.0235646 -0.00361319 -0.00602511 0.0364337 0.0319894   0.01215 -0.0567648 -0.0114684   -9.80883 
               125.2 -0.0858318    17.6577    99.1147    26.5587   -5.35236 -0.0704925  0.148549 0.0311469 -0.156485 -0.00636132  -0.0196183   0.0473364 0.00280256   0.008673 0.00786672   0.0235861 -0.00360899 -0.00604262 0.0363702 0.0322079  0.012222 -0.0567176 -0.0114219   -9.80883 
               125.3 -0.0809128    17.6407    99.0256    26.5539   -5.35287 -0.0704267  0.148686 0.0310548  -0.15639 -0.00636214  -0.0196104   0.0473355 -0.00844557  0.00855118  0.00622937    0.023579 -0.00360738 -0.00603905 0.0363784 0.0319441 0.0122832  -0.056776 -0.0114725   -9.80883 
               125.4 -0.114311      17.6   98.9396    26.5551   -5.35179 -0.0722378  0.148608 0.0311761  -0.15645 -0.0063633  -0.019613  0.0473344 -0.00577374   0.0108969 0.000256393   0.0235917 -0.00358242 -0.00602749 0.0363251 0.0320396  0.012459 -0.0567488 -0.0114583   -9.80883 
               125.5 -0.0997363    17.6283    98.9912    26.5583   -5.34945 -0.0708133  0.148538   0.03121 -0.156551 -0.00636341  -0.0196189   0.0473343 0.00143616  0.0161444 0.00362684   0.0235888 -0.00358641 -0.00604541 0.0363467 0.0322348 0.0123528 -0.0567063 -0.0114222   -9.80883 
               125.6 -0.0815176    17.6777    99.0135   26.5605  -5.34819 -0.069995  0.148532 0.0312655 -0.156621 -0.00636561  -0.0196212   0.0473338 0.00511984  0.0175146 0.00459985   0.0235785 -0.00359929 -0.00604205 0.0364049 0.0323322 0.0123328 -0.0566751 -0.0114178   -9.80883 
               125.7 -0.120106   17.7437   98.9629    26.5664   -5.34527 -0.0731343  0.148374 0.0315522 -0.156865 -0.00636645  -0.0196291   0.0473324   0.0145286   0.0215636 -0.00426457   0.0235921   -0.003611 -0.00601503 0.0362913 0.0325971 0.0125838 -0.0566099  -0.011371   -9.80883 
               125.8 -0.134464   17.7549   98.9971    26.5665   -5.34551 -0.0750264  0.148439 0.0316528 -0.156797 -0.00636879  -0.0196248   0.0473319   0.0109532   0.0179146 -0.00758675   0.0236041 -0.00359691 -0.00602906 0.0363536 0.0325063 0.0127198 -0.0566109 -0.0114123   -9.80883 
               125.9 -0.0934218    17.8017    99.0603     26.567   -5.35101 -0.0739268  0.148702 0.0317022 -0.156709 -0.00637825  -0.0196143   0.0473279 0.00916971 0.00582201 -0.0030199   0.0235774  -0.0036116 -0.00601663  0.036794 0.0324027 0.0127004 -0.0565695 -0.0115246   -9.80883 
             126.001 -0.108495    17.837   99.0724    26.5614   -5.34939 -0.0753883  0.148673  0.031577 -0.156238  -0.006371 -0.0196066  0.0473304 -0.00485195   0.0106149 -0.00578234    0.023577  -0.0035984 -0.00598662  0.036645 0.0320914  0.012751 -0.0566618 -0.0115474   -9.80883 
               126.1 -0.0835255    17.9266    99.0805    26.5641   -5.34645 -0.0743908  0.148642 0.0314966 -0.156509 -0.00637186  -0.0196125   0.0473313  0.0023688  0.0115907 -0.0019027   0.0235679  -0.0036057 -0.00599787 0.0366343 0.0322696 0.0126219 -0.0566328 -0.0115028   -9.80883 
               126.2 -0.124853   17.8905   98.8358    26.5653   -5.34613 -0.0736321  0.148673 0.0314482 -0.156596 -0.00637248  -0.0196142   0.0473312  0.00299151  0.00733779 0.000651525   0.0235579 -0.00357694  -0.0058942 0.0367062 0.0323141 0.0125676 -0.0566168 -0.0115048   -9.80883 
               126.3 -0.108808   17.7308   99.0626    26.5627   -5.34312 -0.0733143  0.148591 0.0312925 -0.156285 -0.00636585  -0.0196129   0.0473294 -0.00319164    0.014341 0.000884189   0.0235864 -0.00357987 -0.00601263 0.0365894 0.0321986 0.0125125 -0.0566667  -0.011492   -9.80883 
               126.4 -0.106025   17.7608   99.1253    26.5576   -5.34254 -0.0732152  0.148543 0.0311845  -0.15564 -0.00636232  -0.0196054   0.0473309   -0.013377    0.012991 0.000879136   0.0235855 -0.00359514 -0.00601862 0.0365954  0.031959 0.0125149 -0.0567218 -0.0115316   -9.80883 
               126.5 -0.14024  17.8719  99.2198    26.5544   -5.33906 -0.0758096   0.14842  0.031401 -0.155441 -0.0063563 -0.0196058  0.0473339  -0.0191788   0.0169629 -0.00586974   0.0236103 -0.00360202 -0.00603584 0.0363519 0.0318882 0.0126555 -0.0567591 -0.0115102   -9.80883 
               126.6 -0.102766   17.9318   99.1727    26.5488   -5.34186 -0.0752218  0.148477 0.0312633 -0.154839 -0.00635958  -0.0195971   0.0473302  -0.0258686  0.00607792 -0.00284144   0.0235745 -0.00359345 -0.00598634 0.0365903 0.0316692 0.0126357 -0.0567778  -0.011591   -9.80883 
               126.7 -0.133869   17.9762   99.3098    26.5389   -5.33599 -0.0748431  0.148189 0.0308498 -0.153828 -0.00634678  -0.0195945    0.047339  -0.0407451    0.016566 -0.00142551   0.0236077 -0.00359092 -0.00604211 0.0362856 0.0313791 0.0124978 -0.0569038 -0.0115559   -9.80883 
               126.8 -0.105264   18.0001   99.2615    26.5424    -5.3395 -0.0759615  0.148501 0.0313186 -0.154979 -0.0063577 -0.0196015  0.0473335  -0.0258882  0.00551888 -0.00337326   0.0235733 -0.00359869 -0.00598717 0.0365672 0.0316869 0.0126551 -0.0567753 -0.0115862   -9.80883 
               126.9 -0.126889   17.9618   99.3856     26.545   -5.33558 -0.0753876  0.148576 0.0312378 -0.155958 -0.00635716  -0.0196119   0.0473325  -0.0163871  0.00946729 -0.00102888   0.0236001 -0.00358664 -0.00603093 0.0364861 0.0319732 0.0125566  -0.056732 -0.0115112   -9.80883 
             127.001 -0.0882781    17.9278    99.1292    26.5428   -5.34173 -0.0736631  0.148744  0.031087 -0.155687 -0.00636741  -0.0196114   0.0473327  -0.0180419 -0.00554317  0.00364891   0.0235491 -0.00359021 -0.00594276 0.0369263 0.0318765 0.0125405 -0.0566951 -0.0116099   -9.80883 
               127.1 -0.0776045    17.8761    99.1292    26.5389   -5.34352 -0.0708178  0.148733 0.0306422 -0.155256 -0.00636766  -0.0196081   0.0473334  -0.0223922 -0.00922189  0.00964757   0.0235778  -0.0035997 -0.00605725 0.0370966 0.0317724 0.0123924 -0.0567134 -0.0116373   -9.80883 
               127.2 -0.0923562    17.8565    99.0518    26.5375   -5.34378 -0.0691945  0.148752 0.0305382 -0.155431 -0.0063663 -0.0196094  0.0473335 -0.0207766 -0.0100149  0.0114376   0.0235759 -0.00359011 -0.00602869 0.0370993 0.0318205 0.0123413 -0.0567082 -0.0116229   -9.80883 
               127.3 -0.0861397    17.8765    99.2711    26.5424   -5.34306 -0.0708144  0.148924 0.0311398 -0.156823 -0.00636977  -0.0196204   0.0473318 -0.00762123 -0.00670406  0.00454107   0.0235913 -0.00360036 -0.00608886 0.0369356  0.032159 0.0125105 -0.0566336 -0.0115637   -9.80883 
               127.4 -0.0776752    17.8172    99.1066    26.5394   -5.35502 -0.0723431  0.149095 0.0316661 -0.156146 -0.00638582  -0.0196125   0.0473314  -0.0114658  -0.0317588 0.000189805   0.0235578 -0.00358673 -0.00600065 0.0373674 0.0319356 0.0127994  -0.056592 -0.0117237   -9.80883 
               127.5 -0.0713072    17.7867     99.176  26.5444 -5.35105  -0.0727  0.149125 0.0317191 -0.157447 -0.00637994  -0.0196267   0.0473309  0.000407646   -0.0181266 -0.000689505   0.0235733 -0.00359248 -0.00606441 0.0370474 0.0322937 0.0127324 -0.0565624 -0.0115972   -9.80883 
               127.6 -0.0683464    17.7275    99.1201     26.547   -5.34881 -0.0724973  0.149108 0.0316475 -0.157994 -0.00637526  -0.0196329   0.0473303   0.00580106  -0.00997156 -0.000107357   0.0235602  -0.0035934 -0.00603292 0.0368752  0.032455 0.0126594 -0.0565577 -0.0115291   -9.80883 
               127.7 -0.0966245    17.6358    99.1917    26.5503   -5.34621 -0.0727954  0.149096 0.0316726 -0.158568 -0.00637203  -0.0196403   0.0473281     0.010328  -0.00274533 -0.000774021   0.0235827 -0.00358763 -0.00605698 0.0367008 0.0326254 0.0126291 -0.0565466 -0.0114649   -9.80883 
               127.8 -0.120973   17.5385    98.997    26.5496   -5.34337 -0.0727335  0.148971 0.0315265 -0.158338 -0.00636641  -0.0196385   0.0473275   0.00564454   0.00457238 -0.000340618    0.023561 -0.00357636 -0.00595347 0.0365282 0.0325779 0.0125675 -0.0565874 -0.0114303   -9.80883 
               127.9 -0.0645199    17.5751    99.1867   26.5505  -5.34283 -0.072455   0.14899 0.0315059  -0.15837 -0.00636728  -0.0196383   0.0473271  0.00618057  0.00864294 0.000405352   0.0235607 -0.00362377 -0.00605745 0.0365624 0.0325876  0.012551  -0.056582 -0.0114338   -9.80883 
                 128 -0.118295   17.6462   99.1786    26.5553   -5.34351 -0.0746511  0.149071 0.0318507 -0.158909 -0.00636993  -0.0196416   0.0473233   0.0138258  0.00418283 -0.00523439   0.0235794 -0.00360228 -0.00602164 0.0365928 0.0327662 0.0127344 -0.0565221 -0.0114324   -9.80883 
               128.1 -0.132297   17.7037    99.299    26.5596   -5.34602 -0.0746583  0.149187 0.0319812 -0.159204 -0.00637606  -0.0196408   0.0473162    0.0181167 -0.000875095  -0.00399076   0.0235879 -0.00360195 -0.00602171 0.0367903 0.0328776 0.0127516 -0.0564673 -0.0114581   -9.80883 
             128.201 -0.106139    17.657   99.3112     26.555   -5.34389 -0.0748766  0.149096 0.0317434 -0.158613 -0.00636847  -0.0196354     0.04732  0.00500141    0.006268 -0.00409043   0.0235747 -0.00361155 -0.00603246 0.0366324 0.0325965 0.0126949 -0.0565566 -0.0114624   -9.80883 
               128.3 -0.134629   17.5468   99.3377    26.5505   -5.34311 -0.0764983  0.149063 0.0316821 -0.158209 -0.00636523  -0.0196294   0.0473211 -0.00595342  0.00862196 -0.00723234   0.0235951 -0.00360291 -0.00605286 0.0365409 0.0323629 0.0127666 -0.0566154 -0.0114849   -9.80883 
               128.4 -0.150749   17.4555   99.3314    26.5467   -5.34416 -0.0767974  0.149123  0.031621 -0.157965 -0.00636579  -0.0196242   0.0473228  -0.0132328  0.00559202 -0.00623252   0.0235988 -0.00359399 -0.00604476 0.0366208 0.0321922  0.012756 -0.0566419 -0.0115257   -9.80883 
               128.5 -0.132936   17.4045   99.3372    26.5369   -5.34363 -0.0731061   0.14921 0.0312161 -0.157443 -0.00635914  -0.0196132   0.0473244 -0.0299193 0.00688503 0.00445505   0.0235823 -0.00359477  -0.0060287 0.0366809 0.0318009 0.0124368 -0.0567404 -0.0115704   -9.80883 
               128.6 -0.0911191    17.4435    99.4868    26.5405   -5.34635 -0.0727318  0.149257 0.0314732 -0.157742 -0.0063695 -0.0196173  0.0473217  -0.0172548 -0.00246122   0.0046894   0.0235644 -0.00360058 -0.00604341 0.0369135 0.0320835 0.0125045  -0.056641 -0.0115814   -9.80883 
               128.7 -0.0797701    17.4784    99.7299    26.5389   -5.34731 -0.0683135  0.149332 0.0313995 -0.157723 -0.00637279  -0.0196148     0.04732  -0.0170208 -0.00330899   0.0141216   0.0235602 -0.00360029 -0.00604682 0.0370642 0.0320915 0.0122355 -0.0566342 -0.0115925   -9.80883 
               128.8 -0.0654897    17.4777    99.8594    26.5457   -5.34992 -0.0696098  0.149262 0.0317431 -0.157994 -0.00638454   -0.019621   0.0473156 -0.000820524  -0.00521193   0.00786076   0.0235561 -0.00361211 -0.00606085 0.0371929 0.0324631   0.01248 -0.0565201 -0.0115806   -9.80883 
               128.9 -0.071727   17.4188   99.9145    26.5488   -5.34348 -0.0671382  0.149027 0.0316156 -0.158059 -0.00637872  -0.0196319   0.0473176 0.00595058 0.00860403  0.0115446   0.0235557 -0.00357616 -0.00604898 0.0369065  0.032696 0.0122644 -0.0565263 -0.0114725   -9.80883 
                 129 -0.0947718     17.511     100.01    26.5487   -5.34755 -0.0703723  0.149133 0.0318106 -0.158078 -0.00638084  -0.0196257    0.047313  0.00375334 4.57169e-07   0.0012079   0.0235547 -0.00361413 -0.00600656 0.0370407 0.0325992 0.0126497 -0.0565032 -0.0115402   -9.80883 
               129.1 -0.113047   17.4431   100.198    26.5515   -5.34989 -0.0704264  0.149165 0.0319389 -0.158143 -0.00638612  -0.0196256   0.0473108  0.00692738 -0.00126595  0.00107801   0.0235806 -0.00359355 -0.00605531 0.0371881 0.0326941 0.0127042 -0.0564578 -0.0115594   -9.80883 
             129.201 -0.106512    17.452   99.9299    26.5566   -5.35229 -0.0710044  0.149157 0.0321235 -0.158259 -0.00638828  -0.0196333   0.0473091    0.0158033  -0.00326654 -0.000697444   0.0235425 -0.00360591 -0.00595744 0.0373461 0.0328826 0.0127998 -0.0563891 -0.0115685   -9.80883 
               129.3 -0.0795281    17.5208    99.8969    26.5556   -5.34951 -0.0681835  0.149151 0.0319599 -0.158188 -0.00638624  -0.0196279    0.047312  0.0106534 0.00437312  0.0063102   0.0235638   -0.003594 -0.00608649  0.037233 0.0327988 0.0125409 -0.0564384 -0.0115432   -9.80883 
               129.4 -0.0683927    17.5416    99.4733    26.5519   -5.34979 -0.0659593  0.149278 0.0318516 -0.158127 -0.0063938 -0.0196215  0.0473094 0.00138216 0.00303589 0.00994257   0.0235033 -0.00358173 -0.00592503 0.0372596 0.0325582 0.0124236  -0.05649 -0.011578  -9.80883 
               129.5 -0.086688   17.5947   99.6307    26.5481   -5.35059 -0.0679215  0.149344 0.0318235 -0.158101 -0.00639466  -0.0196165    0.047309 -0.00668246  0.00369929  0.00255648   0.0235462  -0.0035982 -0.00603636 0.0372101 0.0323488 0.0126415 -0.0565274 -0.0116132   -9.80883 
               129.6 -0.0834646    17.5891    99.5562    26.5385   -5.34632 -0.0689438  0.149373 0.0315486 -0.157958 -0.00638935  -0.0196059    0.047312  -0.0245251   0.0146808 -0.00116863   0.0235311 -0.00359677 -0.00600098 0.0368939 0.0319562 0.0126544 -0.0566536 -0.0116109   -9.80883 
               129.7 -0.0786378    17.6014    99.7029    26.5329   -5.34686 -0.0686233   0.14949 0.0315116 -0.157897 -0.00638942  -0.0195997   0.0473122  -0.0312723   0.0130729 -0.00031979   0.0235533 -0.00359682 -0.00607833 0.0369842 0.0317841 0.0126468 -0.0566762  -0.011654   -9.80883 
             129.801 -0.102675   17.6177   99.6103    26.5398   -5.34421 -0.0696682  0.149299 0.0317566 -0.158132 -0.00639355  -0.0196124   0.0473089  -0.0121036   0.0178527 -0.00270639   0.0235525 -0.00359189 -0.00602943 0.0369929 0.0322783 0.0127245  -0.056569 -0.0115878   -9.80883 
               129.9 -0.127326   17.6331   99.6218    26.5421   -5.35056 -0.0724757  0.149437 0.0321006 -0.158208 -0.00640611  -0.0196074   0.0473049 -0.00574386   0.0013257 -0.00876386   0.0235693 -0.00357973 -0.00603759 0.0373749 0.0323578  0.013033 -0.0564785 -0.0116718   -9.80883 
                 130 -0.0867864    17.6838    99.6097      26.55   -5.34755 -0.0699088  0.149331 0.0321265 -0.158489 -0.00641009  -0.0196193   0.0473049    0.0125677    0.0081345 -0.000264456   0.0235441  -0.0035862 -0.00602767  0.037415 0.0328169 0.0127659 -0.0563974  -0.011594   -9.80883 
               130.1 -0.0759493    17.7211    99.6427    26.5551   -5.34962 -0.0730386  0.149326 0.0324188 -0.158639 -0.00641619   -0.019621   0.0473024   0.0194034  0.00473381 -0.00757946   0.0235369 -0.00359357 -0.00601871 0.0375118 0.0329635 0.0130369 -0.0563356 -0.0116114   -9.80883 
               130.2 -0.105121   17.7183   99.7522    26.5544     -5.349 -0.0716184  0.149374 0.0322407 -0.158505 -0.0064132 -0.0196185  0.0473037   0.0129684  0.00700627 -0.00230887   0.0235574 -0.00357749 -0.00602867 0.0375554 0.0328475 0.0128773 -0.0563646 -0.0116238   -9.80883 
               130.3 -0.0899809    17.8505    99.7963    26.5492   -5.34647 -0.0728716  0.149341 0.0321075 -0.158157 -0.00640436  -0.0196134   0.0473085 -0.000706548    0.0140093  -0.00498732   0.0235515 -0.00361141 -0.00603897 0.0373754 0.0325468 0.0129086 -0.0564477 -0.0116356   -9.80883 
               130.4 -0.142958   17.9342   99.6575    26.5446   -5.34146 -0.0744695  0.149249  0.032001 -0.157908 -0.00639847  -0.0196094   0.0473149   -0.010796   0.0228644 -0.00813159   0.0235628 -0.00360633  -0.0059838 0.0371192 0.0323683 0.0129224 -0.0565172 -0.0116148   -9.80883 
               130.5 -0.0916022    17.9646    99.7425    26.5525   -5.34416 -0.0732842  0.149406 0.0321678 -0.158498 -0.0064101 -0.0196153  0.0473098  0.00814696  0.00826536 -0.00310751   0.0235533 -0.00357733 -0.00603473 0.0375203  0.032749 0.0128769 -0.0563906 -0.0116306   -9.80883 
               130.6 -0.0977991    17.9657    99.6932    26.5475   -5.34363 -0.0716594  0.149396 0.0318639 -0.157946 -0.00640733  -0.0196081   0.0473107 -0.00412118  0.00903622  0.00159413   0.0235399 -0.00359266 -0.00598191 0.0375538 0.0324695 0.0127365 -0.0564535 -0.0116628   -9.80883 
               130.7 -0.0545584    17.8322    99.9618    26.5543   -5.33852 -0.0711228  0.149416 0.0319022 -0.158853 -0.00641054  -0.0196213   0.0473077 0.00973244  0.0199471  0.0025465   0.0235347 -0.00359107 -0.00602802 0.0374391 0.0328631 0.0126678 -0.0563962 -0.0115793   -9.80883 
               130.8 -0.123025   17.8167   99.7439   26.5494  -5.33453 -0.072128  0.149241  0.031885 -0.158111 -0.00640674  -0.0196137    0.047307   -0.0023432    0.0217557 -0.000715227   0.0235588 -0.00361003 -0.00599699 0.0372114  0.032595 0.0127033 -0.0564747 -0.0115815   -9.80883 
               130.9 -0.0955253    17.7922    99.6942    26.5446   -5.33451 -0.0729655  0.149174 0.0319227  -0.15744 -0.00640921  -0.0196077   0.0473075  -0.0106682   0.0146153 -0.00266332    0.023554 -0.00360011  -0.0060316 0.0372351  0.032352 0.0127724 -0.0565128 -0.0116274   -9.80883 
             131.001 -0.0973916     17.788    99.4993    26.5394   -5.33294 -0.0693121  0.149114 0.0313158 -0.156824 -0.00640921  -0.0196025   0.0473074 -0.0189277   0.013943  0.0069264   0.0235426 -0.00360379 -0.00600069 0.0373703 0.0321622 0.0125014 -0.0565582 -0.0116467   -9.80883 
             131.101 -0.0519932    17.7945    99.5017    26.5446   -5.33599 -0.0722567  0.149351 0.0320436 -0.157843 -0.00641596   -0.019612   0.0473074 -0.00534562  0.00345091 -0.00139864   0.0235296 -0.00360145 -0.00604122 0.0375021 0.0324516 0.0128251 -0.0564547 -0.0116654   -9.80883 
               131.2 -0.0630807    17.8351    99.5079    26.5465   -5.34109 -0.0721932   0.14953 0.0321879 -0.158118 -0.00642323  -0.0196118    0.047303 -0.00110788 -0.00903019 -0.00070231   0.0235263 -0.00360819 -0.00601411 0.0378141 0.0325099 0.0128998  -0.056397 -0.0117193   -9.80883 
               131.3 -0.0801952    17.8026    99.6075    26.5557   -5.33868 -0.0721676  0.149706 0.0323244 -0.159631 -0.00642726  -0.0196262   0.0473004    0.0172021  -0.00351911 -0.000577966   0.0235453 -0.00358714 -0.00604471 0.0377388  0.032996 0.0128646 -0.0563145 -0.0116358   -9.80883 
               131.4 -0.0899468    17.7838    99.4203    26.5573   -5.34149 -0.0693487  0.149777 0.0320062 -0.159553 -0.00643041  -0.0196256   0.0472997    0.017756 -0.00935491  0.00668003   0.0235229 -0.00358898 -0.00596429 0.0379923 0.0329656  0.012713 -0.0563025 -0.0116664   -9.80883 
               131.5 -0.149791   17.7236   99.5005   26.5607  -5.34161 -0.073851  0.149761 0.0326705  -0.15985 -0.00643148  -0.0196264   0.0472981   0.0195032 -0.00788087 -0.00595839   0.0235696  -0.0035722 -0.00601709 0.0377371 0.0330504 0.0130433 -0.0562882 -0.0116474   -9.80883 
             131.601 -0.107874   17.7171    99.401     26.559   -5.33793 -0.0742451   0.14958 0.0324685 -0.159369 -0.00642439  -0.0196248   0.0472998   0.0119588  0.00206055 -0.00589751   0.0235267   -0.003587 -0.00596009 0.0374866 0.0329219 0.0129573 -0.0563518 -0.0116125   -9.80883 
               131.7 -0.12758  17.6835  99.4989    26.5575   -5.33812 -0.0742017  0.149535 0.0323473 -0.158994 -0.0064226 -0.0196217  0.0473008   0.0054843  0.00171408 -0.00442756   0.0235521 -0.00358385 -0.00601161 0.0375069 0.0327957 0.0129151 -0.0563773 -0.0116286   -9.80883 
               131.8 -0.118425   17.6776   99.4632    26.5567    -5.3427 -0.0740514  0.149615 0.0323565 -0.158744 -0.00642694  -0.0196159   0.0472994  0.00195843 -0.00810128 -0.00285014   0.0235441 -0.00360153 -0.00600955 0.0377582 0.0326817 0.0129417 -0.0563657   -0.01169   -9.80883 
               131.9 -0.186187   17.5792   99.4399    26.5425   -5.33963 -0.0763281  0.149262 0.0321284  -0.15706 -0.00641414   -0.019603   0.0473049  -0.0284986 -0.00055461 -0.00816966   0.0235836 -0.00356706 -0.00602069 0.0373446 0.0320406 0.0129828 -0.0565369 -0.0117067   -9.80883 
                 132 -0.126104   17.6063   99.4007    26.5388   -5.34043 -0.0740841  0.149302 0.0318728 -0.156941 -0.00641527  -0.0196006   0.0473043   -0.0305899 -0.000650619 -0.000504753   0.0235433 -0.00360633 -0.00600427 0.0374975 0.0319952 0.0127845 -0.0565411 -0.0117218   -9.80883 
               132.1 -0.137631   17.5148   99.5168   26.5363  -5.33885 -0.073168   0.14928  0.031783 -0.157009 -0.00641381  -0.0196028   0.0473044 -0.0305541 0.00349895  0.0016162   0.0235594 -0.00356321 -0.00603747 0.0374575  0.032043 0.0126948 -0.0565434  -0.011701   -9.80883 
               132.2 -0.11255  17.6716  99.7461      26.53   -5.34097 -0.0727767  0.149332 0.0317447 -0.156727 -0.00641105  -0.0195951    0.047302   -0.0377659 -0.000382923    0.0020235   0.0235628 -0.00362845 -0.00609618 0.0375669 0.0318582 0.0127105 -0.0565638 -0.0117459   -9.80883 
               132.3 -0.149526   17.6316   99.8528     26.534   -5.34378 -0.0749659  0.149394 0.0321157 -0.157286 -0.00642233  -0.0195985   0.0472957  -0.0235347 -0.00630665 -0.00362196   0.0235742 -0.00359556 -0.00606237 0.0376956   0.03221 0.0129336 -0.0564666 -0.0117398   -9.80883 
               132.4 -0.158453    17.603   99.9008    26.5331   -5.34167 -0.0764125  0.149316 0.0321525 -0.157404 -0.0064213 -0.0196031  0.0472962   -0.021613  0.00020964 -0.00630233   0.0235815 -0.00360334 -0.00607194 0.0375434 0.0323167 0.0129733 -0.0564633 -0.0117018   -9.80883 
               132.5 -0.132026   17.5726   99.7511    26.5355   -5.34096 -0.0763403  0.149303  0.032212 -0.157694 -0.00642115  -0.0196086   0.0472968  -0.0131759  0.00224646 -0.00476223   0.0235489 -0.00362324 -0.00602383  0.037579 0.0325547 0.0129233 -0.0564176 -0.0116733   -9.80883 
               132.6 -0.157607    17.462   99.8168    26.5395   -5.34158 -0.0772493  0.149308  0.032372 -0.158012 -0.0064242 -0.0196146  0.0472965 -0.00375799 0.000760504 -0.00566088   0.0235741 -0.00359585 -0.00606074 0.0376596 0.0328182 0.0129764 -0.0563553 -0.0116566   -9.80883 
               132.7 -0.130136   17.4086   99.8144    26.5435     -5.346 -0.0730732  0.149458 0.0323573 -0.158229 -0.00642902   -0.019618   0.0472993  0.00415861 -0.00760606  0.00636898   0.0235498  -0.0035914 -0.00603216 0.0380794 0.0330001 0.0127193 -0.0562841 -0.0116883   -9.80883 
               132.8 -0.129181   17.4117   99.9124    26.5416   -5.34379 -0.0712424  0.149413  0.032201 -0.158125 -0.00642427  -0.0196172   0.0473004 -0.00133376 -0.00317386  0.00910377   0.0235493 -0.00358906 -0.00603044 0.0379397 0.0329166 0.0125848 -0.0563253 -0.0116662   -9.80883 
               132.9 -0.104577   17.4734   100.172    26.5437   -5.34817 -0.0676733  0.149523 0.0322767 -0.158187  -0.006432 -0.0196128  0.0472953 0.00337477 -0.0123789  0.0159427   0.0235416 -0.00358502 -0.00604375 0.0382408 0.0329902 0.0124614 -0.0562792 -0.0117023   -9.80883 
                 133 -0.146936   17.4303   100.254    26.5515   -5.34593 -0.0719886  0.149285 0.0325209 -0.158426 -0.00643452  -0.0196238   0.0472933   0.0153779 -0.00203369  0.00201114   0.0235581 -0.00358235 -0.00602218 0.0379794 0.0333953 0.0128511 -0.0562178  -0.011626   -9.80883 
               133.1 -0.159339   17.3706   100.175    26.5516   -5.34702 -0.0736763  0.149314 0.0325597 -0.158399 -0.00643588  -0.0196214   0.0472933    0.010744  0.00110162 -0.00284212   0.0235579 -0.00358502 -0.00601407 0.0379734  0.033315 0.0130013 -0.0562251 -0.0116445   -9.80883 
               133.2 -0.119995   17.4866   99.9976    26.5546   -5.35359 -0.0728634  0.149457 0.0327474  -0.15848 -0.00644273  -0.0196268   0.0472843   0.0143457  -0.0124384 0.000182711   0.0235364 -0.00361676 -0.00603336 0.0383551 0.0333316  0.013023 -0.0561697   -0.01171   -9.80883 
               133.3 -0.216148   17.4976   99.5996    26.5414    -5.3574 -0.0783303  0.149768 0.0325038 -0.158406 -0.00646615  -0.0196055    0.047286 -0.0177351  -0.015429 -0.0136861   0.0235585 -0.00359231 -0.00595246 0.0382039 0.0325484  0.013423 -0.0563102 -0.0118085   -9.80883 
               133.4 -0.19591  17.5695  99.6277    26.5416    -5.3592 -0.0786301  0.149743 0.0325681 -0.158402 -0.00646617  -0.0196084    0.047285 -0.0150562 -0.0139099 -0.0110526   0.0235666 -0.00359065 -0.00602876 0.0382721 0.0326575 0.0133564 -0.0562846 -0.0118029   -9.80883 
               133.5 -0.192447   17.6611    99.374    26.5414   -5.36184 -0.0787418  0.149756 0.0326332 -0.158402 -0.00646727  -0.0196111   0.0472828  -0.0150479  -0.0146363 -0.00843178   0.0235385 -0.00361291 -0.00594994  0.038379 0.0327196 0.0133063 -0.0562618 -0.0118109   -9.80883 
               133.6 -0.167919    17.627   99.5453     26.539   -5.35953 -0.0763709  0.149734 0.0325249 -0.158378 -0.00646351  -0.0196119   0.0472853   -0.0184991  -0.00408908 -0.000780286   0.0235543 -0.00359347 -0.00603892 0.0382651 0.0327265 0.0130177 -0.0562897 -0.0117761   -9.80883 
               133.7 -0.14196  17.6519   99.609    26.5439   -5.35478 -0.0732185  0.149537 0.0325417 -0.158391 -0.00646641  -0.0196233   0.0472871 -0.00521882  0.00970991  0.00712776    0.023541 -0.00359879 -0.00603745 0.0381651 0.0331319 0.0127267 -0.0562449 -0.0116915   -9.80883 
               133.8 -0.111577   17.7202   99.6002    26.5475   -5.35233 -0.0702172  0.149473  0.032578 -0.158417 -0.00647042  -0.0196279   0.0472877 0.0034523 0.0161176 0.0126331   0.0235215 -0.00361931 -0.00603652 0.0382062 0.0333655 0.0125539 -0.0562072 -0.0116595   -9.80883 
               133.9 -0.106168    17.693   99.5713    26.5454   -5.34909 -0.0692129  0.149468 0.0324947 -0.158388 -0.00646639  -0.0196271   0.0472879 -0.00162926   0.0214626   0.0117369   0.0235215 -0.00357474 -0.00604765 0.0380906 0.0332539  0.012544 -0.0562417 -0.0116533   -9.80883 
                 134 -0.119338   17.7643   99.5255    26.5404   -5.34725 -0.0701069  0.149509 0.0324549  -0.15829 -0.00646299  -0.0196217   0.0472891 -0.0120411  0.0223279  0.0067967   0.0235276 -0.00359085  -0.0060461 0.0380044 0.0330043 0.0126872 -0.0562886 -0.0116784   -9.80883 
               134.1 -0.0711398     17.859    99.5483    26.5403   -5.34226 -0.0691307  0.149441 0.0324178 -0.158337 -0.00646171  -0.0196252   0.0472911 -0.00899701   0.0282338  0.00763321   0.0235033 -0.00361175 -0.00605215 0.0378871 0.0330875 0.0126297 -0.0562911 -0.0116449   -9.80883 
               134.2 -0.121507     17.82   99.5187    26.5399   -5.33971 -0.0712664  0.149401 0.0325846 -0.158375 -0.00646321  -0.0196247   0.0472904 -0.00970631   0.0301316 0.000230388   0.0235103 -0.00357033   -0.005979 0.0378161 0.0331105 0.0128348 -0.0562828 -0.0116445   -9.80883 
               134.3 -0.0977559    17.8694    99.8705    26.5375   -5.33996 -0.0729396  0.149451 0.0327216 -0.158251 -0.00646359  -0.0196166   0.0472908 -0.0125277  0.0232923 -0.0044832    0.023523 -0.00359081  -0.0060499 0.0379145 0.0329982 0.0129947 -0.0562809 -0.0116865   -9.80883 
               134.4 -0.106125   17.8664   99.6896    26.5367   -5.34297 -0.0704795  0.149597  0.032594 -0.158207 -0.00646912  -0.0196141   0.0472913 -0.0120341  0.0121305 0.00255479   0.0234909 -0.00357395 -0.00592884 0.0382955 0.0329736 0.0128767   -0.05625 -0.0117408   -9.80883 
               134.5 -0.0929861      17.87    100.138    26.5429   -5.33388 -0.0692278  0.149545 0.0325234 -0.159036 -0.00647513  -0.0196368   0.0472858 0.00337144  0.0294553  0.0049633    0.023526 -0.00359117 -0.00605808 0.0380079 0.0334271 0.0127063 -0.0562154 -0.0116256   -9.80883 
               134.6 -0.134583    17.896   100.091    26.5491    -5.3347 -0.0718037  0.149656 0.0330107 -0.159598 -0.00648483  -0.0196374    0.047282   0.0150887   0.0194538 -0.00177419   0.0235283 -0.00358787 -0.00599041 0.0381365 0.0336736 0.0129808 -0.0561379 -0.0116398   -9.80883 
               134.7 -0.105373   17.9055   100.026     26.546   -5.33221 -0.0722522  0.149554 0.0329531 -0.159071 -0.00648281  -0.0196327   0.0472825  0.00488022   0.0216241 -0.00190226   0.0235237 -0.00358244 -0.00602684 0.0380492 0.0334544 0.0129849 -0.0561847 -0.0116534   -9.80883 
               134.8 -0.113199   17.9064   99.7091    26.5424    -5.3345 -0.0721116  0.149524 0.0329145 -0.158409 -0.0064919 -0.0196317  0.0472808 -0.00442355  0.00955934 -0.00129359   0.0235228 -0.00359281 -0.00601756 0.0382389  0.033199 0.0130192 -0.0562039 -0.0117161   -9.80883 
               134.9 -0.0944116    17.8338    99.6217    26.5421   -5.33321 -0.0690688  0.149561 0.0325148 -0.158442 -0.00648932  -0.0196315   0.0472816 -0.00455454  0.00798446  0.00650889   0.0235144  -0.0035556 -0.00602743 0.0383527 0.0332222 0.0128053  -0.056205 -0.0117099   -9.80883 
                 135 -0.0711642    17.8296     99.443   26.5414  -5.32969 -0.067531  0.149521 0.0323394 -0.158452 -0.00648562  -0.0196286   0.0472815 -0.00451481   0.0128938  0.00827481   0.0234871 -0.00358301 -0.00598979 0.0382548 0.0332389  0.012706 -0.0562213 -0.0116836   -9.80883 
               135.1 -0.0726313    17.8292    99.4325    26.5404   -5.33336 -0.0686362  0.149568 0.0326694 -0.158269 -0.00649147  -0.0196286   0.0472807  -0.00561381 -0.000402109   0.00295196   0.0234944 -0.00357563 -0.00601519 0.0384071 0.0331548 0.0128982 -0.0562029 -0.0117355   -9.80883 
               135.2 -0.0203376    17.8961     99.548    26.5405   -5.33347 -0.0686004  0.149586 0.0327136 -0.158357 -0.00649181  -0.0196292   0.0472807 -0.00279624 -0.00038049  0.00217714   0.0234667  -0.0036005 -0.00602296 0.0384075 0.0331806 0.0129162  -0.056197 -0.0117343   -9.80883 
               135.3 -0.081864   17.8613   99.6955    26.5324   -5.34268 -0.0689519  0.149488 0.0327711 -0.156885 -0.00649068  -0.0196079   0.0472835  -0.018812 -0.0205301  0.0010183   0.0235116 -0.00359089 -0.00605677 0.0387672 0.0326945 0.0130686 -0.0562288 -0.0118603   -9.80883 
               135.4 -0.0803845     17.838    99.5892    26.5342   -5.34194 -0.0715249  0.149544 0.0331805 -0.157559 -0.00649049  -0.0196136   0.0472823  -0.0126795   -0.015492 -0.00432146   0.0234917 -0.00359688  -0.0059977 0.0385311 0.0329024 0.0132152  -0.056207 -0.0118162   -9.80883 
               135.5 -0.131419   17.7729   99.6625    26.5313   -5.34548 -0.0735596  0.149513 0.0333931 -0.157273 -0.00649149  -0.0196094   0.0472835 -0.0167944 -0.0219343  -0.007954   0.0235315 -0.00357086 -0.00604497 0.0385337 0.0328045 0.0133441  -0.056213 -0.0118407   -9.80883 
               135.6 -0.0961352    17.7791    99.5948    26.5274   -5.34226 -0.0715783  0.149367 0.0328834 -0.157007 -0.00648454  -0.0196111   0.0472851  -0.0210095  -0.0118136 -0.00211056   0.0234989 -0.00359774 -0.00600832 0.0383624 0.0327553 0.0130753 -0.0562604 -0.0117946   -9.80883 
             135.701 -0.0927033    17.6974    99.6852    26.5278   -5.33963 -0.0719827  0.149372 0.0328934 -0.157498 -0.00648283  -0.0196175   0.0472839  -0.0156705 -0.00461188 -0.00256161   0.0235094 -0.00358823 -0.00604678 0.0381827 0.0329283 0.0130379 -0.0562533 -0.0117444   -9.80883 
               135.8 -0.129333   17.6693   99.6193    26.5254   -5.33661 -0.0739697  0.149279 0.0330089 -0.157421 -0.00647901  -0.0196185   0.0472838 -0.0194983 0.00470453 -0.0071193    0.023518 -0.00360751 -0.00601488 0.0379303 0.0329222 0.0130967 -0.0562771 -0.0117131   -9.80883 
               135.9 -0.13586  17.6025  99.6206    26.5348    -5.3373 -0.0725193  0.149592 0.0330403 -0.159016 -0.00648568  -0.0196295   0.0472814  0.00238138  0.00439666 -0.00215193   0.0235228 -0.00359466 -0.00602288 0.0381937 0.0334824 0.0129927 -0.0561628 -0.0116793   -9.80883 
                 136 -0.110488   17.6677   99.5396     26.538   -5.33711 -0.0722834  0.149658 0.0330682 -0.159357 -0.0064871 -0.0196323  0.0472808  0.00871955  0.00677704 -0.00160896   0.0235023 -0.00362407 -0.00601162 0.0382581 0.0336217  0.012973  -0.056134 -0.0116716   -9.80883 
               136.1 -0.0930525    17.6702    99.5902    26.5397   -5.33807 -0.0724075  0.149698 0.0331066 -0.159409 -0.00648885  -0.0196321   0.0472794   0.0113408  0.00279158 -0.00325464   0.0234941 -0.00361157 -0.00602216 0.0383486 0.0336398 0.0129928 -0.0561199 -0.0116848   -9.80883 
               136.2 -0.146893   17.6794   99.7257    26.5329   -5.33832 -0.0754784  0.149598 0.0330991 -0.158771 -0.00648125  -0.0196238   0.0472838 -0.0061987 0.00418473 -0.0108259   0.0235067 -0.00361529 -0.00596534 0.0382142   0.03323  0.013175 -0.0561913 -0.0117222   -9.80883 
               136.3 -0.0859237    17.6169    99.9413    26.5407   -5.33975 -0.0740635  0.149746 0.0331813 -0.159308 -0.00649398  -0.0196267   0.0472819  0.0113432 0.00180042 -0.0040255   0.0234902 -0.00360711 -0.00602161 0.0384755 0.0336455 0.0130485 -0.0561028 -0.0117082   -9.80883 
               136.4 -0.0786114      17.61    99.9221    26.5467    -5.3435 -0.0724877   0.14988 0.0332475 -0.159528 -0.00650161   -0.019627     0.04728   0.0210291 -0.00432934   0.0010322   0.0234835 -0.00362212 -0.00601465 0.0387924 0.0338557 0.0129828 -0.0560384 -0.0117291   -9.80883 
               136.5 -0.111676   17.5456   99.9247    26.5463   -5.34858 -0.0711816  0.149977 0.0332184 -0.159355 -0.00650468  -0.0196221   0.0472808  0.0161186 -0.0125541 0.00272933   0.0234959 -0.00360369 -0.00599642  0.039047 0.0336885 0.0129586 -0.0560386 -0.0117851   -9.80883 
               136.6 -0.127263   17.5024   99.9906    26.5466   -5.34349 -0.0714648  0.149851 0.0331237 -0.159369 -0.00649739   -0.019625   0.0472808    0.0125226 -0.000761145  0.000494067   0.0234941 -0.00356772 -0.00595943 0.0386829 0.0336976 0.0128925 -0.0560804 -0.0117254   -9.80883 
               136.7 -0.108216    17.502   100.251     26.552   -5.34034 -0.0702037  0.149801 0.0331325 -0.159516 -0.00649953  -0.0196328   0.0472801  0.0199792 0.00618817  0.0031134   0.0235026 -0.00357888 -0.00601719 0.0385938 0.0339506 0.0127637 -0.0560565 -0.0116767   -9.80883 
               136.8 -0.0981097    17.4298    100.204    26.5497   -5.34299 -0.0705188  0.149868 0.0331061 -0.159382 -0.00650079  -0.0196268   0.0472803    0.0109599 -0.000259469   0.00177692   0.0234902 -0.00357436 -0.00599734 0.0387053 0.0336884 0.0128468 -0.0560812 -0.0117272   -9.80883 
               136.9 -0.0992809    17.3853    100.147    26.5497   -5.34336 -0.0693014  0.149892 0.0330712 -0.159355 -0.00650095  -0.0196258   0.0472804  0.00851205 0.000487787  0.00502133    0.023491 -0.00357643 -0.00600344  0.038743 0.0336333  0.012781 -0.0560886 -0.0117358   -9.80883 
                 137 -0.10152  17.3872   100.13    26.5532   -5.34521 -0.0675201  0.149926 0.0331324 -0.159403 -0.00650344  -0.0196288   0.0472792   0.0131761 0.000157647  0.00874768   0.0234928 -0.00358452 -0.00601455 0.0389132 0.0337485 0.0127306 -0.0560537 -0.0117457   -9.80883 
               137.1 -0.0913828    17.4493    99.9394    26.5482   -5.34619 -0.0658781  0.150033 0.0330292 -0.159352 -0.00650783  -0.0196222   0.0472777 0.000366742 -0.00257334   0.0108615   0.0234732 -0.00358792   -0.005984 0.0389137 0.0334184 0.0126738 -0.0561069 -0.0117813   -9.80883 
             137.201 -0.0892388    17.4835    99.7798     26.545   -5.34825 -0.0638803  0.150136 0.0330076 -0.159357 -0.00651217  -0.0196198   0.0472752 -0.00476083 -0.00528278   0.0141676   0.0234744 -0.00357922 -0.00601458 0.0389942 0.0332309 0.0126326 -0.0561281 -0.0118136   -9.80883 
               137.3 -0.131851   17.5273   99.6687    26.5487   -5.34561 -0.0688297  0.149915 0.0329876 -0.159361 -0.00650341  -0.0196214   0.0472789 0.00365118 0.00447454 -0.0016147   0.0234917 -0.00359011  -0.0060022 0.0387405 0.0334632 0.0130628 -0.0561047  -0.011765   -9.80883 
               137.4 -0.140473   17.5785   99.6427    26.5441   -5.35095 -0.0735146  0.150095 0.0330175 -0.159414 -0.00650599  -0.0196154   0.0472746 -0.00924891  -0.0045609  -0.0117964   0.0234989 -0.00361201 -0.00601734 0.0388921 0.0331553 0.0134736 -0.0561189  -0.011841   -9.80883 
               137.5 -0.148615   17.6029   99.5333    26.5458   -5.35276 -0.0755959   0.15005 0.0331042 -0.159409 -0.00650694  -0.0196178   0.0472728 -0.00575715 -0.00584538  -0.0137128   0.0234899 -0.00361833   -0.005981 0.0389712 0.0332721 0.0135667 -0.0560877 -0.0118436   -9.80883 
               137.6 -0.115612   17.5874   99.5956    26.5446   -5.35265 -0.0734779  0.150111 0.0330702 -0.159395 -0.00650558  -0.0196166   0.0472736  -0.0069998 -0.00256144  -0.0066345    0.023485 -0.00360445 -0.00602527 0.0390198 0.0332525 0.0132942 -0.0560969 -0.0118419   -9.80883 
               137.7 -0.118367    17.612   99.5683     26.547   -5.35324 -0.0734089  0.150069 0.0331332 -0.159392 -0.00650787  -0.0196186    0.047273 -0.000692431  -0.00216158  -0.00573658  0.0234833 -0.0036091 -0.0060097  0.039089 0.0333955 0.0132507 -0.0560686 -0.0118344   -9.80883 
               137.8 -0.0965639    17.6355    99.6207    26.5441   -5.35276 -0.0716648  0.150151 0.0330383 -0.159373 -0.0065046 -0.0196163  0.0472738  -0.00535476   0.00171875 -0.000416623   0.0234801 -0.00360479  -0.0060364 0.0390932 0.0332656 0.0130687 -0.0560966 -0.0118412   -9.80883 
               137.9 -0.118673   17.6582   99.5009    26.5473   -5.35046 -0.0699362  0.150086 0.0330411 -0.159411 -0.00650472  -0.0196211   0.0472737 0.00149497 0.00732809 0.00474563   0.0234725 -0.00359661 -0.00597565 0.0390662 0.0334774 0.0129215 -0.0560734 -0.0118072   -9.80883 
                 138 -0.121715   17.7055   99.5749    26.5501   -5.34775 -0.0705134      0.15 0.0330882 -0.159476 -0.00650537  -0.0196252   0.0472735 0.00627415  0.0125565  0.0032997   0.0234846 -0.00360343 -0.00601222 0.0389623 0.0336273 0.0129793 -0.0560584 -0.0117785   -9.80883 
               138.1 -0.119267   17.7163   99.5986    26.5527   -5.34764 -0.0690417  0.150021 0.0331104 -0.159507 -0.00650815  -0.0196258   0.0472726  0.0099647   0.010663 0.00611478   0.0234824 -0.00359372 -0.00600631 0.0390737 0.0337231 0.0129216  -0.056035 -0.0117816   -9.80883 
               138.2 -0.136603   17.7279   99.6962    26.5535   -5.34637 -0.0709864  0.149979 0.0332093 -0.159517 -0.00650816  -0.0196257   0.0472725  0.00918353   0.0133935 -0.00113051   0.0234952 -0.00359244 -0.00601528  0.038989 0.0337149 0.0130964 -0.0560361 -0.0117799   -9.80883 
               138.3 -0.133164   17.7371   99.6856    26.5474   -5.34096 -0.0724636  0.149918 0.0330756 -0.159259 -0.00649927  -0.0196233   0.0472747 -0.00687875   0.0238569 -0.00434769   0.0234766 -0.00358698 -0.00595655 0.0386711 0.0334059 0.0131149 -0.0561148 -0.0117682   -9.80883 
               138.4 -0.11702   17.814  99.7987     26.542   -5.33911 -0.0739982  0.149921  0.033057 -0.159014 -0.00649508  -0.0196189   0.0472759   -0.017148   0.0255572 -0.00663894    0.023488 -0.00359855  -0.0060162 0.0386239 0.0331623 0.0131894 -0.0561528 -0.0117917   -9.80883 
               138.5 -0.113748   17.9296   99.5349    26.5391    -5.3463 -0.0716917  0.150106 0.0330341 -0.158819 -0.00650494  -0.0196205   0.0472644 -0.0209089 0.00666929 0.00151083   0.0234466 -0.00361284 -0.00589861 0.0392172 0.0330059 0.0131341 -0.0561195 -0.0118874   -9.80883 
               138.6 -0.13984  17.9525  99.7165    26.5331   -5.34171 -0.0720831  0.150024 0.0329252 -0.158606 -0.00649937  -0.0196198   0.0472684   -0.0289953    0.0121309 -0.000250199   0.0234923 -0.00357974 -0.00599691 0.0389515 0.0328556  0.013099 -0.0561709 -0.0118639   -9.80883 
               138.7 -0.103132   17.9697   99.7765    26.5316   -5.34067 -0.0691969  0.150059 0.0327273  -0.15871 -0.00650024  -0.0196204   0.0472685 -0.0267884  0.0110512 0.00744169   0.0234759  -0.0035709 -0.00600589 0.0390701 0.0329273  0.012905 -0.0561594 -0.0118592   -9.80883 
               138.8 -0.0738043    17.9365    100.031    26.5315   -5.33813 -0.0689912  0.150061 0.0328086 -0.158992 -0.00650262  -0.0196245   0.0472677 -0.0209381  0.0127353 0.00618742   0.0234669 -0.00359791 -0.00601862 0.0390045 0.0330688 0.0129289 -0.0561428 -0.0118373   -9.80883 
               138.9 -0.0926467    17.9083    100.091    26.5359   -5.33688 -0.0702717  0.150163 0.0331517 -0.159764 -0.00651037  -0.0196296   0.0472659 -0.00874379   0.0154033  0.00179977   0.0234798 -0.00361537 -0.00602611 0.0390036 0.0333901 0.0130762 -0.0560846 -0.0118156   -9.80883 
                 139 -0.0794536    17.8348    99.8024    26.5349   -5.33905 -0.0711652  0.150211  0.033345 -0.159695 -0.00651612  -0.0196307   0.0472678  -0.00938565    0.0056039 -0.000422519   0.0234587 -0.00359537 -0.00598961  0.039132 0.0333445 0.0132016 -0.0560706 -0.0118478   -9.80883 
               139.1 -0.0796786    17.8257    99.7119   26.5369  -5.33883 -0.069979  0.150287 0.0332501 -0.160111 -0.0065147  -0.019634  0.0472686 -0.00413228   0.0015692  0.00265969   0.0234688 -0.00358667 -0.00602233 0.0392196  0.033494 0.0131281  -0.056045 -0.0118374   -9.80883 
               139.2 -0.100528   17.7769   99.5767    26.5386   -5.33978 -0.0728918  0.150338 0.0337028 -0.160384 -0.00651633  -0.0196358   0.0472687 -0.00131474  -0.0012617 -0.00478453   0.0234692 -0.00358136 -0.00598834 0.0391472 0.0335779 0.0133587 -0.0560238 -0.0118389   -9.80883 
               139.3 -0.128354   17.7559   99.6392    26.5356    -5.3386 -0.0724834  0.150244 0.0335134  -0.15998 -0.00651446  -0.0196337   0.0472692 -0.00726238 -0.00040188 -0.00258908   0.0235011 -0.00358507  -0.0060492 0.0390858 0.0334533 0.0132711  -0.056054 -0.0118364   -9.80883 
               139.4 -0.106885   17.7217   99.3377    26.5369   -5.34181 -0.0722697  0.150344  0.033545 -0.160235 -0.00651696  -0.0196377   0.0472693 -0.00263163 -0.00950395 -0.00133072   0.0234374 -0.00356756 -0.00589351 0.0392778 0.0335204 0.0132903 -0.0560247 -0.0118558   -9.80883 
               139.5 -0.109129   17.7561   99.6247    26.5478   -5.33802 -0.0698949  0.150575 0.0333659 -0.161914 -0.00652244  -0.0196516   0.0472676    0.0193918 -0.000281255   0.00471602   0.0234823 -0.00359271 -0.00603315 0.0392553 0.0341159 0.0130788 -0.0559528 -0.0117746   -9.80883 
               139.6 -0.122102    17.719   99.4655    26.5465   -5.33772 -0.0722997  0.150477 0.0336278 -0.161487 -0.00652038  -0.0196492   0.0472687   0.0124656 0.000231832 -0.00252364   0.0234622 -0.00358336 -0.00595181 0.0390846 0.0339653  0.013257 -0.0559798 -0.0117818   -9.80883 
               139.7 -0.127615    17.748   99.5225    26.5453    -5.3373 -0.0734381  0.150411 0.0336717  -0.16118 -0.00651848  -0.0196475   0.0472698  0.00664466  0.00145294 -0.00469285   0.0234784 -0.00361237 -0.00599944 0.0390114 0.0338522 0.0133066 -0.0560002 -0.0117873   -9.80883 
               139.8 -0.139773   17.6896   99.4077    26.5462   -5.33795 -0.0738731  0.150431 0.0336875  -0.16121 -0.00651932  -0.0196474   0.0472695  0.00555469 0.000318245 -0.00459229    0.023469 -0.00359037 -0.00595397 0.0390584   0.03386 0.0133168  -0.055994 -0.0117934   -9.80883 
               139.9 -0.160022   17.6539   99.5208    26.5429   -5.33769 -0.0748768  0.150354 0.0336591 -0.160782 -0.0065164 -0.0196446  0.0472709 -0.00418862  0.00272946 -0.00620543   0.0234925 -0.00358682 -0.00600248 0.0389943 0.0336737 0.0133419 -0.0560257  -0.011805   -9.80883 
                 140 -0.110294   17.6614   99.6067      26.54   -5.33739 -0.0738044  0.150328 0.0334889 -0.160519 -0.00651422   -0.019642   0.0472713 -0.00961068  0.00315775 -0.00202416    0.023466 -0.00359302  -0.0060096 0.0390322 0.0335502 0.0132204 -0.0560464 -0.0118142   -9.80883 
               140.1 -0.120164   17.6779   99.7818    26.5397   -5.34021 -0.0735179  0.150397 0.0335231 -0.160552 -0.00651709  -0.0196375   0.0472693 -0.00893555 -0.00402202 -0.00102089   0.0234757 -0.00358601 -0.00602266 0.0392158  0.033554 0.0132341 -0.0560279 -0.0118394   -9.80883 
               140.2 -0.106554   17.6739   99.9041    26.5423   -5.34466 -0.0720448  0.150515 0.0335718 -0.160796 -0.00652427  -0.0196337    0.047266 -0.00252925  -0.0119663  0.00316543   0.0234739 -0.00359949 -0.00604552 0.0395136 0.0336902 0.0131945 -0.055982 -0.011864  -9.80883 
               140.3 -0.122014   17.6136   99.8635    26.5426   -5.34807 -0.0713831  0.150564 0.0335996 -0.160828 -0.00652647  -0.0196327   0.0472658 -0.00162384  -0.0167641  0.00402977   0.0234791 -0.00359814 -0.00604377 0.0396464 0.0336964 0.0132051  -0.055968 -0.0118817   -9.80883 
             140.401 -0.102074   17.5001    99.728    26.5443   -5.34967 -0.0692156  0.150581 0.0335456 -0.160953 -0.00652504  -0.0196345   0.0472666 0.00258816 -0.0181297 0.00851963   0.0234494 -0.00356653 -0.00598657 0.0397109 0.0337985 0.0130845 -0.0559531 -0.0118736   -9.80883 
               140.5 -0.0929603    17.5271    99.7854   26.5459  -5.35228 -0.070894  0.150585 0.0336944 -0.161035 -0.00652629  -0.0196357   0.0472664 0.00424741 -0.0173421 0.00249315   0.0234489 -0.00361206 -0.00600001  0.039694 0.0338551 0.0132796 -0.0559381 -0.0118763   -9.80883 
             140.601 -0.0981537    17.3943    99.8604    26.5491   -5.34612 -0.0692286  0.150444 0.0335613 -0.161182 -0.00651836  -0.0196417   0.0472632  0.00954522 -0.00078246  0.00583008   0.0234561 -0.00356263 -0.00601704 0.0393553 0.0340881  0.013067 -0.0559474 -0.0117974   -9.80883 
               140.7 -0.10375  17.4722  99.9323    26.5488   -5.34851 -0.0718218  0.150476 0.0336661 -0.161145 -0.00651809   -0.019639   0.0472627  0.00582935 -0.00627471 -0.00195444   0.0234569 -0.00360147 -0.00600845 0.0393791 0.0339956 0.0133251 -0.0559476 -0.0118221   -9.80883 
               140.8 -0.094673   17.5482   100.181    26.5485   -5.34321 -0.0710691  0.150372  0.033536 -0.161102 -0.00651538   -0.019646   0.0472696  0.00309335  0.00751893 0.000121696   0.0234586 -0.00359931 -0.00602153 0.0390945 0.0340139 0.0131662 -0.0559791 -0.0117749   -9.80883 
               140.9 -0.111301   17.4678   100.196    26.5504   -5.34467 -0.0700503  0.150409 0.0335885 -0.161145 -0.00651823  -0.0196456   0.0472682 0.00419071 0.00587911 0.00266831   0.0234506 -0.00357664 -0.00597066 0.0392525 0.0340713 0.0131333 -0.0559567 -0.0117889   -9.80883 
                 141 -0.105159   17.4665   100.157    26.5518   -5.34406 -0.0685583   0.15041 0.0335987 -0.161161 -0.0065188 -0.0196464   0.047268 0.00723989 0.00839161 0.00529233   0.0234513 -0.00359281  -0.0060018 0.0393081 0.0341193 0.0130503 -0.0559475 -0.0117881   -9.80883 
               141.1 -0.0740714    17.5365    99.8133    26.5501   -5.34433 -0.0695292   0.15046  0.033576 -0.161165 -0.00652106  -0.0196455   0.0472663 0.00226783 0.00795049 0.00156226   0.0234222 -0.00359171  -0.0059825 0.0393096 0.0339878 0.0131737 -0.0559612  -0.011806   -9.80883 
               141.2 -0.121354   17.5773   99.7002    26.5382   -5.34558 -0.0697953  0.150698 0.0334218 -0.161202 -0.00653221  -0.0196349   0.0472653  -0.0232439  0.00508554 0.000373549   0.0234455 -0.00359721 -0.00598471 0.0392887 0.0333509 0.0132054 -0.0560481 -0.0118681   -9.80883 
               141.3 -0.0831912    17.6253    99.7148    26.5376   -5.34485 -0.0705527  0.150663 0.0334415 -0.161196 -0.00653143  -0.0196366   0.0472655  -0.0195229  0.00856503 -0.00163684   0.0234329 -0.00360874 -0.00601449 0.0392841 0.0334338 0.0132655 -0.0560354 -0.0118614   -9.80883 
               141.4 -0.153982   17.5746   99.6749    26.5372   -5.34604 -0.0698121  0.150687 0.0335024 -0.161198  -0.006533 -0.0196381  0.0472648  -0.0177431  0.00637879 0.000592796   0.0234662 -0.00358435 -0.00600397 0.0394305 0.0334972  0.013235 -0.0560136 -0.0118733   -9.80883 
               141.5 -0.139944   17.5678     99.61    26.5452   -5.34147 -0.0704551  0.150445 0.0336028 -0.161143 -0.00653085  -0.0196477   0.0472634 0.000363255   0.0163928 -0.00127566    0.023449 -0.00357614 -0.00597267 0.0393087 0.0340386 0.0132497  -0.055952 -0.0118049   -9.80883 
               141.6 -0.144438   17.5834   99.5921    26.5427   -5.34323 -0.0694895  0.150561 0.0336098 -0.161157 -0.0065327 -0.0196436  0.0472635 -0.00607159   0.0102898  0.00151821   0.0234481 -0.00357419 -0.00596318 0.0394885  0.033876 0.0132172 -0.0559578 -0.0118429   -9.80883 
               141.7 -0.174319   17.6216    99.601    26.5458    -5.3401 -0.0740358  0.150413 0.0336702 -0.161167 -0.00653269  -0.0196479   0.0472628 -0.00104338   0.0164703  -0.0100979   0.0234673 -0.00357673 -0.00597087 0.0393023 0.0340807 0.0135333 -0.0559366 -0.0118113   -9.80883 
               141.8 -0.118202   17.6517   99.6413     26.547   -5.34873 -0.0727666  0.150613 0.0338151 -0.161157 -0.00654113  -0.0196375    0.047258  0.00220631 -0.00497566 -0.00413976   0.0234442   -0.003574 -0.00599459  0.039913 0.0340381 0.0135274 -0.0558856 -0.0118945   -9.80883 
               141.9 -0.0962708    17.7023    99.5649    26.5442   -5.34794 -0.0717475   0.15064 0.0337219 -0.161123 -0.00653888  -0.0196354   0.0472586   -0.0032437  -0.00239594 -0.000915887   0.0234187 -0.00358292 -0.00595013 0.0398531 0.0338993 0.0133972 -0.0559145 -0.0118944   -9.80883 
                 142 -0.127438   17.7403   99.7219    26.5395   -5.35061 -0.0717669  0.150721 0.0336887 -0.161038 -0.00653621  -0.0196293   0.0472588   -0.0130645  -0.00443815 -0.000803246   0.0234544 -0.00359258 -0.00600731 0.0399445 0.0336596 0.0134225 -0.0559373 -0.0119297   -9.80883 
               142.1 -0.104997   17.7648   99.8441    26.5383   -5.34838 -0.0716988  0.150676 0.0336498 -0.161055 -0.00653487  -0.0196331   0.0472597   -0.0138269   0.00397872 -0.000535694   0.0234453 -0.00359316  -0.0060177 0.0398177 0.0336955 0.0133724  -0.055946 -0.0119078   -9.80883 
               142.2 -0.140382   17.8245   99.8741    26.5413   -5.34595 -0.0725439  0.150624 0.0337301 -0.161231 -0.00653732  -0.0196381   0.0472586 -0.00672187   0.0106483 -0.00204973   0.0234666 -0.00358926 -0.00602092 0.0397369  0.033935 0.0134098 -0.0559196 -0.0118775   -9.80883 
             142.301 -0.129746   17.9051   99.8434    26.5486   -5.34364 -0.0728347  0.150599 0.0338485 -0.161596 -0.00654081  -0.0196449   0.0472571  0.00794842   0.0143671 -0.00207894   0.0234639 -0.00358178 -0.00602608 0.0397512 0.0343484 0.0134164 -0.0558633 -0.0118416   -9.80883 
             142.401 -0.145743   18.0237    99.781    26.5525   -5.33874 -0.0745641  0.150538 0.0339312 -0.161801 -0.00653838   -0.019648   0.0472599   0.0132404   0.0198886 -0.00601749   0.0234659 -0.00359407 -0.00600317 0.0395542 0.0345425 0.0134766 -0.0558524 -0.0118029   -9.80883 
               142.5 -0.157975   18.0233   99.7453    26.5461    -5.3439 -0.0743778  0.150598 0.0338555 -0.161201 -0.00654317   -0.019641    0.047259 -0.00405924  0.00389015  -0.0037291    0.023462  -0.0035703 -0.00596659  0.039861  0.034087 0.0135089 -0.0558838 -0.0118835   -9.80883 
               142.6 -0.122828   17.9246   100.015    26.5446   -5.33949 -0.0742806  0.150528  0.033736 -0.161151 -0.00653781  -0.0196447   0.0472562  -0.0065835   0.0104784 -0.00295028   0.0234541 -0.00357375 -0.00599439 0.0396552 0.0340684 0.0134109 -0.0559091 -0.0118543   -9.80883 
               142.7 -0.0973395    17.8545    99.8693    26.5396    -5.3364 -0.0698946  0.150466 0.0331218 -0.160697 -0.00652953  -0.0196402   0.0472552 -0.0134882   0.014395 0.00843599   0.0234176 -0.00358196  -0.0059274 0.0397128  0.033875 0.0130611  -0.05595 -0.011854  -9.80883 
               142.8 -0.0802351    17.8284    99.8165    26.5356   -5.33603 -0.0690639  0.150419 0.0330991 -0.160363 -0.00653031   -0.019638   0.0472551 -0.0183256  0.0094143 0.00813314    0.023431  -0.0035707 -0.00600014 0.0397352  0.033735 0.0130696 -0.0559657   -0.01187   -9.80883 
               142.9 -0.0626703    17.8023    99.6006    26.5395   -5.33469 -0.0692575  0.150557 0.0332955 -0.161159 -0.00652794  -0.0196433    0.047257 -0.00750025  0.00875899  0.00583706   0.0234073  -0.0035675 -0.00596244 0.0397173  0.034032 0.0131416 -0.0559249 -0.0118462   -9.80883 
                 143 -0.087808   17.7525   99.5504    26.5478   -5.33489 -0.0684672  0.150836   0.03341 -0.162479 -0.00652685  -0.0196524   0.0472582  0.0101372 0.00392993 0.00676281   0.0234271 -0.00356434 -0.00599192 0.0398649 0.0344854 0.0131634 -0.0558533 -0.0118235   -9.80883 
               143.1 -0.102845    17.813   99.4281    26.5466   -5.33628 -0.0710206 0.150773 0.033807 -0.16211 -0.00652759  -0.0196499   0.0472586  0.00506818 -0.00143091 -0.00119216   0.0234107 -0.00359302 -0.00592585 0.0397853 0.0343489  0.013396 -0.0558637 -0.0118441   -9.80883 
               143.2 -0.163638   17.7743   99.5811    26.5534   -5.33669 -0.0738327  0.150958 0.0342351 -0.163072 -0.00653034  -0.0196535   0.0472546   0.0160767 -0.00418108 -0.00770058    0.023459 -0.00356888 -0.00597795  0.039735 0.0346669 0.0135885 -0.0558157 -0.0118244   -9.80883 
               143.3 -0.112181   17.7591   99.4769    26.5567   -5.33713 -0.0747409  0.151009 0.0342769 -0.163323 -0.00653088  -0.0196548   0.0472543   0.0191177 -0.00505997 -0.00817013   0.0234114 -0.00357453 -0.00592191 0.0397437 0.0347515 0.0136008 -0.0558034 -0.0118189   -9.80883 
               143.4 -0.110604   17.7502   99.5261    26.5574   -5.33944 -0.0741048  0.151004 0.0341186 -0.163131 -0.00653174  -0.0196523   0.0472539   0.0161994 -0.00897041  -0.0046446    0.023424 -0.00358884 -0.00596764 0.0398874 0.0346786 0.0135291  -0.055805 -0.0118365   -9.80883 
               143.5 -0.113004   17.7218   99.3297    26.5481   -5.34555 -0.0736893  0.150759 0.0339342 -0.161543 -0.00653416  -0.0196424   0.0472538 -0.00516994  -0.0199319 -0.00264254  0.0233958 -0.0035938 -0.0058848  0.040091 0.0340763 0.0135269 -0.0558651 -0.0119112   -9.80883 
               143.6 -0.125403   17.6853   99.4931   26.5385  -5.34384 -0.071661  0.150496 0.0335245 -0.160444 -0.00652484  -0.0196397   0.0472571 -0.0230089 -0.0111966  0.0026092   0.0234332 -0.00358521 -0.00598774 0.0399051 0.0336642  0.013294 -0.0559443 -0.0119101   -9.80883 
               143.7 -0.103245    17.658   99.5174    26.5365   -5.34569 -0.0703864  0.150522 0.0334588  -0.16047 -0.0065257 -0.0196388   0.047257  -0.0226615 -0.00971032  0.00507345   0.0234204 -0.00358717 -0.00599207 0.0399931  0.033674 0.0132381 -0.0559386 -0.0119162   -9.80883 
               143.8 -0.114637    17.682   99.6274    26.5361   -5.34605 -0.0722602  0.150529 0.0336409 -0.160674 -0.00652653   -0.019641   0.0472568  -0.0202714 -0.00861943 -0.00058133  0.0234283 -0.0035973 -0.0060018 0.0398941 0.0337745 0.0133962 -0.0559269 -0.0119049   -9.80883 
               143.9 -0.11831  17.6736   99.847     26.542   -5.34294 -0.0729263  0.150548 0.0337581 -0.161358 -0.00653477  -0.0196526   0.0472544  -0.00606507 -0.000920208  -0.00193071   0.0234346 -0.00357427  -0.0060161 0.0397329 0.0342159 0.0133923  -0.055884 -0.0118485   -9.80883 
                 144 -0.110049   17.6578   99.8398    26.5439   -5.34642 -0.0735681  0.150624 0.0338715 -0.161516 -0.00653894  -0.0196508   0.0472525 -0.00222406 -0.00697276 -0.00259469   0.0234188 -0.00359177 -0.00598337 0.0399195 0.0343059  0.013481 -0.0558537 -0.0118674   -9.80883 
               144.1 -0.160844   17.5768   99.7773    26.5485   -5.34713 -0.0761698  0.150638 0.0340564 -0.161837 -0.00654155  -0.0196535   0.0472503  0.00547065 -0.00731658 -0.00802958   0.0234438 -0.00359422 -0.00598069 0.0398913 0.0345483 0.0136553 -0.0558189 -0.0118522   -9.80883 
               144.2 -0.155113   17.5466   99.6532    26.5532   -5.34773 -0.0768027  0.150652 0.0341122 -0.162072 -0.00654109  -0.0196569   0.0472502   0.0123175 -0.00533116 -0.00731183   0.0234213 -0.00361166  -0.0059251 0.0399314 0.0347566 0.0136526 -0.0557898  -0.011839   -9.80883 
               144.3 -0.15113  17.4594  99.8415   26.5539  -5.35074 -0.075603  0.150707 0.0340831 -0.162043 -0.00654235  -0.0196549   0.0472514   0.0106347  -0.0088502 -0.00211971   0.0234403 -0.00359068 -0.00599968 0.0401146 0.0347103 0.0135564 -0.0557837 -0.0118603   -9.80883 
               144.4 -0.152515   17.4418   99.8875    26.5619   -5.34537 -0.0715631  0.150591 0.0339897 -0.162282 -0.00654004   -0.019663   0.0472512  0.0238076 0.00176532  0.0083215   0.0234295 -0.00357052 -0.00596011 0.0399643 0.0351277 0.0131736 -0.0557581 -0.0117907   -9.80883 
               144.5 -0.0958172    17.5194    100.228    26.5606   -5.34816 -0.0697465  0.150687  0.033969 -0.162201 -0.0065372 -0.0196557  0.0472488   0.0162832 -0.00278927   0.0108675    0.023415 -0.00358711 -0.00601222 0.0401116 0.0349128 0.0131406 -0.0557731 -0.0118258   -9.80883 
               144.6 -0.102607   17.4387   100.211    26.5658   -5.34082 -0.0668004  0.150522 0.0338771  -0.16224 -0.00653465  -0.0196633   0.0472507 0.0217703 0.0175759 0.0152991   0.0234029 -0.00356988 -0.00596635 0.0398056 0.0351776 0.0129041 -0.0557748 -0.0117574   -9.80883 
               144.7 -0.129716   17.4523    100.07    26.5662   -5.33931 -0.0706788  0.150523 0.0338612 -0.162238 -0.00653399  -0.0196608   0.0472511  0.0178032  0.0188154 0.00213262   0.0234114  -0.0035849 -0.00596008  0.039681 0.0350782 0.0132949 -0.0557862 -0.0117648   -9.80883 
               144.8 -0.157739   17.4959   99.7261     26.561   -5.33921 -0.0709889  0.150675 0.0337914 -0.162288 -0.00654294  -0.0196563   0.0472494  0.00236522   0.0172196 0.000848511   0.0234196 -0.00357326 -0.00595285 0.0396973 0.0347091 0.0133452 -0.0558274 -0.0118008   -9.80883 
               144.9 -0.128074   17.5654   99.6425    26.5611   -5.34172 -0.0710517  0.150751 0.0338652 -0.162335 -0.00654602  -0.0196606    0.047244 0.000122171   0.0105961 0.000788193    0.023402 -0.00358675 -0.00596389 0.0399191 0.0346534 0.0134218 -0.0558121  -0.011834   -9.80883 
                 145 -0.145292   17.6254   99.5408    26.5503   -5.34317 -0.0727051  0.151023 0.0337234  -0.16257 -0.00655303  -0.0196524   0.0472419  -0.0227806  0.00798336 -0.00359622   0.0234057  -0.0036013 -0.00596315 0.0399154 0.0340617 0.0135608 -0.0558793 -0.0118894   -9.80883 
               145.1 -0.151947   17.6378   99.4478    26.5466    -5.3486 -0.0750373  0.151146 0.0337743 -0.162649 -0.00655739   -0.019653   0.0472373  -0.0259634 -0.00252396 -0.00828649   0.0234039 -0.00359953 -0.00595848 0.0401913 0.0339119 0.0137985 -0.0558666 -0.0119416   -9.80883 
               145.2 -0.156923   17.6209   99.5375    26.5415   -5.35238 -0.0754028  0.151267 0.0338028 -0.162708 -0.00655899  -0.0196488   0.0472371  -0.0318309 -0.00689637  -0.0067902   0.0234186 -0.00359074 -0.00600071 0.0403694 0.0337536 0.0138167 -0.0558698 -0.0119768   -9.80883 
               145.3 -0.144953   17.6138    99.564    26.5486   -5.35218 -0.0737678  0.151072 0.0339624 -0.162527 -0.00656454   -0.019656   0.0472358   -0.0124658   -0.0033606 -0.000782204   0.0234146 -0.00358036 -0.00600335 0.0404795 0.0342966 0.0136599    -0.0558 -0.0119387   -9.80883 
               145.4 -0.123564   17.6396   99.5578    26.5425   -5.35248 -0.0701999  0.151206 0.0339045 -0.162583 -0.00656087  -0.0196519   0.0472366  -0.0226834 -0.00146919  0.00837681   0.0234049 -0.00357416 -0.00601057  0.040521 0.0340621 0.0133905 -0.0558326 -0.0119547   -9.80883 
               145.5  -0.116 17.7301  99.427    26.5465   -5.35106 -0.0706144  0.151059 0.0339768 -0.162533 -0.00656184  -0.0196571   0.0472373 -0.0115854 0.00522604 0.00571492   0.0233825 -0.00359699 -0.00595401 0.0404791 0.0343935 0.0134727 -0.0557941 -0.0119251   -9.80883 
               145.6 -0.131948   17.7982   99.5515    26.5481   -5.35303 -0.0719353  0.151034 0.0340675  -0.16253 -0.00656455  -0.0196562   0.0472348 -0.00722949  0.00165422  0.00148123   0.0234119 -0.00359789  -0.0060218 0.0405887  0.034506 0.0136542 -0.0557662 -0.0119348   -9.80883 
               145.7 -0.11899  17.8146  99.4836    26.5506   -5.35232 -0.0706682  0.150994 0.0340898 -0.162552 -0.00656614  -0.0196587   0.0472344 -0.00131084  0.00338845  0.00444045   0.0233915 -0.00358069 -0.00597706  0.040621 0.0346797 0.0135736 -0.0557455 -0.0119213   -9.80883 
               145.8 -0.126012   17.8756   99.5713    26.5496   -5.35267 -0.0722943  0.150993 0.0341469 -0.162537 -0.00656545  -0.0196574   0.0472345  -0.00449887   0.00424298 -0.000330621    0.023398 -0.00359567 -0.00598569 0.0405921 0.0346245 0.0137312  -0.055749 -0.0119291   -9.80883 
               145.9 -0.135459   17.8037   99.6473   26.5493  -5.34881 -0.071589  0.150948 0.0340678 -0.162562 -0.0065626  -0.019661  0.0472332 -0.0048353  0.0124115 0.00133634   0.0233899 -0.00355321 -0.00593518 0.0404405 0.0346668 0.0136288 -0.0557594 -0.0119041   -9.80883 
                 146 -0.150986   17.9588   99.8273    26.5411   -5.34362 -0.0756669  0.150876 0.0341112 -0.162263 -0.00655059  -0.0196617   0.0472404  -0.0209696   0.0205552 -0.00921066   0.0234162 -0.00360406 -0.00598974 0.0400334 0.0343174 0.0138433 -0.0558242 -0.0118976   -9.80883 
               146.1 -0.104066   17.9606   99.7915     26.538   -5.34304 -0.0746303  0.150908 0.0339958  -0.16219 -0.0065509 -0.0196598  0.0472403  -0.0238643   0.0195038 -0.00421658   0.0233785 -0.00358517 -0.00595447 0.0401642 0.0342574 0.0137292  -0.055826 -0.0119107   -9.80883 
               146.2 -0.0942211    17.9247    100.125     26.537   -5.33572 -0.0724203  0.150865 0.0337227 -0.162352 -0.00654809  -0.0196688   0.0472387 -0.0215838  0.0301037 0.00247165   0.0233971 -0.00358006 -0.00602221 0.0399882 0.0343822 0.0134665 -0.0558362 -0.0118671   -9.80883 
               146.3 -0.157436   17.9069   100.011     26.543    -5.3344 -0.0732462  0.150985 0.0339561 -0.163091 -0.00655328  -0.0196734   0.0472365 -0.00650856   0.0240533 0.000381227   0.0234042 -0.00356274 -0.00593112 0.0401092 0.0347797 0.0135848 -0.0557755 -0.0118549   -9.80883 
             146.401 -0.021957   17.9584   100.004    26.5516   -5.33521 -0.0696756  0.151206 0.0337717 -0.164013 -0.00655819  -0.0196781   0.0472406  0.0133412  0.0183992 0.00913318   0.0233574 -0.00359082  -0.0060201  0.040524 0.0352106 0.0134224 -0.0557027 -0.0118534   -9.80883 
               146.5 -0.0759194    17.9314    99.6302   26.5501  -5.32988 -0.067866  0.151117  0.033593 -0.163733 -0.00655675  -0.0196709   0.0472395 0.00725766  0.0239931  0.0108763   0.0233658 -0.00356846 -0.00595954 0.0403495 0.0351112 0.0133007  -0.055733 -0.0118364   -9.80883 
               146.6 -0.0840894    17.8793    99.5888    26.5503   -5.33325 -0.0674152   0.15115 0.0337354 -0.163557 -0.00656374  -0.0196748   0.0472413 0.00545349 0.00972842 0.00940863   0.0233769 -0.00353674  -0.0059776 0.0406062 0.0350145 0.0134285 -0.0557183 -0.0118778   -9.80883 
               146.7 -0.106267   17.8749   99.4541    26.5476   -5.33625 -0.0693092  0.151083 0.0340847 -0.163029 -0.00657055  -0.0196739   0.0472418 -0.00210266  0.00162162   0.0024598   0.0233743 -0.00355402 -0.00593222   0.04066 0.0347986 0.0136696 -0.0557263 -0.0119158   -9.80883 
               146.8 -0.0590782    17.8939    99.4274    26.5464     -5.338 -0.0703799  0.151063 0.0342541 -0.162845 -0.00657218  -0.0196736   0.0472413  -0.00300709  -0.00279769 -0.000879288   0.0233581 -0.00356549 -0.00596838 0.0406929 0.0347216 0.0137849 -0.0557267 -0.0119325   -9.80883 
               146.9 -0.108056   17.9586   99.3561    26.5467   -5.33921 -0.0730305  0.151087 0.0345766 -0.162938 -0.00657122  -0.0196735   0.0472412 -0.00212823 -0.00542162 -0.00735797   0.0233707 -0.00357633 -0.00592465 0.0406331 0.0347468  0.013971  -0.055719 -0.0119366   -9.80883 
                 147 -0.149227    17.951    99.468    26.5417   -5.34392 -0.0749735   0.15098 0.0347074 -0.162214 -0.00657066  -0.0196662   0.0472426 -0.0129698 -0.0153465 -0.0102497   0.0234032 -0.00356255  -0.0059569 0.0407506 0.0344694  0.014106 -0.0557354 -0.0119783   -9.80883 
               147.1 -0.102647   17.9594   99.3931    26.5407    -5.3395 -0.0733465   0.15094 0.0343202 -0.162347 -0.00656773    -0.01967   0.0472446   -0.012984  -0.0037506 -0.00383637   0.0233611 -0.00357312 -0.00590706 0.0405514  0.034546 0.0138335  -0.055754 -0.0119352   -9.80883 
               147.2 -0.106687   17.9421   99.4949    26.5456   -5.34242 -0.0729535  0.151177 0.0343325  -0.16322 -0.00657436  -0.0196708   0.0472426 -0.00143633  -0.0106451 -0.00150804   0.0233783 -0.00356965 -0.00595539 0.0407779 0.0348383 0.0138359 -0.0557054  -0.011936   -9.80883 
               147.3 -0.0888966    17.9532     99.496    26.5471   -5.34305 -0.0715655  0.151233 0.0341571 -0.163459 -0.00657541  -0.0196719   0.0472425 0.00140041 -0.0100423 0.00208679   0.0233657 -0.00358063 -0.00594945 0.0408395 0.0349238 0.0137306 -0.0556968 -0.0119289   -9.80883 
               147.4 -0.103946   17.9584   99.5746   26.5465  -5.34391 -0.074598  0.151195 0.0345473 -0.163359 -0.00657454  -0.0196717   0.0472427 -0.000948041  -0.00954801  -0.00582817    0.023384 -0.00359582 -0.00598797 0.0406809 0.0348862 0.0139411 -0.0557015 -0.0119298   -9.80883 
               147.5 -0.121934   17.9075   99.4606    26.5451   -5.34118 -0.0739843  0.151118 0.0343417 -0.163232 -0.00657094  -0.0196725   0.0472426 -0.00423335 -0.00274647 -0.00318882   0.0233729 -0.00358437 -0.00592732 0.0405261 0.0348598 0.0138001 -0.0557217 -0.0119075   -9.80883 
               147.6 -0.130776   17.8478    99.531    26.5478   -5.33938 -0.0746819    0.1512 0.0344059  -0.16373 -0.00657115  -0.0196759   0.0472411  0.00130538 0.000356478 -0.00403665   0.0233874 -0.00357453 -0.00596358  0.040428 0.0350405 0.0137995 -0.0557082 -0.0118848   -9.80883 
               147.7 -0.133521   17.8133   99.4725    26.5525   -5.33858 -0.0727496  0.151348 0.0341925 -0.164411 -0.00657117  -0.0196796   0.0472408 0.00995209 0.00171702 0.00175813   0.0233775 -0.00358237 -0.00592967 0.0405313 0.0352875 0.0136446 -0.0556812 -0.0118673   -9.80883 
               147.8 -0.044479   17.7406   99.5888   26.5494  -5.34187 -0.069767  0.151271 0.0338757 -0.163789 -0.00656997  -0.0196731   0.0472412  0.00309166 -0.00507074  0.00868966   0.0233443 -0.00357285 -0.00598926  0.040792 0.0350424 0.0135022 -0.0556969 -0.0119022   -9.80883 
               147.9 -0.096557   17.6875   99.4594    26.5479    -5.3456 -0.0702232  0.151257 0.0340227 -0.163531  -0.006573 -0.0196715   0.047242 -0.00166798  -0.0108629  0.00557501   0.0233513 -0.00357114 -0.00592447 0.0408947 0.0349206 0.0136386 -0.0556974 -0.0119288   -9.80883 
                 148 -0.119768   17.6667   99.5235     26.546   -5.34319 -0.0727575  0.151166 0.0342054  -0.16338 -0.00656971  -0.0196711   0.0472426 -0.00685362  -0.0027945 -0.00192901    0.023378 -0.00357282 -0.00597371 0.0405732 0.0348677 0.0137899 -0.0557194 -0.0119086   -9.80883 
               148.1 -0.091911   17.6671   99.4294    26.5548   -5.34774 -0.0714863  0.151394 0.0342938 -0.164286 -0.00657399  -0.0196777   0.0472403  0.0112941 -0.0105957 0.00219969    0.023353 -0.00359292 -0.00594713 0.0409402 0.0353009 0.0137789 -0.0556469 -0.0119137   -9.80883 
               148.2 -0.215058   17.6356   99.5178    26.5518   -5.34999 -0.0777637  0.151342 0.0346097 -0.163965 -0.00657199  -0.0196697   0.0472437 -0.000274355   -0.0119073   -0.0139772   0.0234246 -0.00358436 -0.00596118 0.0407599 0.0350849 0.0142451 -0.0556671 -0.0119325   -9.80883 
               148.3 -0.115272   17.6716   99.6026    26.5433   -5.34887 -0.0771476  0.151251 0.0343708 -0.163391 -0.00656701  -0.0196658   0.0472463  -0.0160542 -0.00663905 -0.00955727   0.0233536 -0.00358802  -0.0059098 0.0406222 0.0346818 0.0140505 -0.0557272 -0.0119392   -9.80883 
               148.4 -0.166133   17.6376   99.8352    26.5446   -5.34834 -0.0769978   0.15125 0.0343618 -0.163558 -0.00656993  -0.0196691   0.0472452  -0.0119569 -0.00369891 -0.00702727   0.0233979 -0.00358672  -0.0059609 0.0406189 0.0348487 0.0139581 -0.0557121 -0.0119231   -9.80883 
               148.5 -0.103196   17.5374    99.705    26.5439   -5.35223 -0.0730325  0.151325 0.0342771  -0.16357 -0.00657078  -0.0196665   0.0472466 -0.0104969  -0.012236 0.00443919   0.0233437 -0.00356695 -0.00590506 0.0409388 0.0348425 0.0136812 -0.0556982 -0.0119459   -9.80883 
               148.6 -0.10179  17.4743  99.7466    26.5422   -5.35273 -0.0698595   0.15133 0.0341922 -0.163542 -0.0065688 -0.0196659   0.047247  -0.011679 -0.0096872   0.011263   0.0233525 -0.00357345 -0.00594347  0.040972 0.0348205 0.0134761 -0.0557044 -0.0119434   -9.80883 
               148.7 -0.0896725    17.4218    99.8985    26.5421   -5.34823 -0.0683479  0.151246 0.0341334 -0.163565 -0.0065657 -0.0196701  0.0472465 -0.00986217  0.00325155   0.0121013   0.0233633 -0.00357262 -0.00600358 0.0407103 0.0349339 0.0133673 -0.0557143 -0.0119046   -9.80883 
               148.8 -0.0971079    17.4482    100.049    26.5428     -5.343 -0.0679781  0.151146 0.0340995 -0.163581 -0.00656418  -0.0196756   0.0472485 -0.00737979   0.0116286  0.00999214   0.0233646 -0.00356567 -0.00599419 0.0404386 0.0350709 0.0133532 -0.0557199  -0.011866   -9.80883 
               148.9 -0.108401   17.4643   100.297    26.5388   -5.34036 -0.0685012  0.151146 0.0340363 -0.163558 -0.00655979  -0.0196756   0.0472511 -0.0159434  0.0180645 0.00610715    0.023375 -0.00357272 -0.00600434 0.0403066 0.0349222 0.0134339 -0.0557436 -0.0118657   -9.80883 
                 149 -0.121289   17.4579   100.263    26.5445   -5.33842 -0.0717428  0.151046 0.0341225 -0.163561 -0.00656152  -0.0196793    0.047249 -0.00371011   0.0230372 -0.00344506    0.023375 -0.00357746 -0.00599259 0.0403007 0.0352881 0.0137271 -0.0556986 -0.0118462   -9.80883 
               149.1 -0.161651   17.4876   99.9561    26.5503    -5.3389 -0.0719434  0.150993 0.0342442 -0.163515 -0.00655868  -0.0196874   0.0472457  0.00538875   0.0183549 -0.00269019   0.0233827 -0.00356354 -0.00596224 0.0405073  0.035579 0.0137736 -0.0556519 -0.0118465   -9.80883 
               149.2 -0.173678   17.5418   99.6683     26.55   -5.3396 -0.074696  0.15105 0.034205 -0.16358 -0.00656102  -0.0196901   0.0472432 0.00356641  0.0158068 -0.0088709   0.0233736 -0.00357645 -0.00593015 0.0405938 0.0354935 0.0139929 -0.0556496 -0.0118667   -9.80883 
               149.3 -0.168063    17.625   99.6171    26.5485   -5.34246 -0.0747593  0.151164 0.0342702 -0.163694 -0.00656593  -0.0196935    0.047237 0.000527254  0.00827908 -0.00694956   0.0233812 -0.00358639 -0.00597458  0.040837 0.0353494 0.0139979 -0.0556452 -0.0119022   -9.80883 
               149.4 -0.145571   17.6706   99.5293   26.5518  -5.34732 -0.074938   0.15119  0.034397 -0.163645 -0.00656764  -0.0196995   0.0472313   0.00595393 -0.000699097  -0.00575461   0.0233661  -0.0035904 -0.00597537 0.0411904 0.0354634 0.0140586 -0.0556056 -0.0119307   -9.80884 
               149.5 -0.210565   17.6281   99.5331    26.5508    -5.3437 -0.0766594  0.151149 0.0343166 -0.163665 -0.00656553  -0.0196988   0.0472319 -0.00088565  0.00969272 -0.00833571   0.0233988  -0.0035694 -0.00596458 0.0409639 0.0354279 0.0140825 -0.0556254  -0.011911   -9.80884 
               149.6 -0.17301  17.6473  99.6041    26.5624   -5.34386 -0.0767256  0.150964 0.0344862  -0.16334 -0.0065713 -0.0197043  0.0472312   0.0199531  0.00982955 -0.00614959   0.0233824  -0.0035754 -0.00597807 0.0411635 0.0360136 0.0140738 -0.0555513 -0.0118879   -9.80884 
               149.7 -0.172201   17.6928   99.5298    26.5659   -5.34739 -0.0742792  0.151044 0.0345909 -0.163298 -0.00657461  -0.0197019     0.04723  0.0220267 0.00264959 0.00126486   0.0233734 -0.00357923 -0.00595119 0.0414963 0.0360501 0.0139302 -0.0555272 -0.0119151   -9.80884 
               149.8 -0.149401   17.6902   99.5299    26.5622   -5.34633 -0.0728388  0.151143 0.0345214 -0.163413 -0.0065708 -0.0196987  0.0472299  0.0103628 0.00522182 0.00402305   0.0233684 -0.00354862  -0.0059785 0.0414293 0.0357619 0.0138114 -0.0555643  -0.011926   -9.80884 
               149.9 -0.124888   17.7836   99.4626    26.5569   -5.34769 -0.0698554  0.151287 0.0344676 -0.163483 -0.00656981  -0.0196933    0.047228 -0.00215484  0.00280565  0.00999459   0.0233493 -0.00357443 -0.00596096 0.0415393 0.0354284 0.0136436 -0.0555948 -0.0119557   -9.80884 
                 150 -0.123188   17.8926   99.4502    26.5552    -5.3483 -0.0711315  0.151292 0.0344856  -0.16349 -0.00656813  -0.0196921   0.0472278 -0.00584923  0.00162364  0.00430938   0.0233455 -0.00360554 -0.00594582 0.0415209 0.0353405 0.0138183 -0.0556004 -0.0119655   -9.80884 
               150.1 -0.165312   17.8546   99.5687    26.5531   -5.34785 -0.0730508  0.151274 0.0345268 -0.163478 -0.00656713  -0.0196912   0.0472282  -0.0112494  0.00490291 -0.00141587   0.0233747 -0.00356535 -0.00595616 0.0414258 0.0352675 0.0139768 -0.0556095 -0.0119669   -9.80884 
               150.2 -0.163058   17.8808   99.7906    26.5472   -5.34619 -0.0748254  0.151252 0.0345258 -0.163348 -0.00656049  -0.0196912   0.0472304  -0.0219362   0.0082485 -0.00562248   0.0233791 -0.00357411   -0.005964 0.0412686 0.0350309 0.0140603 -0.0556413 -0.0119714   -9.80883 
               150.3 -0.165074   17.9133   99.7269    26.5443   -5.34917 -0.0745374  0.151299 0.0345064 -0.163287  -0.006562 -0.0196877  0.0472308  -0.0240741 -0.00240497 -0.00329684   0.0233637 -0.00356956   -0.005907 0.0414858 0.0349567 0.0140572 -0.0556348 -0.0119967   -9.80883 
               150.4 -0.12726  17.9204  99.9883    26.5366   -5.34627 -0.0746845  0.151228 0.0344058 -0.163014 -0.00655408  -0.0196895   0.0472317  -0.0351108  0.00562437 -0.00317167   0.0233694 -0.00357944 -0.00598047 0.0412841 0.0347207 0.0139841 -0.0556743 -0.0119907   -9.80883 
             150.501 -0.101419   17.9823   100.204    26.5401    -5.3481 -0.0745423  0.151348  0.034478 -0.163525 -0.00656468  -0.0196889   0.0472294  -0.0229057  0.00159291 -0.00182374   0.0233685 -0.00360445  -0.0060059  0.041504 0.0350669 0.0140084 -0.0556243 -0.0119885   -9.80883 
               150.6 -0.157317    17.949   100.087    26.5342   -5.34673 -0.0763199  0.151269 0.0345664 -0.163222 -0.00656312  -0.0196865   0.0472298  -0.0328112  0.00416578 -0.00595617   0.0233898 -0.00357105 -0.00598098 0.0413367 0.0348973  0.014087 -0.0556488 -0.0119891   -9.80883 
               150.7 -0.118432   17.9572   99.7775    26.5374   -5.34316 -0.0756567  0.151383 0.0344792  -0.16393 -0.00655519  -0.0196882    0.047232  -0.0202752   0.0100553 -0.00305533    0.023361 -0.00359328  -0.0059669 0.0412837 0.0352601 0.0139683 -0.0556217 -0.0119537   -9.80884 
               150.8 -0.121367   17.9533   99.7138    26.5409   -5.33712 -0.0739481  0.151477 0.0342801 -0.164616 -0.00654646  -0.0196882   0.0472332 -0.00913171   0.0193511  0.00167878   0.0233739  -0.0035784 -0.00600577 0.0411536 0.0355993 0.0137654 -0.0556056 -0.0119086   -9.80884 
               150.9 -0.139746   17.9294   99.5977    26.5461   -5.33376 -0.0728751  0.151627 0.0342322 -0.165384 -0.00654075  -0.0196919   0.0472339 0.00231857  0.0210223 0.00393825   0.0233656 -0.00356413 -0.00595097 0.0411691 0.0359331 0.0136952 -0.0555753 -0.0118834   -9.80884 
                 151 -0.124735    17.914   99.6105   26.5461  -5.33059 -0.073516  0.151611 0.0343367 -0.165376 -0.00654009  -0.0196916   0.0472337 0.000541012   0.0238035  0.00157946   0.0233708 -0.00357337 -0.00599129 0.0410668 0.0359353 0.0137475 -0.0555793 -0.0118773   -9.80884 
             151.101 -0.0935299    17.8991    99.4856   26.5454  -5.33444 -0.071685  0.151645 0.0342048 -0.165201 -0.00654505  -0.0196927    0.047234 -0.000788481   0.00948708      0.00579   0.0233493 -0.00356941 -0.00598092 0.0414562 0.0358362 0.0137342  -0.055565 -0.0119166   -9.80884 
               151.2 -0.142947   17.9325   99.4932    26.5435   -5.33441 -0.0731312  0.151597 0.0344169 -0.164956 -0.00654497  -0.0196909   0.0472344 -0.00601017  0.00630671 0.000948514   0.0233771 -0.00357154 -0.00598089 0.0413979 0.0357361 0.0138773 -0.0555724 -0.0119261   -9.80884 
               151.3 -0.158167     17.94   99.3823    26.5446   -5.33468 -0.0758123  0.151655 0.0347528 -0.165188 -0.00654483  -0.0196915   0.0472339 -0.00459299  0.00439379 -0.00580822    0.023357 -0.00357227 -0.00589557 0.0413459 0.0358168 0.0140783 -0.0555594 -0.0119273   -9.80884 
             151.401 -0.122281   17.9033    99.566    26.5436   -5.33712 -0.0725151  0.151674 0.0343499 -0.165055 -0.00654588   -0.019687   0.0472342  -0.0059376 -0.00317701  0.00371268   0.0233649 -0.00355862 -0.00598459 0.0416535 0.0357596  0.013867  -0.055555 -0.0119462   -9.80884 
               151.5 -0.109317   17.9563   99.5045    26.5392   -5.33037 -0.0743392  0.151495 0.0344697 -0.164659 -0.00653981  -0.0196906   0.0472385  -0.0140731   0.0121727 -0.00218314   0.0233498 -0.00359596 -0.00596191 0.0411464 0.0356408 0.0138882 -0.0555964 -0.0119114   -9.80884 
               151.6 -0.141775   17.8515   99.5267    26.5421    -5.3326 -0.0730743   0.15166 0.0343941 -0.165183 -0.00654401  -0.0196904   0.0472389 -0.00673195   0.0035076  0.00157965   0.0233707 -0.00355092 -0.00597326 0.0414268  0.035827 0.0138538  -0.055563 -0.0119218   -9.80884 
               151.7 -0.128345   17.9401   99.5146    26.5454   -5.33279 -0.0766511  0.151779  0.034845 -0.165717 -0.00654501  -0.0196924   0.0472381 -5.80805e-05   0.00434634  -0.00730237   0.0233575 -0.00361822  -0.0059613 0.0413469 0.0360264 0.0141225  -0.055538 -0.0119165   -9.80884 
               151.8 -0.152145   17.8183   99.5324    26.5472   -5.33739 -0.0761513  0.151883 0.0347937 -0.165894 -0.00654893  -0.0196904   0.0472401  0.00258526 -0.00705953 -0.00429904   0.0233717 -0.00357208 -0.00597084  0.041682 0.0360744 0.0141247 -0.0555134 -0.0119425   -9.80884 
               151.9 -0.114391   17.8416   99.5019     26.551   -5.33998 -0.0760268  0.151999 0.0348036 -0.166309 -0.00655158  -0.0196916   0.0472399  0.00847889 -0.00934358 -0.00272237   0.0233435 -0.00360505 -0.00595584 0.0418411  0.036238 0.0141268 -0.0554882  -0.011946   -9.80884 
                 152 -0.131318   17.7329    99.523    26.5463   -5.34565 -0.0733088  0.151917 0.0345244 -0.165637 -0.00655125  -0.0196863   0.0472433 -0.00330466  -0.0191605  0.00464901   0.0233554 -0.00357406 -0.00597152 0.0421572 0.0359156 0.0139853 -0.0555053 -0.0119866   -9.80884 
               152.1 -0.140563   17.6731   99.4896    26.5463   -5.34373 -0.0747036  0.151879 0.0346306 -0.165702 -0.00654914  -0.0196875   0.0472413 -0.00408456  -0.0119267 8.97006e-06   0.0233553 -0.00355879 -0.00595883 0.0418856 0.0359678 0.0140514 -0.0555143 -0.0119629   -9.80884 
               152.2 -0.187326   17.6606    99.538    26.5432   -5.34674 -0.0760164  0.151851  0.034706 -0.165453 -0.00654946  -0.0196846   0.0472423  -0.0111804  -0.0141034 -0.00336343   0.0233855 -0.00356116 -0.00598051 0.0419228 0.0358168 0.0141664 -0.0555227 -0.0119805   -9.80884 
               152.3 -0.144542   17.6853   99.4825    26.5447   -5.34115 -0.0746478  0.151821 0.0345717 -0.165693 -0.0065471 -0.0196873  0.0472453 -0.00714311  0.00182399 0.000381505   0.0233403 -0.00357069  -0.0059207 0.0416385 0.0360191 0.0139449 -0.0555275 -0.0119342   -9.80884 
             152.401 -0.164908   17.7505   99.7586    26.5443   -5.34195 -0.0757614  0.151832 0.0346334 -0.165721 -0.00654679  -0.0196864   0.0472445 -0.00813989 0.000430411 -0.00238005   0.0233724 -0.00358974 -0.00598428 0.0416582 0.0360303 0.0140427 -0.0555225 -0.0119388   -9.80884 
               152.5 -0.151722   17.7062   99.7949     26.541   -5.34072 -0.0744721  0.151806 0.0345365 -0.165585 -0.00654502  -0.0196861   0.0472456  -0.0139816  0.00309411 0.000875468   0.0233508 -0.00357399 -0.00593798  0.041616 0.0359185 0.0139112 -0.0555393 -0.0119374   -9.80884 
               152.6 -0.139175   17.7067   99.8361    26.5534   -5.34211 -0.0749137   0.15189 0.0347319 -0.166251 -0.00655319   -0.019692   0.0472431   0.0118755 0.000812414 0.000163049   0.0233552 -0.00360369  -0.0059754  0.041822 0.0366044 0.0140052 -0.0554597 -0.0119158   -9.80884 
               152.7 -0.154858   17.6361   99.8011    26.5532   -5.34092 -0.0752764   0.15187 0.0347183 -0.166198 -0.00655233  -0.0196914    0.047243  0.00835744  0.00345319 -0.00075906   0.0233643 -0.00359797 -0.00598068 0.0417394 0.0365498 0.0140121 -0.0554697 -0.0119123   -9.80884 
               152.8 -0.130485    17.522   99.7947    26.5532   -5.34168 -0.0726944  0.151897 0.0346422 -0.166162 -0.00655109  -0.0196907   0.0472444   0.00608335 -0.000140195   0.00580289   0.0233424 -0.00356128  -0.0059607 0.0418625 0.0364976 0.0138371 -0.0554716 -0.0119207   -9.80884 
               152.9 -0.102591   17.5066   99.8172    26.5548   -5.34118 -0.0696869  0.151907 0.0345898 -0.166193 -0.00655029  -0.0196908   0.0472449 0.00749795 0.00244139   0.011759   0.0233232 -0.00358126 -0.00595087 0.0419202 0.0365587 0.0136593 -0.0554671 -0.0119164   -9.80884 
                 153 -0.153591   17.4604    99.853    26.5478   -5.34496 -0.0701602  0.151973 0.0345809 -0.166019 -0.00655259  -0.0196853   0.0472467 -0.00936472 -0.00512367  0.00751703   0.0233474 -0.00356284 -0.00594534 0.0420255 0.0361213 0.0138237 -0.0554963 -0.0119585   -9.80884 
               153.1 -0.109428   17.5376   99.9866    26.5575    -5.3463 -0.0683623  0.151919 0.0347053 -0.166154 -0.00655929  -0.0196901   0.0472444   0.0109459 -0.00896013   0.0104208   0.0233232 -0.00357806 -0.00594047 0.0421925 0.0366612 0.0137829  -0.055437 -0.0119375   -9.80884 
               153.2 -0.138051   17.5098   100.157    26.5587   -5.34504 -0.0690911   0.15188 0.0346831  -0.16615 -0.00655792  -0.0196924   0.0472457   0.0098845 -0.00498738  0.00588391   0.0233344 -0.00356087 -0.00592103 0.0420301 0.0366891 0.0138756  -0.055443 -0.0119236   -9.80884 
               153.3 -0.112106   17.4614   100.231    26.5551   -5.34474 -0.0692212   0.15191  0.034628 -0.166126 -0.00655479  -0.0196907   0.0472465 0.000388837  8.6169e-05  0.00391297   0.0233283 -0.00357783 -0.00595657 0.0419368 0.0364607 0.0139077 -0.0554691 -0.0119311   -9.80884 
               153.4 -0.125226   17.3882   100.105  26.5465   -5.344 -0.07009  0.151988  0.034533 -0.166117 -0.00655515  -0.0196853   0.0472463  -0.0178799  0.00633595 0.000401333   0.0233267 -0.00356951 -0.00594238 0.0417992 0.0360273 0.0139729 -0.0555155  -0.011949   -9.80884 
               153.5 -0.14406  17.4063  99.9545    26.5435   -5.34574 -0.0685469  0.152037 0.0345743 -0.166155 -0.00655733  -0.0196865   0.0472457   -0.0215932 -0.000497134   0.00425823   0.0233355 -0.00354736 -0.00595801 0.0419345 0.0359446  0.013895 -0.0555152 -0.0119646   -9.80884 
               153.6 -0.145238   17.5019   99.7465   26.5397  -5.34946 -0.069229  0.152114 0.0345767  -0.16624 -0.00656011  -0.0196895   0.0472414  -0.0246488 -0.00472668  0.00137834   0.0233314 -0.00357309 -0.00595756 0.0421088 0.0358151 0.0140306 -0.0555125 -0.0119908   -9.80884 
               153.7 -0.104355   17.5302     99.61   26.5438  -5.35043 -0.066638  0.152012 0.0347318 -0.166045 -0.00655711  -0.0196942    0.047242  -0.0113579 -0.00530754  0.00722786   0.0233055 -0.00355222 -0.00594792 0.0422455 0.0361455 0.0138723  -0.055477 -0.0119785   -9.80884 
               153.8 -0.129242   17.5543   99.5169    26.5453   -5.35039 -0.0675207   0.15194 0.0346991 -0.165948 -0.00655479  -0.0196957   0.0472427 -0.00764536 -0.00376314  0.00323155   0.0233207 -0.00354444 -0.00596323  0.042215 0.0362913 0.0139875 -0.0554644 -0.0119683   -9.80884 
               153.9 -0.152306   17.5825   99.5273    26.5405   -5.34735 -0.0717433  0.151936 0.0344947 -0.166078 -0.00655211  -0.0196937    0.047246  -0.0178848  0.00662094 -0.00806893    0.023336 -0.00355902 -0.00597045 0.0419169 0.0361128 0.0142578 -0.0554948 -0.0119584   -9.80884 
                 154 -0.154714   17.6012   99.6136    26.5411   -5.34834 -0.0722739  0.151917 0.0345455    -0.166 -0.00655417  -0.0196931   0.0472445  -0.0143263  0.00588557 -0.00736045   0.0233417 -0.00356718 -0.00597962 0.0420477 0.0362219 0.0142747 -0.0554766 -0.0119633   -9.80884 
               154.1 -0.14163  17.6724  99.6026    26.5398   -5.34801 -0.0726777  0.151925 0.0345583 -0.165995 -0.00655451  -0.0196927   0.0472441  -0.0144737  0.00870096 -0.00671695   0.0233307 -0.00359095 -0.00597201 0.0420824 0.0362246 0.0142597 -0.0554745 -0.0119659   -9.80884 
               154.2 -0.197862   17.6728   99.4857     26.544   -5.34772 -0.0758366  0.151803  0.034582 -0.165831 -0.0065565 -0.0196948  0.0472417 -0.00515214  0.00959459  -0.0125796   0.0233496 -0.00356782 -0.00593676 0.0421227 0.0365202 0.0144635 -0.0554422 -0.0119554   -9.80884 
               154.3 -0.172989   17.7449   99.4675    26.5426   -5.34895 -0.0753563   0.15186 0.0346165  -0.16585 -0.0065575 -0.0196931  0.0472406 -0.00832182    0.007051 -0.00832029   0.0233378 -0.00358207 -0.00594332 0.0422758 0.0364571 0.0143714 -0.0554402 -0.0119704   -9.80884 
               154.4 -0.171707    17.794   99.4155    26.5531   -5.34729 -0.0765914  0.151686  0.034719 -0.165661 -0.00656089  -0.0196994   0.0472395   0.0125668  0.00925286 -0.00891354    0.023329 -0.00358198 -0.00591812 0.0423289 0.0370658 0.0144115 -0.0553831 -0.0119392   -9.80884 
               154.5 -0.179238   17.8105   99.5299   26.5516  -5.34803 -0.075169  0.151759   0.03469 -0.165669 -0.00655946  -0.0196966   0.0472401  0.00653997  0.00430214 -0.00343239   0.0233488 -0.00356992 -0.00596403 0.0424484 0.0369122 0.0142633  -0.055393 -0.0119547   -9.80884 
               154.6 -0.158415   17.8446   99.5945    26.5573   -5.34631 -0.0739731  0.151729 0.0346992  -0.16571 -0.00656308  -0.0196995   0.0472396   0.0147315   0.0101646 0.000329732   0.0233327 -0.00357924  -0.0059431  0.042481 0.0371964 0.0141492  -0.055369 -0.0119373   -9.80884 
               154.7 -0.130944   17.8489   99.7784    26.5566   -5.34432 -0.0715075  0.151747 0.0345797 -0.165663 -0.00655953  -0.0196993     0.04724 0.00967644   0.012466 0.00632499   0.0233171 -0.00357151 -0.00593729 0.0424791 0.0370943 0.0139589 -0.0553832  -0.011937   -9.80884 
               154.8 -0.148768   17.8943   99.8309    26.5598   -5.34434 -0.0714189  0.151757 0.0346361 -0.165734 -0.00656206  -0.0196991   0.0472394  0.0139471 0.00695402 0.00510375   0.0233281 -0.00357093 -0.00594432 0.0425459  0.037198 0.0140198 -0.0553687 -0.0119385   -9.80884 
               154.9 -0.130379   17.8834   99.8039    26.5628   -5.34243 -0.0713942  0.151753 0.0346704  -0.16583 -0.00656226  -0.0197004   0.0472392  0.0169773  0.0110829 0.00364893   0.0233036 -0.00356296 -0.00589603 0.0424838 0.0372921 0.0140388 -0.0553634 -0.0119288   -9.80884 
                 155 -0.109188   17.8618   100.081   26.5679  -5.33699 -0.070773  0.151755 0.0346504 -0.166117 -0.00656339  -0.0197067   0.0472372   0.022921  0.0209334 0.00414462   0.0233094 -0.00354752 -0.00593446 0.0422928 0.0375186 0.0139611 -0.0553568 -0.0118973   -9.80884 
               155.1 -0.0964671    17.9296     100.08    26.5664   -5.33819 -0.0691912  0.151732 0.0345524 -0.165776 -0.00656313  -0.0197032   0.0472368  0.0156083  0.0115526 0.00699516   0.0233011 -0.00355817 -0.00593087 0.0424681 0.0372883 0.0139238  -0.055368 -0.0119229   -9.80884 
               155.2 -0.130284   17.9572   99.8866    26.5599   -5.34378 -0.0710847  0.151614 0.0347589 -0.164957 -0.00657009  -0.0197007   0.0472359 -0.00162601 -0.00173276 0.000696006   0.0233117 -0.00355982 -0.00590968 0.0426497 0.0367958 0.0141846 -0.0553906 -0.0119765   -9.80884 
               155.3 -0.118898   17.9335   99.5779   26.5632   -5.3492 -0.074163  0.151695 0.0351298 -0.165244 -0.00657165  -0.0197113   0.0472367 0.00456619 -0.0129587 -0.0067929   0.0232907 -0.00357528 -0.00587323 0.0428492 0.0369135 0.0144877 -0.0553592 -0.0119973   -9.80884 
               155.4 -0.167078   17.9232   99.6411   26.5559  -5.34305 -0.076588  0.151457 0.0351706 -0.164507 -0.00656967  -0.0197015   0.0472365 -0.0127293 0.00293782 -0.0114852   0.0233397 -0.00356077  -0.0059492 0.0422869 0.0365906 0.0144619 -0.0554179 -0.0119733   -9.80884 
               155.5 -0.11989  18.0095  99.6703    26.5552   -5.34498 -0.0759586  0.151495 0.0350174 -0.164533 -0.00657157  -0.0197015   0.0472349   -0.012182 -0.00194246  -0.0072186   0.0233165 -0.00358632 -0.00595517 0.0424913 0.0365996 0.0143809 -0.0554088 -0.0119844   -9.80884 
               155.6 -0.158927   18.0197   99.6579    26.5489   -5.34053 -0.0758683  0.151327 0.0348441 -0.164002 -0.00656889  -0.0196999   0.0472376  -0.0237533   0.0070064 -0.00576679   0.0233371 -0.00357901 -0.00595545 0.0422126 0.0363862 0.0142363 -0.0554468 -0.0119694   -9.80884 
               155.7 -0.121699   17.9755   99.4948    26.5495   -5.34411 -0.0725803  0.151456 0.0344984 -0.164298 -0.00657052   -0.019702   0.0472392  -0.0177715 -0.00180062  0.00379653   0.0233025 -0.00356203 -0.00591638 0.0426371 0.0364992 0.0140578 -0.0554214 -0.0119861   -9.80884 
               155.8 -0.122058    17.949   99.4707   26.5496  -5.33806 -0.071645  0.151478 0.0344059 -0.164654 -0.00656612  -0.0197036   0.0472379 -0.0144755  0.0115432 0.00481848   0.0233229 -0.00356561 -0.00597809 0.0423369 0.0366639 0.0139238 -0.0554282 -0.0119485   -9.80884 
               155.9 -0.0914045    17.9965    99.4087    26.5437   -5.33572 -0.0706817  0.151331 0.0342982 -0.164093 -0.00656492  -0.0197012   0.0472376 -0.0230553  0.0130046 0.00599275   0.0232975 -0.00357761 -0.00595458 0.0422426 0.0364463 0.0138602 -0.0554534 -0.0119507   -9.80884 
                 156 -0.117282   17.9711   99.5713    26.5455    -5.3356 -0.0703829   0.15147 0.0343861 -0.164625 -0.00656854  -0.0197018   0.0472366  -0.015438 0.00869726 0.00539996   0.0233274 -0.00355098 -0.00600331 0.0423285 0.0366542  0.013908 -0.0554299 -0.0119479   -9.80884 
               156.1 -0.11161  17.9859  99.4696    26.5435   -5.33625 -0.0726118  0.151464 0.0347015 -0.164555 -0.00656903  -0.0197008   0.0472364  -0.0177588  0.00532703 -0.00139003   0.0232998 -0.00356856 -0.00593122 0.0422906 0.0366194 0.0141148 -0.0554276 -0.0119568   -9.80884 
               156.2 -0.124811   18.0039   99.5844    26.5435   -5.33166 -0.0727721  0.151493 0.0346905 -0.164864 -0.00656858  -0.0197056   0.0472367   -0.015825   0.0134876 -0.00141198   0.0233239 -0.00358585 -0.00598655 0.0420827 0.0367524 0.0140533 -0.0554291 -0.0119314   -9.80884 
               156.3 -0.143758   17.9216   99.4785    26.5417   -5.33097 -0.0745707  0.151483 0.0348803 -0.164816 -0.00656944  -0.0197049   0.0472367   -0.017384   0.0101646 -0.00551482   0.0233125 -0.00355066 -0.00592377 0.0420358 0.0367312 0.0141694 -0.0554291 -0.0119347   -9.80884 
               156.4 -0.107951    17.934   99.6311    26.5462   -5.33559 -0.0722064  0.151735 0.0346701 -0.165571 -0.0065769 -0.0197018  0.0472361 -0.00470497 -0.00326216  0.00189001   0.0233155 -0.00356913 -0.00599716 0.0425334     0.037 0.0140891 -0.0553848  -0.011953   -9.80884 
               156.5 -0.141569   17.9004   99.4828   26.5473   -5.3363 -0.074357  0.151786 0.0349512 -0.165791 -0.00657778  -0.0197022   0.0472357 -0.00257972 -0.00448894 -0.00366765   0.0233096  -0.0035705 -0.00592104 0.0424691 0.0370798 0.0142508 -0.0553758 -0.0119518   -9.80884 
               156.6 -0.111333   17.8756   99.6054    26.549  -5.34153 -0.073315  0.151885 0.0348616 -0.165977 -0.00658143  -0.0196998    0.047236   0.00152246   -0.0149514 -0.000137234   0.0233122 -0.00358163  -0.0059846 0.0428127 0.0371354  0.014242 -0.0553545 -0.0119734   -9.80884 
               156.7 -0.139134   17.7947   99.5621    26.5436   -5.33775 -0.0734128  0.151679 0.0347659 -0.165346 -0.00657615  -0.0196986   0.0472343  -0.0103917 -0.00448342 -0.00089943   0.0233179 -0.00356344 -0.00595705 0.0424594 0.0369047 0.0141464  -0.055394 -0.0119556   -9.80884 
               156.8 -0.12744  17.7635  99.5703    26.5487   -5.34447 -0.0746533  0.151897 0.0349967 -0.166021 -0.00658216  -0.0197001   0.0472351 0.000527333  -0.0175652 -0.00333958   0.0233123  -0.0035743 -0.00596244  0.042825 0.0371629 0.0143408 -0.0553485  -0.011977   -9.80884 
               156.9 -0.145216   17.7133   99.5795    26.5442   -5.34495 -0.0742006  0.151777 0.0348726 -0.165533 -0.0065801 -0.0196982  0.0472355 -0.00992593  -0.0142974 -0.00155729    0.023323  -0.0035746 -0.00597347 0.0427462 0.0369449 0.0142571 -0.0553727 -0.0119793   -9.80884 
                 157 -0.116981   17.6753   99.5524   26.5507  -5.34394 -0.071392  0.151935 0.0347174 -0.166306 -0.00658002  -0.0197021   0.0472362  0.00464062 -0.00868701  0.00563507   0.0233062 -0.00356838 -0.00597765 0.0427953  0.037365 0.0140321 -0.0553427 -0.0119525   -9.80884 
               157.1 -0.145861   17.6587   99.4976    26.5467   -5.34883 -0.0736002  0.151881 0.0348632 -0.165898 -0.00658167  -0.0196993   0.0472358 -0.00594506  -0.0150162 -0.00129941   0.0233132 -0.00356458  -0.0059536 0.0428878 0.0370847 0.0142806  -0.055354 -0.0119826   -9.80884 
               157.2 -0.136544   17.6881   99.5707    26.5495    -5.3524 -0.0731858  0.151944 0.0348976 -0.166117 -0.00658371  -0.0197002   0.0472336 -0.000113114   -0.0196246 -3.11369e-05   0.0233015  -0.0035791 -0.00593559 0.0430536 0.0372422 0.0142848 -0.0553326 -0.0119869   -9.80884 
               157.3 -0.146311   17.7182   99.8519    26.5533   -5.35025 -0.0743038  0.151928 0.0349335 -0.166343 -0.00658621  -0.0197073   0.0472354  0.00599062  -0.0107284 -0.00294428   0.0233194 -0.00357753 -0.00596438 0.0428355 0.0374852 0.0143059  -0.055324 -0.0119579   -9.80884 
             157.401 -0.161034   17.6751   99.9056    26.5466   -5.35071 -0.0749487  0.151888 0.0348589 -0.166038 -0.00658066  -0.0197049   0.0472384 -0.00914719 -0.00839965 -0.00425974   0.0233248 -0.00357755   -0.005963 0.0427299 0.0371087  0.014305 -0.0553598 -0.0119698   -9.80884 
               157.5 -0.174348   17.6039   99.8414    26.5445   -5.34518 -0.0762814  0.151816 0.0348114 -0.166014 -0.00657715   -0.019706    0.047238 -0.0124313 0.00506814 -0.0067213   0.0233312 -0.00357618 -0.00596502 0.0423439 0.0371182 0.0142623 -0.0553803 -0.0119391   -9.80884 
               157.6 -0.132583   17.5504   99.7775    26.5501    -5.3447 -0.0749491  0.151834 0.0348392  -0.16621 -0.00657584  -0.0197095   0.0472402 0.000569234  0.00617919 -0.00155321   0.0232984 -0.00358219 -0.00593924 0.0424674 0.0374804 0.0141373 -0.0553482 -0.0119257   -9.80884 
               157.7 -0.164029   17.4735   99.8585    26.5576   -5.34098 -0.0725505  0.151805  0.034849 -0.166363 -0.00657435  -0.0197141    0.047239  0.0141565   0.013624 0.00456532   0.0233215 -0.00356636 -0.00595629 0.0424401 0.0379205  0.013923 -0.0553198 -0.0118946   -9.80884 
               157.8 -0.138349   17.4501    99.971    26.5585   -5.34027 -0.0691965  0.151834 0.0348389 -0.166352 -0.00657401  -0.0197131   0.0472393  0.0126154 0.00899261  0.0116628   0.0233058 -0.00353997 -0.00594926 0.0425372 0.0378902 0.0137211 -0.0553208 -0.0118992   -9.80884 
               157.9 -0.07814  17.4824  100.275    26.5561   -5.34106 -0.0643929  0.151914 0.0348372  -0.16635 -0.0065716 -0.0197074  0.0472378 0.00604849  0.0043249   0.020161   0.0232865 -0.00353257 -0.00599106 0.0426786 0.0376773 0.0134735 -0.0553341 -0.0119168   -9.80884 
                 158 -0.10297  17.4235  100.354    26.5532   -5.34217 -0.0633969  0.151962 0.0348116 -0.166375 -0.00656939  -0.0197046   0.0472381 -0.00191611  0.00229828   0.0178656   0.0233014 -0.00353015 -0.00599712 0.0427078 0.0374755 0.0135665 -0.0553465 -0.0119321   -9.80884 
               158.1 -0.108808   17.3791   100.193    26.5521   -5.34276 -0.0649102  0.151964 0.0347878 -0.166389 -0.00657034  -0.0197038   0.0472378 -0.00541601  0.00508647  0.00981036   0.0232881  -0.0035416 -0.00595222 0.0426835 0.0374154 0.0138216 -0.0553479 -0.0119386   -9.80884 
               158.2 -0.116561   17.3954   99.9393    26.5502   -5.34289 -0.0646747  0.151989 0.0347677  -0.16642 -0.00657178  -0.0197033   0.0472374 -0.00693488  0.00211042  0.00771351   0.0232711 -0.00353542 -0.00590381 0.0426866 0.0373332 0.0138814  -0.055353 -0.0119445   -9.80884 
             158.301 -0.124064   17.4891   99.8091    26.5546   -5.34294 -0.0680054   0.15188  0.034675 -0.166288 -0.00656415  -0.0197063   0.0472382  0.00258061   0.0043019 -0.00246108   0.0232927 -0.00354648 -0.00597411 0.0426869 0.0375943 0.0142054 -0.0553292 -0.0119343   -9.80884 
               158.4 -0.136438   17.5824   99.6469   26.5494  -5.34453 -0.071249  0.151997 0.0345435 -0.166507 -0.00656678  -0.0197044   0.0472367 -0.0103134 0.00353405 -0.0100253   0.0232836 -0.00357373 -0.00593254 0.0426986 0.0372877 0.0144517 -0.0553482  -0.011956   -9.80884 
               158.5 -0.176082   17.5629   99.6471  26.5485 -5.34523 -0.07416  0.151992 0.0344862  -0.16651 -0.0065665 -0.0197044  0.0472361 -0.0122579 0.00141193 -0.0148072   0.0233211 -0.00354097 -0.00598625 0.0427212 0.0372898 0.0146088 -0.0553447 -0.0119597   -9.80884 
               158.6 -0.156614   17.6352   99.3476    26.5483   -5.34604 -0.0744522  0.151995 0.0345434  -0.16648 -0.0065668  -0.019706   0.047235 -0.0107024 0.00203376 -0.0121679   0.0232713  -0.0035689 -0.00586971 0.0428143 0.0373269 0.0145392 -0.0553377 -0.0119636   -9.80884 
               158.7 -0.124272   17.6265     99.53    26.5563   -5.34729 -0.0723158  0.151878 0.0347275 -0.166127 -0.00657053  -0.0197072    0.047235  0.00786664  0.00166496 -0.00390671   0.0232813 -0.00356077 -0.00595954 0.0430568 0.0377914 0.0143395 -0.0552926 -0.0119535   -9.80884 
               158.8 -0.15003  17.6529  99.5306    26.5544    -5.3504 -0.0746198  0.151943 0.0346875 -0.166233 -0.00657058  -0.0197036   0.0472347  0.00176767 -0.00210399 -0.00829676   0.0232927 -0.00356824 -0.00594858 0.0431761 0.0376146  0.014528 -0.0552966  -0.011975   -9.80884 
               158.9 -0.180548   17.6817   99.5734    26.5548    -5.3499 -0.0750563  0.151936 0.0346927 -0.166223 -0.0065705 -0.0197044  0.0472347  0.00118067 0.000512369 -0.00733585   0.0233189 -0.00355792 -0.00598243 0.0431509 0.0376369 0.0144908 -0.0552969 -0.0119713   -9.80884 
             158.998 -0.143327   17.8086   99.5443     26.558   -5.35207 -0.0743994  0.151928 0.0347614 -0.166113 -0.00657373  -0.0197034    0.047232  0.00593536 -0.00227315 -0.00403497   0.0232984 -0.00358934 -0.00598104 0.0433398 0.0377848 0.0144331  -0.055277 -0.0119767   -9.80884 
               159.1 -0.163129   17.8809   99.4268     26.551   -5.35078 -0.0744798  0.152019 0.0346854 -0.166256 -0.0065715 -0.0197005  0.0472345  -0.0106786  0.00258993 -0.00337197   0.0232896 -0.00359616 -0.00591799 0.0431963 0.0374019 0.0143682  -0.055314 -0.0119845   -9.80884 
               159.2 -0.182884   17.8227   99.5428     26.554   -5.35045 -0.0740075  0.151988 0.0347135 -0.166235 -0.00657401  -0.0197024   0.0472334 -0.00463927  0.00128141 -0.00169806   0.0233118 -0.00354175 -0.00594957 0.0432413 0.0376352  0.014315 -0.0552954 -0.0119748   -9.80884 
               159.3 -0.186448   17.8495   99.5544    26.5538   -5.35049 -0.0738981  0.151992 0.0347093 -0.166236 -0.00657429  -0.0197023   0.0472335  -0.0045649  0.00345418 -0.00144273   0.0232909 -0.00356004  -0.0058734 0.0432736 0.0376489 0.0142976 -0.0552932 -0.0119759   -9.80884 
               159.4 -0.182182   17.8551   99.8184    26.5574   -5.34816 -0.0743553  0.151973 0.0347473  -0.16636 -0.00657881  -0.0197066   0.0472314  0.00252292  0.00455475 -0.00131892   0.0233159 -0.00354076 -0.00594912  0.043188 0.0378937 0.0142996 -0.0552787 -0.0119578   -9.80884 
               159.5 -0.190642   17.8881   99.6757   26.5554  -5.34888 -0.074738  0.151969 0.0347506  -0.16626 -0.0065786 -0.0197052  0.0472317 -0.00407465  0.00340244 -0.00197214   0.0232887 -0.00354459  -0.0058484 0.0432197 0.0377664 0.0143306 -0.0552859 -0.0119672   -9.80884 
               159.6 -0.134802   17.9027   100.105    26.5559   -5.35022 -0.0734838  0.151999 0.0346749 -0.166283 -0.00658021  -0.0197016   0.0472319 -0.00262598 0.000309513  0.00177875   0.0232968 -0.00356118 -0.00595921 0.0433715  0.037791 0.0142573 -0.0552788  -0.011974   -9.80884 
               159.7 -0.140948   17.9304   100.052    26.5493   -5.34447 -0.0734839  0.151879  0.034593 -0.165921 -0.00657356  -0.0197026   0.0472324 -0.0154406 0.00986419 0.00114084   0.0232847 -0.00356203 -0.00591456 0.0429752 0.0375088 0.0141589 -0.0553209  -0.011958   -9.80884 
               159.8 -0.136738   17.9854   99.9441    26.5601    -5.3421 -0.0737991  0.152072  0.034721 -0.166977 -0.00657305  -0.0197089   0.0472342 0.00875439   0.014025 0.00106047   0.0232878 -0.00357776  -0.0059334 0.0430079 0.0381771 0.0142031 -0.0552695 -0.0119284   -9.80884 
               159.9 -0.123306   17.9152    99.581    26.5608   -5.33975 -0.0711794  0.152087 0.0344826 -0.166986 -0.00657095  -0.0197073   0.0472344 0.00938883  0.0141216 0.00681723   0.0232635 -0.00355323 -0.00588511 0.0430454  0.038189 0.0140132 -0.0552726 -0.0119234   -9.80884 
                 160 -0.0957201    17.9418    99.5857    26.5638   -5.33635 -0.0691311  0.152136 0.0343462  -0.16725  -0.006568 -0.0197067  0.0472353 0.0133177 0.0173754 0.0095199   0.0232595 -0.00355763 -0.00592014 0.0430124 0.0383252 0.0138918 -0.0552682   -0.01191   -9.80884 
               160.1 -0.0973212     17.935    99.5241    26.563  -5.33554 -0.067093  0.152091 0.0342288 -0.166971 -0.00656953  -0.0197058   0.0472349 0.00936832  0.0127752  0.0121851     0.02325 -0.00354552  -0.0058872 0.0430795 0.0381983 0.0138265 -0.0552762 -0.0119181   -9.80884 
               160.2 -0.129904   17.9212    99.553     26.562   -5.33879 -0.0694196  0.152027 0.0346083 -0.166657 -0.00657264  -0.0197041   0.0472356 0.00429906 0.00378951 0.00250073   0.0232801 -0.00354942 -0.00593318 0.0431687 0.0380468 0.0141268 -0.0552735 -0.0119429   -9.80884 
               160.3 -0.112864   17.8826   99.3795    26.5567   -5.33763 -0.0698908  0.151839 0.0346361 -0.165943 -0.0065739 -0.0197004   0.047235 -0.00832706  0.00467941  0.00150518   0.0232612 -0.00354557 -0.00590603  0.043029 0.0377434 0.0141465 -0.0553006 -0.0119494   -9.80884 
               160.4 -0.175312   17.9244   99.4341    26.5488   -5.33753 -0.0756377  0.151581 0.0351838 -0.165081 -0.00657173   -0.019695   0.0472391  -0.024539 0.00305006 -0.0127814    0.023307 -0.00356334  -0.0059454 0.0427323 0.0373614  0.014521 -0.0553298 -0.0119633   -9.80884 
               160.5 -0.12056  17.9842  99.4235     26.547   -5.34185 -0.0747046  0.151627 0.0350021 -0.165069 -0.00657452  -0.0196924   0.0472359  -0.0238458 -0.00632388 -0.00652741    0.023265 -0.00358713 -0.00590988 0.0430831 0.0373523 0.0144571 -0.0553168 -0.0119836   -9.80884 
               160.6 -0.145699   17.9924   99.5376    26.5488   -5.34134 -0.0753033  0.151754 0.0350301 -0.165635 -0.00657734   -0.019695   0.0472346  -0.0179775 -0.00444605 -0.00650875   0.0232972 -0.00359061 -0.00596861 0.0430669 0.0375939 0.0144454 -0.0553004 -0.0119709   -9.80884 
               160.7 -0.165266   17.9172   99.4188    26.5454   -5.34665 -0.0741164  0.151736 0.0348765 -0.165381 -0.0065788 -0.0196926  0.0472364 -0.0223987 -0.0166993 -0.0014571   0.0232925  -0.0035576 -0.00592376 0.0433792 0.0374678 0.0143986 -0.0552972 -0.0119949   -9.80884 
               160.8 -0.141833   17.9244   99.4858    26.5442   -5.34797 -0.0736712  0.151763 0.0348211 -0.165524 -0.00657919  -0.0196932   0.0472363   -0.020359  -0.0157607 -0.00126545   0.0232898 -0.00357231 -0.00595547 0.0433967  0.037529 0.0143529 -0.0552933 -0.0119914   -9.80884 
               160.9 -0.156718   17.9057    99.458    26.5462   -5.34193 -0.0730396  0.151814 0.0347093 -0.166082 -0.00657711  -0.0196985   0.0472352   -0.0137596  4.74342e-05 -0.000278159   0.0232887 -0.00357634 -0.00593375 0.0430547 0.0378098 0.0141833 -0.0552924 -0.0119502   -9.80884 
                 161 -0.141157   17.8459   99.5134    26.5484   -5.34044 -0.0727076  0.151903 0.0346936  -0.16652 -0.00657804  -0.0197008   0.0472346 -0.00808076  0.00209483 0.000702824   0.0232911 -0.00355834 -0.00596843 0.0430201 0.0380108 0.0141401 -0.0552808 -0.0119374   -9.80884 
               161.1 -0.160471   17.8085   99.4419     26.554   -5.33965 -0.0730842  0.152076  0.034787 -0.167241 -0.0065794 -0.0197038   0.047234   0.00196522   0.00223938 -0.000523986   0.0232882 -0.00355684 -0.00593447 0.0430291 0.0383484 0.0141767 -0.0552556 -0.0119244   -9.80884 
               161.2 -0.134285   17.8076   99.5901    26.5465   -5.33382 -0.0725078  0.151841 0.0346311 -0.166502 -0.00657232   -0.019705   0.0472348  -0.0121741   0.0143481 0.000544764   0.0232958 -0.00357162 -0.00600826  0.042676 0.0380051 0.0140217 -0.0552988 -0.0119116   -9.80884 
               161.3 -0.128494   17.7401   99.4019   26.5424  -5.33762 -0.071847  0.151805  0.034588 -0.166172 -0.00657529  -0.0197044   0.0472354  -0.0172863  0.00257977 0.000898065   0.0232606 -0.00355706 -0.00590982 0.0429604 0.0378028 0.0140573 -0.0552999 -0.0119396   -9.80884 
               161.4 -0.1014 17.6941 99.4928    26.5484   -5.33802 -0.0703426  0.151987  0.034565 -0.166845 -0.00657779  -0.0197072   0.0472368 -0.00178787  0.00125919  0.00480894    0.023261 -0.00355568 -0.00596141 0.0431182 0.0381978 0.0139933 -0.0552673 -0.0119303   -9.80884 
               161.5 -0.164855   17.6507   99.4099    26.5435    -5.3378 -0.0718289  0.151882 0.0346462 -0.166484 -0.00657804  -0.0197042   0.0472378 -0.0126177 0.00237454 0.00112695   0.0232793 -0.00354683 -0.00591456 0.0429997 0.0379518  0.014117 -0.0552864 -0.0119373   -9.80884 
               161.6 -0.0882752    17.6462    99.5556    26.5401   -5.34058 -0.0687082  0.151889  0.034504 -0.166284 -0.00657856  -0.0197004   0.0472366  -0.0163885 -0.00284087  0.00950061   0.0232549 -0.00355789 -0.00597119 0.0432484  0.037806 0.0139594 -0.0552891 -0.0119555   -9.80884 
               161.7 -0.117626   17.7189   99.6774    26.5323   -5.33672 -0.0701966  0.151783 0.0344916 -0.166011 -0.00657206  -0.0197022   0.0472437 -0.0296465 0.00546343 0.00274844   0.0232724 -0.00357866 -0.00597773 0.0428832 0.0375178 0.0140457 -0.0553237 -0.0119464   -9.80884 
               161.8 -0.125138   17.6722   99.8584    26.5295   -5.34075 -0.0699957  0.151822 0.0345456 -0.165978 -0.00657304  -0.0196966   0.0472418  -0.0313338 -0.00510974  0.00410117   0.0232802 -0.00353978 -0.00598487 0.0431311 0.0374816 0.0141315 -0.0553135 -0.0119668   -9.80884 
               161.9 -0.135819   17.6412   99.8448    26.5362   -5.33868 -0.0722186    0.1518 0.0346767 -0.166386 -0.00657632  -0.0197014   0.0472392    -0.01314 0.000517173 -0.00310699   0.0232792 -0.00354948 -0.00596777 0.0430089 0.0380239 0.0142953 -0.0552782 -0.0119379   -9.80884 
                 162 -0.108872   17.6045   99.8553    26.5438   -5.34399 -0.0708987  0.151847 0.0347961 -0.166669 -0.00658038   -0.019704   0.0472389  0.00552506  -0.0117908 0.000392294   0.0232771 -0.00356082  -0.0060035 0.0434367 0.0384481 0.0142801 -0.0552295 -0.0119463   -9.80884 
               162.1 -0.11898  17.5518  99.8204    26.5472   -5.34409 -0.0710235  0.151832 0.0348131 -0.166757 -0.00657965  -0.0197053   0.0472389    0.0114592  -0.00912977 -0.000725812   0.0232767 -0.00356056 -0.00598565 0.0434056 0.0386151 0.0142774 -0.0552196 -0.0119365   -9.80884 
               162.2 -0.149643   17.4504   99.9221    26.5495   -5.34575 -0.0701517  0.151841 0.0348154 -0.166782 -0.00657977  -0.0197059   0.0472393  0.0132747 -0.0105776 0.00119691   0.0233016  -0.0035316 -0.00601217 0.0434808 0.0386744 0.0142253 -0.0552131 -0.0119375   -9.80884 
               162.3 -0.136634   17.4683   99.8589   26.5506  -5.34507 -0.072135  0.151815 0.0348207 -0.166785 -0.00657887  -0.0197055   0.0472394   0.0111734 -0.00510427 -0.00337257   0.0232762 -0.00355602 -0.00595964 0.0433348 0.0386843 0.0143503 -0.0552171   -0.01193   -9.80884 
               162.4 -0.126189   17.5363   99.9772    26.5514   -5.34335 -0.0720876  0.151798 0.0348053  -0.16678 -0.00657856  -0.0197061   0.0472412    0.010092 -0.00183162 -0.00201258   0.0232727 -0.00357902   -0.005962 0.0432173 0.0386997 0.0142874 -0.0552226 -0.0119206   -9.80884 
               162.5 -0.146325   17.5704   100.256      26.55   -5.34417 -0.0742294  0.151816 0.0347668 -0.166804 -0.00657543  -0.0197048   0.0472422   0.0031094 -0.00394707 -0.00671377    0.023294 -0.00357373 -0.00599007   0.04319  0.038571 0.0144327 -0.0552306 -0.0119273   -9.80884 
               162.6 -0.131364   17.4996   100.188    26.5548   -5.35006 -0.0735601  0.151835 0.0348624 -0.166788 -0.00657865  -0.0197047   0.0472407   0.0119287  -0.0136757 -0.00331831   0.0232644 -0.00356376 -0.00592099 0.0435639 0.0387465 0.0144329 -0.0552008 -0.0119433   -9.80884 
               162.7 -0.160043   17.4587   100.225     26.548   -5.34616 -0.0732125  0.151872 0.0347675 -0.166845 -0.00657505  -0.0197025   0.0472419 -0.00653206  0.00158385 -0.00136371   0.0232969 -0.00358018 -0.00598473   0.04323 0.0383838 0.0142871 -0.0552431 -0.0119369   -9.80884 
               162.8 -0.138801   17.4507   100.057    26.5486   -5.34493 -0.0741288  0.151844 0.0347524 -0.166815 -0.00657409  -0.0197026   0.0472422  -0.0039431  0.00449943 -0.00360893    0.023271 -0.00357599 -0.00594868 0.0431773 0.0384574  0.014332 -0.0552404 -0.0119306   -9.80884 
               162.9 -0.147527    17.552   99.8237     26.556   -5.34649 -0.0704296   0.15173 0.0349827 -0.166568 -0.00656947  -0.0197107   0.0472406   0.011439 0.00230919 0.00639543   0.0232736 -0.00358448 -0.00595996 0.0434461 0.0388674 0.0140834 -0.0552033 -0.0119245   -9.80884 
                 163 -0.115667   17.5263   99.7168    26.5554   -5.34693 -0.0695187  0.151777 0.0349851 -0.166646 -0.00657138  -0.0197102   0.0472395 0.00799736 0.00209405 0.00705344   0.0232499 -0.00354947 -0.00595143 0.0434668 0.0387588 0.0140702 -0.0552094 -0.0119311   -9.80884 
               163.1 -0.114893   17.5622   99.6123    26.5531   -5.34456 -0.0673946  0.151833 0.0349953 -0.166751 -0.00657272  -0.0197069   0.0472399 0.00251707 0.00887679  0.0104229   0.0232465 -0.00355554 -0.00594733 0.0433489 0.0386191 0.0139228 -0.0552259 -0.0119287   -9.80884 
               163.2 -0.154025   17.6282   99.5035    26.5492   -5.34464 -0.0689029  0.151905 0.0348827 -0.166936 -0.00657372   -0.019705   0.0472399 -0.00635157  0.00910933  0.00398253   0.0232624 -0.00357074 -0.00593623 0.0433238 0.0383958 0.0141183 -0.0552392 -0.0119402   -9.80884 
               163.3 -0.11408  17.6685  99.5839    26.5457   -5.34665 -0.0690611  0.151989 0.0348694 -0.167067 -0.00657355  -0.0197026   0.0472381  -0.012687 0.00613253  0.0025537   0.0232602 -0.00358026 -0.00599721 0.0434556 0.0382133 0.0142019 -0.0552437 -0.0119585   -9.80884 
               163.4 -0.126328   17.6692   99.4653    26.5454   -5.34954 -0.0705449  0.151984 0.0348601 -0.167039 -0.00657502   -0.019702   0.0472372  -0.0125364  0.00129538 -0.00129719   0.0232432 -0.00357171 -0.00592432 0.0436306 0.0382215 0.0143915 -0.0552326 -0.0119719   -9.80884 
               163.5 -0.135769     17.67   99.5481    26.5471   -5.34486 -0.0693884  0.151903  0.034877 -0.166932 -0.00657505  -0.0197069   0.0472363 -0.00739051   0.0124349  0.00167221   0.0232609 -0.00355169  -0.0059644 0.0434369 0.0384301 0.0142301   -0.05523 -0.0119475   -9.80884 
               163.6 -0.10979  17.7745  99.5144    26.552  -5.34806 -0.071057  0.151825 0.0349243 -0.166751 -0.00657849  -0.0197056    0.047233  0.00349497    0.005081 -0.00220846   0.0232458 -0.00357573 -0.00595707 0.0437086 0.0386715 0.0144515 -0.0551992 -0.0119573   -9.80884 
               163.7 -0.109011   17.8067   99.5775    26.5555   -5.34663 -0.0689375  0.151796 0.0349659 -0.166669 -0.00658096  -0.0197072   0.0472324  0.0108498 0.00695792 0.00359548   0.0232572 -0.00356251 -0.00599086 0.0437394 0.0388548 0.0142753 -0.0551885 -0.0119483   -9.80884 
               163.8 -0.112004   17.7974   99.5883    26.5522   -5.34639 -0.0672226  0.151863 0.0349293 -0.166719 -0.00657778  -0.0197056   0.0472336 0.00215921 0.00631533 0.00684052   0.0232532 -0.00353879 -0.00596866 0.0437513 0.0386252 0.0141724 -0.0552046 -0.0119571   -9.80884 
               163.9 -0.101801   17.8254    99.825    26.5537   -5.34732 -0.0658765  0.151874 0.0349409 -0.166705 -0.0065797 -0.0197033  0.0472335 0.00454952  0.0046487  0.0085604    0.023261 -0.00355652  -0.0060019 0.0438797 0.0386814 0.0141556 -0.0551958 -0.0119624   -9.80884 
                 164 -0.0725224    17.9019    99.9061    26.5538   -5.34498 -0.0694992   0.15182 0.0350493 -0.166728 -0.00657812  -0.0197062   0.0472343  0.00442725  0.00714912 -0.00263019    0.023245 -0.00357155 -0.00599238 0.0436425 0.0386712 0.0144382 -0.0552012 -0.0119547   -9.80884 
               164.1 -0.116429    17.986   99.8261    26.5517   -5.34278 -0.0714623  0.151797 0.0350914 -0.166675 -0.00657641  -0.0197052   0.0472361 -0.00284897   0.0131669 -0.00666393   0.0232495 -0.00359929  -0.0059306 0.0434921 0.0385581 0.0145303 -0.0552129 -0.0119529   -9.80884 
               164.2 -0.147087   17.8518   100.106    26.5504   -5.33855 -0.0737787  0.151758 0.0351549 -0.166676 -0.00657533  -0.0197078   0.0472335 -0.00707069   0.0187424  -0.0107981   0.0232817 -0.00353137 -0.00596902 0.0432607 0.0385361 0.0145904 -0.0552224 -0.0119417   -9.80884 
               164.3 -0.121559    17.951   100.087   26.5499   -5.3401 -0.072317 0.151791 0.035014 -0.16663 -0.00657675  -0.0197065   0.0472334 -0.00598614  0.00921601 -0.00447406   0.0232573 -0.00356445 -0.00593343  0.043531 0.0385075 0.0144718 -0.0552157 -0.0119552   -9.80884 
               164.4 -0.135685   17.9602   100.019    26.5515   -5.34289 -0.0724187   0.15184 0.0350304 -0.166751 -0.00657829  -0.0197083   0.0472334  -0.0017291  0.00212314 -0.00357114   0.0232758 -0.00354696 -0.00596663 0.0437627 0.0385913 0.0145136 -0.0551999 -0.0119659   -9.80884 
               164.5 -0.154059   17.9301   99.6173    26.5495   -5.34103 -0.0729776  0.151799 0.0350259 -0.166605 -0.00657938   -0.019704   0.0472323 -0.00612488  0.00417308 -0.00429594   0.0232614 -0.00355041 -0.00589901 0.0436416  0.038512  0.014494 -0.0552102 -0.0119622   -9.80884 
             164.601 -0.139099   17.9472   99.6465    26.5495   -5.34131 -0.0713609  0.151826 0.0348532 -0.166669 -0.00657908  -0.0197048   0.0472327 -0.00480535 0.000526697 0.000619381   0.0232719 -0.00354842 -0.00595571 0.0437646 0.0385471 0.0143701 -0.0552062 -0.0119635   -9.80884 
               164.7 -0.115927   18.0184   99.6352    26.5488    -5.3461 -0.0706896  0.151835 0.0348315 -0.166566 -0.0065815 -0.0197064  0.0472304 -0.00517769  -0.0098798  0.00229255   0.0232577 -0.00357728 -0.00594924 0.0440584 0.0384858 0.0144121 -0.0551968 -0.0119836   -9.80884 
               164.8 -0.112965   18.0199   99.6127    26.5553   -5.34049 -0.0745123  0.151999 0.0352333 -0.167514 -0.00657736  -0.0197101   0.0472329  0.00699212  0.00519938 -0.00731384    0.023262 -0.00358577 -0.00596649 0.0436022 0.0389292 0.0145877 -0.0551833 -0.0119456   -9.80884 
               164.9 -0.141842   17.9544   99.3617    26.5575   -5.33934 -0.0739785  0.152047  0.035104 -0.167707 -0.00657559  -0.0197106   0.0472331  0.00885796  0.00531524 -0.00426095    0.023253 -0.00356118 -0.00589335 0.0436276 0.0390171 0.0144937 -0.0551795 -0.0119401   -9.80884 
                 165 -0.108208   17.9745    99.436    26.5618   -5.33683 -0.0716712  0.15216 0.034829 -0.16817 -0.00657491  -0.0197121   0.0472333  0.0157537 0.00702181 0.00239576   0.0232491 -0.00356265 -0.00593921 0.0436573 0.0392248 0.0142837 -0.0551711 -0.0119261   -9.80884 
               165.1 -0.115173   17.9473   99.5348    26.5652    -5.3391 -0.0694963  0.152234 0.0346618 -0.168345 -0.00657711  -0.0197097   0.0472338   0.0192126 -0.00135713  0.00692004   0.0232589 -0.00354262 -0.00595514 0.0439182 0.0392958 0.0142097 -0.0551588 -0.0119351   -9.80884 
               165.2 -0.138751   17.9121   99.5196     26.565   -5.34034 -0.0698859  0.152166 0.0347685 -0.168048 -0.00657658   -0.019708   0.0472345   0.0139308 -0.00504512  0.00411389   0.0232644 -0.00353366 -0.00593315 0.0439097 0.0391699 0.0142942 -0.0551647 -0.0119426   -9.80884 
               165.3 -0.131036   17.9392   99.4413    26.5627   -5.34123 -0.0706903  0.152045 0.0348709 -0.167562 -0.00657533  -0.0197064   0.0472351  0.00624192 -0.00654075 0.000927548   0.0232472 -0.00355827 -0.00589941 0.0438429 0.0389685 0.0143708 -0.0551776 -0.0119495   -9.80884 
               165.4 -0.148268    17.898   99.5147    26.5646   -5.34428 -0.0739585  0.152094 0.0352465 -0.167709 -0.00657731  -0.0197048   0.0472349  0.00796877  -0.0131323 -0.00706737   0.0232693 -0.00354805  -0.0059401 0.0438474 0.0390197 0.0146368 -0.0551676 -0.0119569   -9.80884 
               165.5 -0.0952777    17.8936      99.53    26.5583   -5.34177 -0.0728118  0.151857 0.0349796 -0.166877 -0.00657208  -0.0197042    0.047235 -0.00524363 -0.00531905 -0.00296283   0.0232401 -0.00356653 -0.00594396 0.0436442 0.0386822 0.0144321 -0.0552007 -0.0119518   -9.80884 
               165.6 -0.173861   17.8002   99.5228    26.5461   -5.33752 -0.0743722  0.151481 0.0349885 -0.165559 -0.00656573  -0.0197019   0.0472361 -0.0297184 0.00401711 -0.0065519   0.0232785 -0.00354291 -0.00593873 0.0432114 0.0381242  0.014407  -0.055251 -0.0119487   -9.80884 
               165.7 -0.14076  17.7718  99.5416    26.5412   -5.33399 -0.0735574  0.151415 0.0348199 -0.165384 -0.0065632 -0.0197025  0.0472356  -0.0344993   0.0105746 -0.00313915   0.0232625 -0.00355426 -0.00594921 0.0430772 0.0380541 0.0142496 -0.0552638  -0.011939   -9.80884 
             165.801 -0.154977   17.6996   99.5597    26.5352   -5.33788 -0.0719513  0.151376 0.0346773 -0.165044 -0.00656414  -0.0196998    0.047238   -0.0405994 -6.48867e-06   0.00177722   0.0232742 -0.00353972 -0.00596435 0.0434008 0.0378723 0.0141949 -0.0552642 -0.0119621   -9.80884 
               165.9 -0.109468   17.7209   99.6002    26.5396   -5.33981 -0.0708456   0.15158 0.0347029 -0.165806 -0.00656861  -0.0197017   0.0472379  -0.0244725 -0.00206666  0.00417619   0.0232586 -0.00356393 -0.00599819 0.0436324 0.0383048 0.0141846 -0.0552296 -0.0119584   -9.80884 
                 166 -0.188972   17.7208   99.5739     26.54   -5.3418 -0.072816  0.151639 0.0348601 -0.166028 -0.00656887  -0.0197016   0.0472364  -0.0212387 -0.00473874 -0.00174987   0.0232944 -0.00356284 -0.00597311 0.0436875 0.0384441 0.0143901 -0.0552154 -0.0119613   -9.80884 
               166.1 -0.135284   17.7727   99.7598    26.5449   -5.34849 -0.0729948  0.151769 0.0349728 -0.166412 -0.00657409  -0.0196987   0.0472297 -0.00733442  -0.0172848 -0.00140353   0.0232697 -0.00356716 -0.00598766 0.0440938 0.0387634 0.0145107 -0.0551784 -0.0119751   -9.80884 
             166.201 -0.158748   17.7297   99.8867    26.5469   -5.35136 -0.0739588    0.1518 0.0350294 -0.166547 -0.00657611  -0.0196986   0.0472285  -0.0031996   -0.019733 -0.00356886   0.0232787 -0.00355157 -0.00596795 0.0441559 0.0389024 0.0145934 -0.0551663 -0.0119751   -9.80884 
               166.3 -0.0978107     17.715    99.8182    26.5533   -5.35011 -0.0733541  0.151825 0.0350381 -0.166841 -0.00657664  -0.0197011   0.0472308   0.0102087  -0.0114711 -0.00116319   0.0232348 -0.00357411 -0.00594241 0.0440699 0.0392967 0.0144886  -0.055148 -0.0119527   -9.80884 
               166.4 -0.13234  17.6379  99.7279    26.5548   -5.34483 -0.0714698  0.151792 0.0349528 -0.166877 -0.00657209  -0.0196994   0.0472299   0.0112896 0.000999386  0.00348194   0.0232483 -0.00355844 -0.00593005 0.0437654 0.0394017 0.0142401 -0.0551578 -0.0119266   -9.80884 
             166.501 -0.143156   17.5607   99.7952    26.5498   -5.34395 -0.0721431  0.151767 0.0349238 -0.166705 -0.00657199  -0.0196968   0.0472294 -0.00161815  0.00272504 0.000717799   0.0232603 -0.00354507 -0.00595247 0.0436344 0.0390809 0.0142846  -0.055181 -0.0119329   -9.80884 
               166.6 -0.119331    17.506   99.8613    26.5534   -5.34294 -0.0697505  0.151776 0.0349102 -0.166788 -0.00657138  -0.0196982   0.0472298 0.00529186 0.00400377 0.00640186   0.0232495 -0.00353865 -0.00596369 0.0436855 0.0392949 0.0141163 -0.0551692 -0.0119241   -9.80884 
               166.7 -0.153894   17.4882   99.8606  26.5472 -5.34459 -0.07109  0.151795 0.0348963 -0.166689 -0.00657197   -0.019695   0.0472311 -0.00975522 0.000631273  0.00148183   0.0232614  -0.0035463 -0.00594822 0.0436869 0.0389133 0.0142755 -0.0551889 -0.0119424   -9.80884 
               166.8 -0.0998767     17.512    99.9958    26.5435   -5.34491 -0.0676669  0.151834 0.0348809 -0.166667 -0.00657203  -0.0196929   0.0472305  -0.0147289 -0.00161554  0.00904677   0.0232389 -0.00354315 -0.00597326 0.0437575 0.0387586 0.0140393 -0.0551982 -0.0119491   -9.80884 
               166.9 -0.149655   17.5816   100.193    26.5393   -5.33855 -0.0699729  0.151786 0.0347742 -0.166697 -0.0065673 -0.0196988  0.0472396  -0.0211501   0.0116816 0.000851143   0.0232654 -0.00355006 -0.00596702 0.0432907 0.0386779  0.014155 -0.0552211 -0.0119273   -9.80884 
                 167 -0.155428   17.4998   100.297    26.5416   -5.34081 -0.0691639  0.151775 0.0348433 -0.166657 -0.00657097  -0.0196971    0.047237  -0.012888 0.00459844 0.00280645   0.0232706  -0.0035304 -0.00597289 0.0435391 0.0388912 0.0141692 -0.0551981 -0.0119328   -9.80884 
               167.1 -0.128946   17.4073   100.233    26.5446   -5.33869 -0.0708872  0.151707 0.0348473 -0.166603 -0.00657142  -0.0196991   0.0472367 -0.00513659  0.00969285 -0.00181362   0.0232535 -0.00352029 -0.00597431 0.0434488 0.0391508 0.0142984 -0.0551854 -0.0119186   -9.80884 
               167.2 -0.121314   17.4261   100.141    26.5434   -5.34294 -0.0688611   0.15177 0.0349174 -0.166641 -0.00657409  -0.0197014   0.0472352 -0.00703435  0.00292126  0.00363373    0.023243 -0.00354702 -0.00596202 0.0437913 0.0390572 0.0142271 -0.0551769 -0.0119407   -9.80884 
               167.3 -0.142011   17.4684   100.013    26.5458   -5.34074 -0.0702017  0.151697 0.0348738 -0.166538 -0.00657051  -0.0197012   0.0472369  -0.00170191   0.00573134 -0.000341737   0.0232504 -0.00353445 -0.00596228 0.0436816 0.0392526 0.0143257 -0.0551698 -0.0119273   -9.80884 
               167.4 -0.103666   17.5525   99.8163    26.5518   -5.33701 -0.0665168   0.15157 0.0350371 -0.166251 -0.00656612  -0.0197005   0.0472417  0.0121651  0.0138111 0.00866453   0.0232282 -0.00354763 -0.00597159 0.0436384 0.0396398 0.0140114 -0.0551533 -0.0119053   -9.80884 
               167.5 -0.133627   17.5597   99.7127    26.5565   -5.33801 -0.0674399  0.151508 0.0350109 -0.166124 -0.00656342  -0.0197044   0.0472403  0.0185152  0.0100691 0.00415115    0.023239 -0.00353722 -0.00595912 0.0437783 0.0398062 0.0141901 -0.0551364 -0.0119076   -9.80884 
               167.6 -0.197458   17.5758    99.575    26.5517   -5.34662 -0.0703523  0.151699 0.0349242 -0.166485 -0.00657151  -0.0197061   0.0472377   0.0023242 -0.00893501 -0.00396321   0.0232586 -0.00354015 -0.00591327   0.04419 0.0393218 0.0145794 -0.0551415 -0.0119548   -9.80884 
               167.7 -0.148077   17.6232   99.6823   26.5547  -5.34199 -0.071121 0.151592 0.034892 -0.16634 -0.00657109   -0.019709   0.0472405  0.00700018  0.00524984 -0.00521896   0.0232507 -0.00355897 -0.00598049 0.0439157 0.0395397 0.0145264 -0.0551414 -0.0119297   -9.80884 
               167.8 -0.160462   17.5941   99.6267   26.5555   -5.3459 -0.070199  0.151645 0.0349645 -0.166342 -0.00657239  -0.0197071   0.0472407  0.00658658 -0.00277414 -0.00168701   0.0232481 -0.00353692 -0.00595134 0.0441948 0.0394954 0.0144936 -0.0551329 -0.0119468   -9.80884 
               167.9 -0.153657   17.5792   99.6585    26.5534   -5.34652 -0.0687335  0.151715 0.0349896 -0.166449 -0.00657051  -0.0197058   0.0472412  0.00141535 -0.00353996  0.00202747   0.0232491  -0.0035118 -0.00596626 0.0442161 0.0393426 0.0143718  -0.055142 -0.0119528   -9.80884 
                 168 -0.122661   17.6547   99.6337     26.547   -5.34708 -0.0671473  0.151841 0.0349766 -0.166684 -0.00656734  -0.0197034   0.0472409  -0.0111549 -0.00293366  0.00499584   0.0232295 -0.00353145 -0.00595681 0.0441966 0.0389809 0.0142584 -0.0551643 -0.0119647   -9.80884 
               168.1 -0.127069   17.7377   99.6893    26.5443    -5.3476 -0.0675056  0.151856 0.0349532 -0.166731 -0.00656599  -0.0197028   0.0472411  -0.0147751 -0.00275338  0.00269849   0.0232392  -0.0035516 -0.00598047 0.0441829 0.0388958 0.0143224 -0.0551688 -0.0119681   -9.80884 
               168.2 -0.169434   17.7794   99.5381    26.5398   -5.34673 -0.0708054  0.151849 0.0349024 -0.166806 -0.00656439  -0.0197008   0.0472429  -0.0235435 0.000948637 -0.00612721   0.0232319 -0.00355524 -0.00588357 0.0440094  0.038741 0.0145552  -0.055181 -0.0119679   -9.80884 
               168.3 -0.121857   17.7802   99.8146    26.5435   -5.34177 -0.0713542  0.151772 0.0349209 -0.166774 -0.00656985  -0.0197079   0.0472422   -0.012403   0.0137466 -0.00609889   0.0232398 -0.00355085 -0.00598456 0.0438001 0.0391238 0.0144835 -0.0551683 -0.0119409   -9.80884 
               168.4 -0.171921   17.8091   99.7791    26.5387   -5.33809 -0.0719402  0.151778 0.0348885 -0.166792 -0.00656726  -0.0197084   0.0472435  -0.0209362    0.020357 -0.00630571   0.0232506 -0.00354023 -0.00593236 0.0436421  0.038952 0.0144357 -0.0551843 -0.0119381   -9.80884 
               168.5 -0.114636   17.9091   99.7784    26.5356   -5.33622 -0.0717626  0.151789 0.0348707  -0.16678 -0.00656713  -0.0197078   0.0472433  -0.0224363   0.0213128 -0.00458146   0.0232235 -0.00354494 -0.00594124 0.0436704 0.0388921 0.0143807 -0.0551873 -0.0119409   -9.80884 
               168.6 -0.146961   18.0568   99.7981    26.5361   -5.33807 -0.0726942  0.151805 0.0349179 -0.166804 -0.00656789  -0.0197075   0.0472382  -0.0171192   0.0128838 -0.00577618   0.0232485 -0.00357608 -0.00596347 0.0439177 0.0390084 0.0144899 -0.0551703 -0.0119514   -9.80884 
               168.7 -0.113889   18.0738   99.7914    26.5422   -5.33509 -0.0713781  0.151853 0.0348875 -0.167089 -0.0065691 -0.0197103  0.0472391  -0.00194155    0.0166348 -0.000849684  0.0232238 -0.0035595 -0.0059423 0.0439465 0.0394699 0.0143456 -0.0551466 -0.0119328   -9.80884 
               168.8 -0.117106   17.9847   100.087    26.5406    -5.3381 -0.0719223  0.151852 0.0349206 -0.166937 -0.00656988  -0.0197048   0.0472427 -0.00427033  0.00478332 -0.00188086   0.0232384  -0.0035489 -0.00597582 0.0441734 0.0393389  0.014449 -0.0551438 -0.0119517   -9.80884 
               168.9 -0.109976   17.9436   100.103    26.5439   -5.33558 -0.0696175   0.15193 0.0347489 -0.167253 -0.00656869  -0.0197071   0.0472417 0.00340377   0.010384 0.00409968   0.0232308 -0.00354673  -0.0059627 0.0441915 0.0395734 0.0142575 -0.0551346 -0.0119389   -9.80884 
                 169 -0.139203   17.9196    99.908    26.5451   -5.33434 -0.0711256  0.151939 0.0349152 -0.167349 -0.00656944  -0.0197068   0.0472409   0.00354466   0.00867912 -0.000524882   0.0232518 -0.00355272 -0.00598594 0.0441078 0.0396294 0.0143812 -0.0551317 -0.0119362   -9.80884 
               169.1 -0.153141   17.9184   99.6282    26.5394   -5.33299 -0.0737762  0.151776 0.0351165 -0.166752 -0.00657609  -0.0197015   0.0472388 -0.00983188  0.00562148 -0.00698297   0.0232402 -0.00354997  -0.0059301 0.0439075 0.0393053 0.0145241 -0.0551523 -0.0119429   -9.80884 
               169.2 -0.147454   17.8751    99.634    26.5387   -5.33355 -0.0722022  0.151796 0.0349023 -0.166763 -0.00657592  -0.0197026   0.0472397 -0.00963509  0.00163053  -0.0012439    0.023249 -0.00354206 -0.00596639 0.0440631 0.0393125 0.0143932 -0.0551496 -0.0119461   -9.80884 
               169.3 -0.109567   17.8796   99.4391     26.537   -5.33132 -0.0715731  0.151773 0.0348089   -0.1667 -0.00657517  -0.0197002   0.0472391    -0.01063  0.00488249 0.000186999   0.0232022 -0.00355603 -0.00589133 0.0439733 0.0392881 0.0143067  -0.055156 -0.0119403   -9.80884 
               169.4 -0.155357   17.8724   99.5868    26.5422   -5.33267 -0.0712566  0.151967 0.0348296 -0.167424 -0.00657677  -0.0197022    0.047238   0.00107261 -0.000973566  0.000858869    0.023251 -0.00354003  -0.0059651 0.0441442 0.0396134  0.014333 -0.0551322 -0.0119375   -9.80884 
               169.5 -0.150913   17.8314   99.5684    26.5422   -5.33267 -0.0705503  0.151968 0.0347694 -0.167428 -0.00657668  -0.0197022    0.047238 0.000915119 -0.00274193  0.00229861   0.0232409 -0.00351866 -0.00594665 0.0441561 0.0396162  0.014289 -0.0551327 -0.0119367   -9.80884 
             169.601 -0.152138   17.8193   99.5748   26.5449  -5.33614 -0.071418  0.152051 0.0349099 -0.167681 -0.00657853  -0.0197014   0.0472376   0.00492124   -0.0101552 -0.000322016   0.0232441 -0.00352722 -0.00595626 0.0443152 0.0397247 0.0144222 -0.0551187 -0.0119443   -9.80884 
               169.7 -0.0824889    17.8095    99.5025     26.544   -5.33346 -0.0667548  0.152018 0.0344602 -0.167571 -0.00657763  -0.0196997   0.0472379  0.00293235 -0.00292158   0.0107813   0.0231942 -0.00354246  -0.0059278 0.0442726 0.0396878 0.0140398   -0.05513 -0.0119332   -9.80884 
               169.8 -0.0987214    17.7585    99.5703    26.5464   -5.33641 -0.0687891  0.152068 0.0347408 -0.167758 -0.00657977   -0.019699   0.0472379  0.00636669 -0.00853723  0.00344102   0.0232164 -0.00353653 -0.00597045 0.0443248 0.0397715 0.0142986 -0.0551186 -0.0119396   -9.80884 
               169.9 -0.142522   17.7277   99.4683    26.5433   -5.33746 -0.0704504   0.15197 0.0348583 -0.167396 -0.00657949   -0.019697   0.0472388 -0.00287597  -0.0080359 -0.00178868   0.0232231 -0.00353915 -0.00592016 0.0442281 0.0395668 0.0144268 -0.0551302  -0.011945   -9.80884 
                 170 -0.131934   17.6982   99.5825     26.547   -5.33986 -0.0688506  0.152069 0.0347919 -0.167722 -0.00658224   -0.019697   0.0472378 0.00463339 -0.0103562 0.00248479   0.0232313 -0.00353672 -0.00597049 0.0444216 0.0397743 0.0143416 -0.0551143 -0.0119456   -9.80884 
               170.1 -0.162029   17.6968   99.6483    26.5463   -5.34234 -0.0699728  0.152053 0.0348529 -0.167631 -0.00658156  -0.0196953   0.0472382   0.00117766   -0.0158319 -0.000710356   0.0232422 -0.00351365 -0.00595685 0.0444415 0.0396962 0.0144587  -0.055116 -0.0119517   -9.80884 
               170.2 -0.146016   17.7367    99.852    26.5486   -5.34151 -0.0701226  0.152065 0.0348602 -0.167775 -0.00658367  -0.0196988   0.0472385  0.00496823  -0.0106993 -0.00106426   0.0232382 -0.00351947 -0.00597314 0.0443263 0.0398406 0.0144284 -0.0551125 -0.0119405   -9.80884 
               170.3 -0.131538    17.711   99.8264    26.5499   -5.33928 -0.0702443  0.152055 0.0348474 -0.167838 -0.00658354  -0.0197009   0.0472395  0.00644932 -0.00324857 -0.00116943   0.0232191 -0.00352852 -0.00594191 0.0441486 0.0399205 0.0143764 -0.0551151  -0.011928   -9.80884 
               170.4 -0.149776   17.6555   99.7702    26.5438   -5.33964 -0.0712953  0.152001 0.0348277 -0.167552 -0.00658268  -0.0196985     0.04724 -0.00740738 -0.00375144 -0.00408087   0.0232283 -0.00352681 -0.00594829 0.0440605 0.0395588 0.0144249 -0.0551361 -0.0119368   -9.80884 
               170.5 -0.0838731    17.6668    99.8079     26.545   -5.34084 -0.0715534  0.152018 0.0348422 -0.167618 -0.00658334  -0.0196991   0.0472401 -0.00351054 -0.00482504 -0.00375014   0.0231988 -0.00355916 -0.00597391 0.0441342 0.0396523 0.0144339 -0.0551286 -0.0119374   -9.80884 
             170.601 -0.142302   17.5759   99.8114    26.5362   -5.33929 -0.0719106  0.151971 0.0347796 -0.167375 -0.00658194  -0.0196962   0.0472403  -0.0208602 -0.00137565 -0.00371749   0.0232233 -0.00353412 -0.00595303 0.0439368 0.0392292 0.0143768 -0.0551578 -0.0119414   -9.80884 
               170.7 -0.146234    17.535   99.8957    26.5401   -5.33617 -0.0705558  0.151972  0.034772 -0.167526 -0.00658127  -0.0196992   0.0472387  -0.0102058  0.00541351 0.000525419   0.0232355 -0.00354061  -0.0059863 0.0438535 0.0395889 0.0142116 -0.0551446  -0.011922   -9.80884 
               170.8 -0.154191    17.433   99.8799    26.5392   -5.33768 -0.0678954  0.151999 0.0347579  -0.16752 -0.00658088  -0.0196994   0.0472405  -0.0105768 0.000512316  0.00678614   0.0232329 -0.00350544 -0.00596885 0.0440317 0.0395779 0.0140569  -0.055141 -0.0119289   -9.80884 
               170.9 -0.158458   17.4941   99.9821    26.5419   -5.34285 -0.0702019  0.152005 0.0348168 -0.167539 -0.00658229  -0.0196984   0.0472381  -0.00403834    -0.011484 -0.000402548   0.0232367 -0.00353166 -0.00597912  0.044298 0.0397172 0.0143705 -0.0551206 -0.0119415   -9.80884 
                 171 -0.148199   17.6199   100.166    26.5451   -5.35106 -0.0721589   0.15202 0.0348682 -0.167525 -0.00658162  -0.0196935   0.0472281 0.00257037  -0.025465 -0.0051165   0.0232272 -0.00356358 -0.00595976 0.0446951 0.0398377 0.0146406 -0.0550971 -0.0119604   -9.80884 
               171.1 -0.175715   17.5134   100.311    26.5446   -5.34879 -0.0730573  0.151983 0.0348257 -0.167532 -0.00658039  -0.0196979   0.0472293 -0.000982107   -0.0147124  -0.00619846   0.0232464 -0.00352439 -0.00597438 0.0444031  0.039855 0.0145879 -0.0551076 -0.0119445   -9.80884 
             171.201 -0.147279   17.5279   100.148   26.5434  -5.35322 -0.073532  0.152016 0.0348441 -0.167551 -0.00658171  -0.0196986   0.0472276 -0.00477447  -0.0150285 -0.00565254   0.0232117 -0.00357296 -0.00592493 0.0445838 0.0397636 0.0146312 -0.0551049 -0.0119572   -9.80884 
               171.3 -0.132194   17.4767   100.054    26.5498   -5.34797 -0.0710979  0.151895 0.0349062 -0.167354 -0.00657406  -0.0196964   0.0472311   0.0103196 -0.00148167  0.00148509   0.0232068 -0.00353934 -0.00595157 0.0443341  0.040231 0.0143101 -0.0550949 -0.0119243   -9.80884 
               171.4 -0.13455   17.589  99.8261    26.547  -5.34899 -0.070543  0.151969 0.0349093   -0.1675 -0.00657875  -0.0196957   0.0472289   0.00177769 -0.000678536    0.0022963   0.0232101 -0.00355332 -0.00597005 0.0443606 0.0400045 0.0142876 -0.0551049  -0.011934   -9.80884 
               171.5 -0.171516   17.5802   99.7102    26.5502    -5.3456 -0.0720963  0.151872  0.034829 -0.167337 -0.00657381  -0.0196932   0.0472309  0.00535818  0.00697873 -0.00207244   0.0232184 -0.00352401 -0.00594302 0.0441664 0.0402239 0.0143684 -0.0551011 -0.0119169   -9.80884 
             171.602 -0.122811   17.6319   99.6684    26.5531   -5.34448 -0.0681309  0.151856  0.035006 -0.167218 -0.0065742 -0.0196931  0.0472311  0.0102361  0.0100619 0.00803801   0.0231922 -0.00354204 -0.00595104  0.044248 0.0403609 0.0140589  -0.055094 -0.0119133   -9.80884 
               171.7 -0.194289   17.6154   99.6242    26.5558   -5.34402 -0.0711668  0.151795 0.0348832 -0.167152 -0.00657417  -0.0196927   0.0472305   0.0118428   0.0109997 -0.00160518   0.0232288 -0.00352444 -0.00594873  0.044232 0.0404426 0.0143558 -0.0550879 -0.0119121   -9.80884 
               171.8 -0.150935   17.6749   99.6419    26.5574   -5.34129 -0.0712467  0.151777 0.0348791  -0.16713 -0.00657399  -0.0196933   0.0472311   0.0127191   0.0171686 -0.00154694   0.0232079 -0.00354932 -0.00596113 0.0441548 0.0404813 0.0143268  -0.055089 -0.0119066   -9.80884 
               171.9 -0.177635   17.7123   99.6576    26.5545   -5.34123 -0.0718288   0.15186  0.034852 -0.167304 -0.00657253  -0.0196911   0.0472316  0.00314207   0.0156257 -0.00298738   0.0232238 -0.00354842 -0.00596215  0.044205 0.0402357   0.01438 -0.0550989 -0.0119184   -9.80884 
                 172 -0.190341   17.7259   99.4925     26.545   -5.34496 -0.0737958  0.152037 0.0347905 -0.167661 -0.00657444  -0.0196871    0.047232  -0.0180922  0.00523358 -0.00731018   0.0232011  -0.0035352 -0.00587269  0.044373 0.0396289 0.0145722 -0.0551207 -0.0119497   -9.80884 
               172.1 -0.192123   17.7462   99.6566   26.5461  -5.33922 -0.076025  0.151947 0.0347577 -0.167592 -0.00657565  -0.0196932   0.0472312 -0.0136416  0.0159171 -0.0111422    0.023229 -0.00352711 -0.00595427 0.0440694 0.0398499 0.0145982 -0.0551197 -0.0119276   -9.80884 
               172.2 -0.164428   17.7787   99.6014    26.5448    -5.3408 -0.0728116  0.152008 0.0347878  -0.16756 -0.00657655  -0.0196904   0.0472309   -0.0141063    0.0110393 -0.000391013   0.0231946 -0.00353371 -0.00589155 0.0443632 0.0398307 0.0143406 -0.0551141 -0.0119389   -9.80884 
               172.3 -0.192869     17.85   99.8459    26.5427   -5.33997 -0.0766141  0.151977 0.0348071 -0.167571 -0.00657491  -0.0196895   0.0472313  -0.0182458   0.0140297 -0.00942232    0.023234 -0.00355294  -0.0059639 0.0442931 0.0397859  0.014621 -0.0551151 -0.0119412   -9.80884 
               172.4 -0.118924   17.9769   99.8747    26.5419   -5.34257 -0.0737438  0.152025 0.0347895 -0.167528 -0.00657804  -0.0196841   0.0472265   -0.0167248   0.00811347 -0.000363551   0.0231958 -0.00357385 -0.00597209 0.0446391 0.0397996 0.0144206 -0.0551058 -0.0119539   -9.80884 
               172.5 -0.170592   17.9939   99.8506    26.5404   -5.34384 -0.0711485  0.152053 0.0347503 -0.167507 -0.00657881  -0.0196838   0.0472257 -0.0172713 0.00233683 0.00601146   0.0232258 -0.00353448 -0.00597917 0.0448251  0.039795 0.0142671 -0.0551022 -0.0119601   -9.80884 
               172.6 -0.137547   18.0221   99.8024    26.5497   -5.34504 -0.0705617  0.152086 0.0348167 -0.167778 -0.0065804 -0.0196873  0.0472266  0.00454258 -0.00307107  0.00622411   0.0232004 -0.00352067 -0.00595119 0.0449926  0.040389 0.0143135 -0.0550677 -0.0119492   -9.80884 
               172.7 -0.14478  17.9396  100.066   26.549 -5.33939 -0.07064  0.152045 0.0348292 -0.167811 -0.00657737  -0.0196928   0.0472211 0.00341274 0.00647342 0.00418725   0.0232171 -0.00351706 -0.00598374  0.044611 0.0403876 0.0142559 -0.0550805  -0.011931   -9.80884 
               172.8 -0.103463   17.8818   100.078    26.5481   -5.33496 -0.0689184  0.152025 0.0347145 -0.167792 -0.00657349  -0.0196937   0.0472176 0.00179974  0.0158259 0.00721785   0.0231878 -0.00351649 -0.00595902 0.0444409  0.040363 0.0141034 -0.0550898 -0.0119209   -9.80884 
               172.9 -0.118181   17.8695   99.8597    26.5491   -5.32956 -0.0674771  0.152046 0.0346446 -0.167943 -0.00656968  -0.0196913   0.0472152 0.00273445  0.0225065 0.00900603   0.0231939 -0.00352397 -0.00595363 0.0442524 0.0404603 0.0139908 -0.0550933 -0.0119071   -9.80884 
                 173 -0.113307   17.8765   99.6536    26.5493   -5.33054 -0.0666958  0.152043 0.0346695 -0.167886 -0.00657184  -0.0196948   0.0472161 0.00187918   0.011929  0.0089159   0.0231827 -0.00351878 -0.00592636  0.044411  0.040426 0.0140484 -0.0550888 -0.0119162   -9.80884 
               173.1 -0.154958   17.8959   99.6668    26.5462   -5.33336 -0.0691781  0.151933 0.0349845 -0.167452 -0.00657487  -0.0196943   0.0472168 -0.00642689  0.00133724 0.000881796   0.0232146 -0.00353754 -0.00595923 0.0444689 0.0401919 0.0143331 -0.0550921 -0.0119332   -9.80884 
               173.2 -0.111495   17.8599   99.5897     26.556     -5.335 -0.0668758  0.152239 0.0348318 -0.168591 -0.00657201  -0.0196993   0.0472191   0.0155379 -0.00455106  0.00630509   0.0231797 -0.00352549 -0.00592806 0.0447536  0.040751 0.0142391 -0.0550595 -0.0119248   -9.80884 
               173.3 -0.130353   17.8487   99.5951    26.5591   -5.33599 -0.0687008  0.152275 0.0350761 -0.168774 -0.00657204  -0.0196998    0.047219   0.0183327 -0.00751668 0.000106626   0.0231935 -0.00352624 -0.00594325 0.0447011 0.0408318 0.0144129 -0.0550538 -0.0119244   -9.80884 
             173.401 -0.129678   17.8217   99.5477    26.5556    -5.3337 -0.0701691  0.152109 0.0351695 -0.168205 -0.00657071  -0.0196983    0.047219  0.00730377  -0.0027537 -0.00384967   0.0231866 -0.00351742 -0.00592217 0.0444093 0.0405696 0.0144441 -0.0550741 -0.0119211   -9.80884 
               173.5 -0.131814   17.7872   99.6049    26.5638   -5.33694 -0.0702096  0.152339 0.0352025 -0.169034 -0.0065745 -0.0196987  0.0472181   0.0216841  -0.0103723 -0.00245762   0.0231971 -0.00351342 -0.00595059 0.0446686 0.0409575 0.0144947 -0.0550472 -0.0119214   -9.80884 
             173.602 -0.104234   17.7401   99.5619    26.5521   -5.34227 -0.0657029  0.151956 0.0347336 -0.167387 -0.00657095  -0.0196919   0.0472188 -0.00555573  -0.0207821  0.00899632   0.0231728 -0.00350276 -0.00593167 0.0449615 0.0401409 0.0142118 -0.0550821 -0.0119518   -9.80884 
               173.7 -0.113169   17.7323   99.5551    26.5528   -5.34219 -0.0659888  0.151983 0.0348187 -0.167558 -0.00657071  -0.0196932   0.0472188 -0.00327942  -0.0150939  0.00604968   0.0231775 -0.00351549 -0.00593471 0.0448067 0.0402356 0.0142587 -0.0550814 -0.0119434   -9.80884 
               173.8 -0.099376   17.6814   99.5937    26.5472   -5.34006 -0.0671625  0.151848 0.0348745 -0.167129 -0.00656731  -0.0196941   0.0472187  -0.0135894 -0.00635967  0.00173638   0.0231726 -0.00350085 -0.00595399 0.0444807 0.0399797 0.0143051 -0.0551021 -0.0119378   -9.80884 
               173.9 -0.130534   17.7087   99.6603    26.5433   -5.34281 -0.0667832  0.151813 0.0348588  -0.16691 -0.00656628  -0.0196919   0.0472189 -0.0194673 -0.0124056 0.00194106   0.0231876 -0.00351301 -0.00594887 0.0445842 0.0398202 0.0143178 -0.0551064 -0.0119474   -9.80884 
                 174 -0.108691   17.7463   99.8555    26.5445   -5.34287 -0.0686985  0.151839 0.0349551 -0.167127 -0.0065684 -0.0196942  0.0472189  -0.0137359 -0.00998584 -0.00329108    0.023184 -0.00352557 -0.00597477 0.0444827 0.0400063 0.0144527 -0.0550988 -0.0119397   -9.80884 
               174.1 -0.100902   17.7314   99.8846    26.5472   -5.34116 -0.0687036  0.151871  0.034958 -0.167368 -0.00657099  -0.0196972   0.0472192 -0.00536216  -0.0035717 -0.00273458   0.0231781 -0.00354004 -0.00596962  0.044381 0.0402658 0.0143933 -0.0550905 -0.0119265   -9.80884 
               174.2 -0.0985786     17.655    99.8378    26.5464   -5.34095 -0.0690661  0.151864 0.0349541 -0.167355 -0.00657074  -0.0196972   0.0472191 -0.00540997 -0.00316251 -0.00318031   0.0231751  -0.0035353 -0.00597504 0.0443436 0.0402497 0.0143882 -0.0550924 -0.0119252   -9.80884 
               174.3 -0.117019   17.5848   99.7835   26.5447  -5.33809 -0.070108   0.15184 0.0349464 -0.167338 -0.00656962  -0.0196961   0.0472177 -0.00739857  0.00273279 -0.00540287   0.0231763  -0.0035286 -0.00595047 0.0441355 0.0402232 0.0143803 -0.0550999 -0.0119169   -9.80884 
               174.4 -0.113218   17.5683   99.8569    26.5494   -5.33937 -0.0697082  0.151874 0.0349711 -0.167483 -0.00657074  -0.0196977   0.0472177  0.00386417 0.000920969 -0.00333847   0.0231788 -0.00355242 -0.00596762 0.0443065 0.0405171 0.0143573 -0.0550817  -0.011915   -9.80884 
               174.5 -0.110214   17.4953   99.8465    26.5503    -5.3348 -0.0673724  0.151872 0.0349231 -0.167514 -0.00656781  -0.0196977   0.0472166 0.00522593  0.0113616  0.0029065    0.023169  -0.0035394 -0.00594284 0.0441251 0.0405996 0.0140947 -0.0550866  -0.011901   -9.80884 
               174.6 -0.122865    17.448   99.8941    26.5535   -5.33683 -0.0670552  0.151882 0.0349526 -0.167517 -0.00656938  -0.0196981   0.0472172  0.0101245 0.00252226 0.00332267   0.0231713 -0.00351638 -0.00592898 0.0443281 0.0407135 0.0141535 -0.0550745  -0.011907   -9.80884 
               174.7 -0.110913   17.5723   100.203    26.5547    -5.3345 -0.0668361  0.151868 0.0349431 -0.167523 -0.00656985  -0.0197006   0.0472192  0.0104567 0.00751346 0.00275743   0.0231811 -0.00355745 -0.00597405  0.044211 0.0407473 0.0141254  -0.055077 -0.0119004   -9.80884 
               174.8 -0.132592   17.4488   100.208    26.5529   -5.33475 -0.0686937  0.151882    0.0349 -0.167567 -0.00656914  -0.0196992   0.0472199  0.00249379   0.0079491 -0.00228085   0.0231723 -0.00351581  -0.0059155 0.0441998 0.0405749 0.0142923 -0.0550835 -0.0119071   -9.80884 
               174.9 -0.153107   17.3899   100.233    26.5501   -5.33682 -0.0682998  0.151943 0.0349158 -0.167635 -0.00656954  -0.0196977   0.0472213 -0.00385518  0.00497814 -0.00130636   0.0231943 -0.00350921 -0.00596508 0.0443663  0.040371  0.014292  -0.055087 -0.0119212   -9.80884 
                 175 -0.107881   17.5467   99.7829   26.5441  -5.33872 -0.069779  0.152047 0.0348491 -0.167877 -0.00657694  -0.0196994   0.0472156  -0.0174288  0.00461308 -0.00450738   0.0231354 -0.00355127 -0.00587783 0.0444342 0.0400147 0.0144269  -0.055099 -0.0119368   -9.80884 
               175.1 -0.168459   17.5947   99.7326    26.5469   -5.33897 -0.0716467  0.151945 0.0348015  -0.16765 -0.00657144  -0.0197021   0.0472146 -0.00850754  0.00467927  -0.0077756   0.0231883 -0.00353835 -0.00595547 0.0445053 0.0402622 0.0145576 -0.0550852 -0.0119323   -9.80884 
               175.2 -0.158673   17.7316   99.5065    26.5479   -5.34125 -0.0724562  0.151918 0.0348283 -0.167562 -0.00656967  -0.0197067   0.0472101 -0.00377167 0.000648412 -0.00800798   0.0231764 -0.00355839 -0.00594877 0.0446821 0.0403316 0.0146107 -0.0550759 -0.0119379   -9.80884 
               175.3 -0.175573   17.6432   99.4237    26.5491   -5.34579 -0.0704426  0.151934 0.0350105 -0.167467 -0.00656991  -0.0197109   0.0472099 -0.00114734 -0.00756731 -0.00149168   0.0231808 -0.00350739 -0.00593593 0.0450011 0.0403858 0.0144817 -0.0550639 -0.0119493   -9.80884 
               175.4 -0.162691    17.636   99.5084    26.5539   -5.34767 -0.0692392  0.151846 0.0350988 -0.167177 -0.00657051  -0.0197114   0.0472106  0.00677963 -0.00704939  0.00206654   0.0231764 -0.00351884 -0.00594169 0.0451482 0.0406573 0.0144154 -0.0550479 -0.0119466   -9.80884 
               175.5 -0.155455   17.6615   99.5266    26.5535   -5.34833 -0.0698051   0.15186 0.0350678 -0.167234 -0.00657021  -0.0197113   0.0472105  0.00303898 -0.00472636 0.000264216   0.0231751 -0.00352269 -0.00594715 0.0451305 0.0405965 0.0144697 -0.0550507 -0.0119481   -9.80884 
               175.6 -0.189288   17.7851   99.3372    26.5526   -5.35314 -0.0729315  0.151872 0.0349812 -0.167295 -0.00656938  -0.0197102   0.0472083 -0.00090479   -0.010292 -0.00754715   0.0231722 -0.00355101 -0.00588533 0.0453265 0.0404783 0.0147798 -0.0550476 -0.0119628   -9.80884 
               175.7 -0.185525   17.8457   99.4285    26.5538   -5.35024 -0.0712631  0.151858 0.0350405 -0.167239 -0.00657094  -0.0197132   0.0472098  0.00102936 7.40332e-05 -0.00200284   0.0231952 -0.00353371 -0.00596138 0.0451704 0.0405961 0.0145355 -0.0550489 -0.0119503   -9.80884 
               175.8 -0.167088   17.9007   99.3356    26.5511   -5.34878 -0.0690902  0.151919 0.0350629 -0.167336 -0.0065703 -0.0197127  0.0472103 -0.00458306  0.00348915  0.00368176   0.0231715  -0.0035079 -0.00591516 0.0451128 0.0404547 0.0143288 -0.0550586 -0.0119497   -9.80884 
               175.9 -0.157784   18.0503   99.4721    26.5497   -5.34513 -0.0703499  0.151897 0.0350361 -0.167382 -0.00656885  -0.0197161    0.047214    -0.007064    0.0102659 -0.000495282    0.023187  -0.0035403 -0.00597945 0.0448839 0.0404353 0.0143894 -0.0550651 -0.0119412   -9.80884 
                 176 -0.143542   18.0606   99.4154    26.5484   -5.34063 -0.0697443  0.151892 0.0350121 -0.167413 -0.00656806  -0.0197178    0.047215 -0.00914455   0.0187154  0.00115428   0.0231617 -0.00353224 -0.00591732 0.0446939 0.0404386 0.0142818 -0.0550712 -0.0119316   -9.80884 
               176.1 -0.124706   17.9635   99.6203    26.5507   -5.33685 -0.0718299  0.151872 0.0351172 -0.167525 -0.00657278   -0.019721   0.0472124 -0.00271033   0.0211739   -0.003987   0.0231743 -0.00352602 -0.00597993 0.0445459 0.0406322 0.0144098 -0.0550645 -0.0119225   -9.80884 
               176.2 -0.16575  17.8436  99.2832    26.5512   -5.33621 -0.0708844  0.151898 0.0350405 -0.167547 -0.00657159  -0.0197223   0.0472155  -0.00201804    0.0177801 -0.000921812   0.0231735 -0.00351408 -0.00591039 0.0446749 0.0406713 0.0143423 -0.0550608 -0.0119252   -9.80884 
               176.3 -0.102578   17.7949   99.4165    26.5508   -5.33978 -0.0712723  0.151897 0.0350831 -0.167432 -0.00657571  -0.0197208   0.0472226 -0.00242926  0.00809624 -0.00141841   0.0231638 -0.00353695 -0.00598546 0.0449765 0.0406098 0.0144574 -0.0550543 -0.0119411   -9.80884 
               176.4 -0.180954   17.8356   98.9736    26.5505   -5.33255 -0.0698274  0.151911   0.03494 -0.167541 -0.00657081  -0.0197126     0.04722 -0.00433964   0.0183253  0.00198394   0.0231603 -0.00351727 -0.00584327 0.0446581 0.0406788 0.0142364 -0.0550624 -0.0119228   -9.80884 
             176.501 -0.108665    18.015   99.1816     26.544    -5.3343 -0.0689571  0.151794 0.0348807 -0.166993 -0.0065705   -0.01971  0.0472156 -0.0157446 0.00733998 0.00367381   0.0231483 -0.00352815 -0.00592647 0.0448214 0.0403009 0.0142349 -0.0550746 -0.0119386   -9.80884 
               176.6 -0.143162   18.0613   99.2237    26.5387   -5.33526 -0.0665457  0.151716 0.0347132 -0.166622 -0.00657078  -0.0197084   0.0472149  -0.0231964 0.000213205  0.00841476   0.0231359  -0.0035081 -0.00582625 0.0449449 0.0400768 0.0141132 -0.0550831 -0.0119462   -9.80884 
               176.7 -0.0912632    18.0349    99.6554    26.5472   -5.33258 -0.0663956  0.151996 0.0348286 -0.167781 -0.00658802  -0.0197145   0.0472116 -0.00100774  0.00652852  0.00668143    0.023156 -0.00351088 -0.00597509  0.044868 0.0406939 0.0141403 -0.0550571 -0.0119288   -9.80884 
               176.8 -0.131645   18.0413   99.6433    26.5469   -5.33249 -0.0676753  0.151986 0.0350315 -0.167756 -0.00658791  -0.0197135   0.0472116 -0.00220603  0.00500404  0.00206871   0.0231592 -0.00351716 -0.00591452  0.044822 0.0406802 0.0142784 -0.0550564 -0.0119308   -9.80884 
               176.9 -0.150353   18.1273   99.6062    26.5499   -5.33228 -0.0702116  0.152089 0.0353404 -0.168171 -0.00658819  -0.0197134   0.0472103  0.00302191  0.00411271 -0.00421732   0.0231677  -0.0035338 -0.00590995 0.0447582  0.040859 0.0144716 -0.055047 -0.011929  -9.80884 
                 177 -0.157112   18.2149   99.4919    26.5483   -5.33036 -0.0722818  0.152026 0.0355056 -0.167975 -0.00658758  -0.0197119   0.0472121 -0.00209366  0.00792743 -0.00832785   0.0231604 -0.00354635 -0.00587448  0.044589 0.0407769 0.0145476 -0.0550531 -0.0119267   -9.80884 
               177.1 -0.150633   18.2199    99.624    26.5491   -5.32915 -0.0736376  0.152065 0.0355668 -0.168131 -0.00658766  -0.0197123    0.047212 -0.00138412   0.0091265 -0.00959356   0.0231761 -0.00352303  -0.0059307 0.0445545  0.040838  0.014576 -0.0550508 -0.0119248   -9.80884 
               177.2 -0.142608   18.2785   99.4475    26.5477   -5.32946 -0.0711089   0.15202 0.0351443 -0.167907 -0.00658904  -0.0197126   0.0472114 -0.00471802   0.0075051 -0.00122232    0.023135 -0.00353561 -0.00582321 0.0447712 0.0407569 0.0143691  -0.055053 -0.0119289   -9.80884 
               177.3 -0.196364   18.2916   99.6654    26.5513   -5.32728 -0.0742954  0.152189  0.035531 -0.168594 -0.00659009  -0.0197137   0.0472094  0.00131992  0.00957123 -0.00851845   0.0232043 -0.00352484 -0.00594274 0.0445903 0.0410036 0.0145494 -0.0550434 -0.0119213   -9.80884 
               177.4 -0.150283   18.2889   99.4478   26.5519  -5.32467 -0.073587   0.15222 0.0353221 -0.168712 -0.00658862  -0.0197126   0.0472094   0.0020158   0.0115878 -0.00501335   0.0231479 -0.00352936 -0.00585058 0.0445654 0.0410473 0.0144195 -0.0550448 -0.0119158   -9.80884 
               177.5 -0.135203   18.2126   99.5006    26.5503    -5.3324 -0.0725984  0.152111 0.0351424 -0.168149 -0.00659286  -0.0197131   0.0472166  -0.0015383 -0.00674811 -0.00114809   0.0231712 -0.00352978 -0.00595157 0.0451287 0.0408566 0.0144778 -0.0550385 -0.0119416   -9.80884 
             177.601 -0.162314   18.1667    99.104    26.5486   -5.33054 -0.0713628  0.152051 0.0349347 -0.167959 -0.00659163  -0.0197089   0.0472142 -0.00522878  -0.0020595  0.00190134   0.0231468 -0.00352194 -0.00584157  0.045035  0.040801 0.0143425 -0.0550456  -0.011936   -9.80884 
               177.7 -0.126083   18.1459   99.2819    26.5469   -5.33163 -0.0714751  0.151988 0.0349742 -0.167725 -0.00659221  -0.0197085   0.0472142 -0.00755176 -0.00527923  0.00111505   0.0231599 -0.00351567 -0.00595104 0.0450487 0.0407248 0.0143713 -0.0550478 -0.0119391   -9.80884 
               177.8 -0.120547   18.1224   99.1767    26.5469   -5.33272 -0.0713454  0.152026 0.0349783 -0.167855 -0.00659233  -0.0197088   0.0472146 -0.00627401 -0.00906394  0.00115986    0.023133 -0.00352047 -0.00588315 0.0450783 0.0407659 0.0143795 -0.0550453 -0.0119394   -9.80884 
               177.9 -0.145662   18.1095   99.3291     26.548   -5.32982 -0.0719363  0.152116 0.0350728 -0.168266 -0.0065921 -0.0197122  0.0472133  -0.00361225  -0.00316144 -0.000615739    0.023171 -0.00353568 -0.00596135 0.0448426  0.040898 0.0143622 -0.0550453 -0.0119276   -9.80884 
                 178 -0.120902   18.0629   99.2693    26.5469   -5.33132 -0.0704567  0.152085 0.0348607 -0.168108 -0.00659216  -0.0197114   0.0472136 -0.00501358 -0.00779857  0.00316166   0.0231473 -0.00352728 -0.00593744 0.0449746 0.0408494 0.0142815 -0.0550461  -0.011931   -9.80884 
               178.1 -0.17751  17.9727  99.2399    26.5368   -5.33105 -0.0707578  0.151629 0.0348828 -0.166519 -0.00658944  -0.0197092   0.0472157  -0.0255642 -0.00872491   0.0013716   0.0231782 -0.00349772 -0.00594125 0.0447901 0.0403298 0.0142763 -0.0550714 -0.0119357   -9.80884 
               178.2 -0.126515   18.0001   99.2109    26.5386    -5.3315 -0.0672449  0.151842 0.0344723  -0.16725 -0.00659128    -0.01971   0.0472155  -0.0169521 -0.00833367  0.00936034    0.023147 -0.00353358  -0.0059345 0.0449616 0.0405795 0.0140611 -0.0550613 -0.0119306   -9.80884 
               178.3 -0.118649   17.9047   99.2484    26.5418   -5.33379 -0.0682137  0.152054 0.0347401 -0.167999 -0.00659394  -0.0197109   0.0472158 -0.00757965  -0.0115991  0.00491343   0.0231463 -0.00350081 -0.00595128  0.044996 0.0408377 0.0142196 -0.0550473 -0.0119305   -9.80884 
               178.4 -0.130412   17.9189   99.2663    26.5436   -5.33471 -0.0701243   0.15216 0.0350263 -0.168404 -0.00659431  -0.0197115   0.0472156   -0.0028935  -0.00965658 -0.000747052   0.0231538 -0.00352703 -0.00595686 0.0449061  0.040986 0.0143796 -0.0550405 -0.0119281   -9.80884 
               178.5 -0.121878   17.9189   99.2673    26.5494    -5.3356 -0.0683098  0.152395 0.0348807 -0.169247 -0.00659697  -0.0197132   0.0472144  0.0101548 -0.0118752 0.00397381   0.0231447 -0.00351132 -0.00594769 0.0450257 0.0413397  0.014266 -0.0550252 -0.0119222   -9.80884 
               178.6 -0.11349  17.9623  99.2725    26.5513   -5.33883 -0.0678045  0.152425 0.0348854 -0.169323 -0.00659732  -0.0197128   0.0472125  0.0123954 -0.0165312 0.00412351   0.0231336 -0.00352504 -0.00592902 0.0451595 0.0413716 0.0142962 -0.0550206 -0.0119271   -9.80884 
               178.7 -0.134138   17.8924   99.2723    26.5531   -5.33662 -0.0702387  0.152435 0.0350925 -0.169466 -0.0065965 -0.0197135  0.0472129   0.0119691 -0.00807516 -0.00280781   0.0231445 -0.00352664 -0.00593215 0.0448346 0.0414439 0.0144187  -0.055023 -0.0119162   -9.80884 
               178.8 -0.113288   17.7309   99.3048   26.5545  -5.33501 -0.067533   0.15245  0.034864 -0.169523 -0.00659315  -0.0197141   0.0472119   0.0125402 -0.00518902  0.00394426   0.0231393 -0.00349173 -0.00596041 0.0447969 0.0414817 0.0141727 -0.0550257 -0.0119092   -9.80884 
               178.9 -0.136255   17.6669   99.2264    26.5527   -5.33689 -0.0671129  0.152381 0.0348527 -0.169229 -0.00659394  -0.0197133   0.0472128  0.00626416 -0.00982984  0.00401742   0.0231371 -0.00349731 -0.00591851  0.044848 0.0412988 0.0141865 -0.0550317 -0.0119153   -9.80884 
                 179 -0.151603   17.6489    99.301    26.5504    -5.3349 -0.0696766  0.152305  0.034982 -0.169049 -0.0065927  -0.019713  0.0472127 -0.000739769 -0.000975227   -0.0034658   0.0231518 -0.00351998 -0.00594796 0.0445602 0.0411627 0.0143335 -0.0550417 -0.0119102   -9.80884 
               179.1 -0.0861082    17.6169    99.3721    26.547  -5.33113 -0.067597  0.152258 0.0348483 -0.168875 -0.00659069  -0.0197131   0.0472126 -0.00592113  0.00448459  0.00211056   0.0231162 -0.00351082 -0.00595599 0.0443733 0.0410107  0.014086 -0.0550546 -0.0119027   -9.80884 
               179.2 -0.127768   17.7554   99.6473   26.5451  -5.33479 -0.070721  0.152247 0.0349345 -0.168797 -0.00658462  -0.0197072   0.0472094 -0.00970981 -0.00155777 -0.00607502   0.0231455 -0.00355317 -0.00597158 0.0445182 0.0408969 0.0143914 -0.0550531 -0.0119152   -9.80884 
               179.3 -0.112728    17.692   99.8219   26.5484  -5.33528 -0.069295  0.152286 0.0349295 -0.168933 -0.00658989   -0.019707   0.0472073  -0.00195818   0.00114554 -0.000820126   0.0231446 -0.00353573 -0.00599378 0.0446312  0.041145 0.0142658 -0.0550416 -0.0119122   -9.80884 
               179.4 -0.146477   17.6363   99.7098    26.5476   -5.33713 -0.0682299  0.152298 0.0349216 -0.168905 -0.00659028  -0.0197069   0.0472072 -0.00377206 -0.00159596  0.00201377   0.0231384 -0.00351948 -0.00592815 0.0447713 0.0410908 0.0142165 -0.0550408 -0.0119182   -9.80884 
               179.5 -0.146783   17.7626   99.7582   26.5488  -5.33276 -0.070381  0.152267 0.0348973 -0.168935 -0.00658851  -0.0197071   0.0472122 -0.000715456   0.00778632  -0.00403348    0.023139 -0.00354352 -0.00593669 0.0444818 0.0412295  0.014312  -0.055042 -0.0119049   -9.80884 
               179.6 -0.164889   17.7804   99.7659    26.5481   -5.33581 -0.0704105  0.152287 0.0349182 -0.168932 -0.00658916  -0.0197077   0.0472093 -0.00360424 0.000781386 -0.00307768   0.0231366 -0.00353701  -0.0059055 0.0447093 0.0411585 0.0143503 -0.0550386 -0.0119156   -9.80884 
               179.7 -0.0963917    17.7403    99.9384    26.5466   -5.33496 -0.0685284  0.152306 0.0349305 -0.168937 -0.00658859  -0.0197067   0.0472093 -0.00632139  0.00467296     0.00214   0.0231189 -0.00354467 -0.00596952 0.0447149 0.0410979 0.0141761 -0.0550422 -0.0119157   -9.80884 
               179.8 -0.127972   17.6393   99.8437     26.548   -5.33648 -0.0680022  0.152303 0.0349508 -0.168918 -0.00658897  -0.0197081   0.0472111 -0.00310501 0.000984838  0.00260368    0.023118  -0.0035212 -0.00591546 0.0448623 0.0411957 0.0141935 -0.0550345 -0.0119187   -9.80884 
               179.9 -0.132836   17.5835    99.905    26.5514   -5.33651 -0.0676901  0.152276 0.0349661 -0.168874 -0.00658874  -0.0197091   0.0472117  0.00453207 1.10404e-05  0.00267147   0.0231329 -0.00350876 -0.00595789 0.0449063 0.0413969 0.0142016 -0.0550257  -0.011915   -9.80884 
                 180 -0.0864741    17.5933    99.8114     26.548   -5.33435 -0.0657002  0.152309 0.0349602 -0.168928 -0.00658896  -0.0197062   0.0472098 -0.00184054  0.00508282  0.00653614   0.0230904 -0.00352522 -0.00590763 0.0447859 0.0411975 0.0140302 -0.0550377 -0.0119144   -9.80884 
               180.1 -0.143245   17.5263   99.9436    26.5432   -5.33927 -0.0667074  0.152373 0.0349448 -0.169016 -0.0065914 -0.0197039  0.0472127  -0.0116851 -0.00703404  0.00260883   0.0231392 -0.00349964 -0.00596587 0.0450148 0.0408786 0.0142331 -0.0550417 -0.0119335   -9.80884 
               180.2 -0.131409   17.5415   99.9241      26.55   -5.34187 -0.0659952  0.152304 0.0349965 -0.168862 -0.00659182  -0.0197061    0.047212  0.00407508 -0.00969974  0.00385442   0.0231259 -0.00351805  -0.0059423 0.0452187 0.0413159 0.0142534 -0.0550196 -0.0119292   -9.80884 
               180.3 -0.131093   17.5444    99.976    26.5546   -5.34091 -0.0668307  0.152241 0.0349876 -0.168771 -0.00659158  -0.0197075   0.0472123   0.0114571 -0.00448645 0.000651366   0.0231283 -0.00351974 -0.00594795 0.0451267 0.0415772 0.0143193  -0.055012 -0.0119191   -9.80884 
               180.4 -0.125991   17.5791   100.035    26.5568   -5.34312 -0.0658326  0.152243 0.0350225 -0.168739 -0.00659241  -0.0197072   0.0472108   0.0134804 -0.00996812   0.0030448   0.0231175 -0.00351172 -0.00591875 0.0452583 0.0416222 0.0142834 -0.0550068 -0.0119224   -9.80884 
               180.5 -0.0887019    17.7309    100.331    26.5544    -5.3488 -0.0701821  0.152293 0.0348991 -0.168882 -0.0065816 -0.0197024  0.0472068   0.0054997  -0.0172516 -0.00831256   0.0231173 -0.00355858 -0.00597684 0.0454126 0.0413431 0.0146959 -0.0550103 -0.0119392   -9.80884 
               180.6 -0.132748   17.6157   100.278    26.5503   -5.35252 -0.0693104  0.152372 0.0349191 -0.169005 -0.00658064  -0.0197009   0.0472081 -0.00429409  -0.0208853 -0.00463847   0.0231224 -0.00350604 -0.00592044  0.045513 0.0410559 0.0145924 -0.0550189 -0.0119503   -9.80884 
               180.7 -0.150225    17.658   100.317    26.5468   -5.35199 -0.0712509  0.152386 0.0348674 -0.169083 -0.00657981  -0.0197004   0.0472097  -0.011419 -0.0146804 -0.0084469   0.0231475 -0.00353745 -0.00597354 0.0453027 0.0409107 0.0146481 -0.0550298 -0.0119473   -9.80884 
               180.8 -0.141031    17.673   100.259    26.5411   -5.35051 -0.0712999  0.152428 0.0348477 -0.169186 -0.00658011  -0.0196982   0.0472106  -0.0209141 -0.00731419 -0.00683766   0.0231315 -0.00354187 -0.00594299 0.0451028  0.040687 0.0145272 -0.0550446 -0.0119457   -9.80884 
               180.9 -0.15359  17.6618  100.367    26.5398   -5.34617 -0.0710928  0.152401 0.0348414 -0.169174 -0.00657856   -0.019699   0.0472104  -0.0199875   0.0047746 -0.00503936   0.0231487 -0.00353907 -0.00597501 0.0448385  0.040795 0.0143771 -0.0550498 -0.0119319   -9.80884 
                 181 -0.142077   17.6875   100.283    26.5336   -5.34191 -0.0692927   0.15244 0.0348332  -0.16925 -0.00657861   -0.019696   0.0472105  -0.0289085   0.0136749 0.000520798   0.0231284 -0.00355053 -0.00593417 0.0446256 0.0405989 0.0141317 -0.0550652 -0.0119283   -9.80884 
               181.1 -0.121924   17.6292   100.348    26.5362    -5.3376 -0.0683168  0.152384 0.0348531 -0.169163 -0.00657683  -0.0196972   0.0472109 -0.0178107  0.0198444 0.00264146   0.0231293 -0.00351535 -0.00597557 0.0445302 0.0409507 0.0140271 -0.0550566 -0.0119135   -9.80884 
             181.201 -0.147622   17.7042   100.306    26.5373   -5.33449 -0.0708211  0.152336 0.0348359 -0.169126 -0.00657539  -0.0196977   0.0472114  -0.0133054   0.0235968 -0.00401269   0.0231326  -0.0035525 -0.00594463 0.0444408 0.0411346 0.0142203 -0.0550511 -0.0119066   -9.80884 
               181.3 -0.141502   17.6534   100.349    26.5451   -5.33437 -0.0713127  0.152269 0.0348869 -0.169005 -0.00657629  -0.0197002   0.0472125  0.00429149   0.0195074 -0.00387021   0.0231363 -0.00352446 -0.00596451  0.044666 0.0416316 0.0142879 -0.0550262 -0.0118999   -9.80884 
               181.4 -0.164096   17.6819    100.34    26.5442    -5.3302 -0.0722778  0.152268 0.0348663 -0.169026 -0.00657568  -0.0196998   0.0472128  0.00039844   0.0252482 -0.00557513   0.0231465 -0.00353807  -0.0059618 0.0445105 0.0415789 0.0142874 -0.0550328 -0.0118961   -9.80884 
               181.5 -0.163821   17.6795   100.274    26.5481   -5.33497 -0.0713121  0.152275 0.0349299  -0.16897 -0.00657736  -0.0197027   0.0472125  0.00776427   0.0101519 -0.00152451   0.0231339 -0.00352992 -0.00592449 0.0450097 0.0417175 0.0143145 -0.0550127 -0.0119092   -9.80884 
               181.6 -0.128792   17.7035   100.285    26.5437   -5.33721 -0.0716032  0.152325 0.0349258 -0.168997 -0.00657811  -0.0197014   0.0472107  -0.0024686  0.00372374 -0.00213158   0.0231138 -0.00353714 -0.00592602 0.0451376 0.0413805 0.0143636 -0.0550201 -0.0119242   -9.80884 
               181.7 -0.173566   17.6744   100.235    26.5456   -5.33874 -0.0712467  0.152319 0.0349458 -0.168979 -0.00657841  -0.0197023   0.0472108  0.000747082 -0.000278815 -0.000564695   0.0231294 -0.00351724 -0.00589862  0.045281 0.0414888 0.0143622 -0.0550121 -0.0119258   -9.80884 
               181.8 -0.126758   17.6907   100.349    26.5505   -5.33934 -0.0690522  0.152304 0.0349723 -0.168954 -0.00658061  -0.0197025   0.0472111   0.0108857 -0.00130425  0.00495199    0.023123 -0.00351949 -0.00595725 0.0454178 0.0417602 0.0142254 -0.0549999  -0.011921   -9.80884 
               181.9 -0.172141   17.6897   100.294   26.5553  -5.33993 -0.069147   0.15228  0.034992 -0.168948 -0.00658117  -0.0197033   0.0472105   0.0166529 -0.00192226  0.00360877   0.0231377 -0.00351458 -0.00592671 0.0454713 0.0419718 0.0142856 -0.0549904 -0.0119171   -9.80884 
                 182 -0.179484   17.6895    100.27    26.5489    -5.3352 -0.0698533  0.152299 0.0349343 -0.168965 -0.00657941  -0.0197016   0.0472117 -0.000797395   0.00839538  0.000776989   0.0231366 -0.00350347 -0.00591317 0.0450782 0.0415719 0.0142544  -0.055016 -0.0119154   -9.80884 
               182.1 -0.116997   17.7113   100.347   26.5477  -5.33271 -0.067992   0.15231 0.0349128 -0.168966 -0.00657893  -0.0197013   0.0472119 -0.00306669   0.0122187  0.00459261   0.0231152 -0.00350494 -0.00595456 0.0450166 0.0415227  0.014094 -0.0550211 -0.0119132   -9.80884 
               182.2 -0.123745   17.7346   100.396    26.5473   -5.33218 -0.0661864  0.152321 0.0349074 -0.168959 -0.00657921  -0.0197008   0.0472116 -0.00342922    0.010842  0.00806841  0.0231263 -0.0035083 -0.0059788  0.045086 0.0415135 0.0140102 -0.0550203  -0.011915   -9.80884 
               182.3 -0.155323    17.774   100.311    26.5504   -5.33288 -0.0666033   0.15231 0.0349426 -0.168978 -0.00657921  -0.0197015   0.0472104 0.00235625 0.00787136 0.00474055   0.0231301 -0.00351933 -0.00593271 0.0451944 0.0416828 0.0141354 -0.0550101  -0.011915   -9.80884 
               182.4 -0.0926508    17.8152    100.445    26.5461   -5.33546 -0.0670584  0.152323 0.0349461 -0.168909 -0.00657713  -0.0196992   0.0472086 -0.00564555  0.00253478  0.00152746   0.0231184 -0.00352424 -0.00599931 0.0453206  0.041383 0.0142462 -0.0550156 -0.0119291   -9.80884 
               182.5 -0.14961  17.8193  100.351    26.5379   -5.33486 -0.0685691  0.152311 0.0349381 -0.168803 -0.00657761  -0.0196966   0.0472104  -0.0222288  0.00363447 -0.00270118   0.0231351 -0.00350632 -0.00595104 0.0451769 0.0409583 0.0143384  -0.055033 -0.0119377   -9.80884 
               182.6 -0.136215   17.8713   100.406    26.5421   -5.33886 -0.0687936  0.152337 0.0349781 -0.168884 -0.00657912  -0.0196973   0.0472077 -0.00867536  -0.0048203 -0.00239966   0.0231369 -0.00351118 -0.00597942 0.0454991 0.0412738 0.0144273 -0.0550122   -0.01194   -9.80884 
               182.7 -0.141224   17.9153   100.338     26.549   -5.33757 -0.0685093  0.152373 0.0349939 -0.169085 -0.00657788  -0.0196994   0.0472075   0.00671954  -0.00062869 -0.000194014   0.0231281  -0.0035084 -0.00594353 0.0454979 0.0417403 0.0143861 -0.0549972 -0.0119262   -9.80884 
               182.8 -0.160546   17.9633   100.372    26.5374   -5.33553 -0.0699473  0.152285 0.0349838 -0.168746 -0.00657689  -0.0196964   0.0472112   -0.018982  0.00358853 -0.00419525   0.0231442 -0.00350646 -0.00596121 0.0452076 0.0410737 0.0144131 -0.0550272 -0.0119364   -9.80884 
               182.9 -0.151275   17.9894   100.294    26.5366   -5.33189 -0.0711254  0.152288 0.0350074 -0.168843 -0.00657584  -0.0196962   0.0472118 -0.0188117  0.0096468 -0.0050967    0.023127  -0.0034923 -0.00592453 0.0450125 0.0411745 0.0144173 -0.0550292 -0.0119276   -9.80884 
                 183 -0.185983   18.0976   100.376    26.5356   -5.33588 -0.0711282  0.152299   0.03501 -0.168805 -0.00657661  -0.0196948   0.0472084  -0.0182931 -0.00193173  -0.0033927    0.023163 -0.00353074 -0.00598191 0.0453272 0.0411719 0.0144733 -0.0550198 -0.0119382   -9.80884 
               183.1 -0.17286  18.0155  100.204     26.534   -5.33434 -0.0727872  0.152296 0.0350844 -0.168855 -0.00657631  -0.0196941   0.0472072  -0.0191576  0.00255653 -0.00697006   0.0231364 -0.00350277 -0.00592478 0.0451771  0.041206 0.0145314 -0.0550218 -0.0119336   -9.80884 
               183.2 -0.12592  17.9541  100.147    26.5373   -5.33241 -0.0699273  0.152412  0.034806 -0.169325 -0.00657135  -0.0196938   0.0472097 -0.00728124  0.00276511 0.000954966   0.0231268 -0.00351743 -0.00597978 0.0452614 0.0415169   0.01427 -0.0550138 -0.0119231   -9.80884 
               183.3 -0.143127   17.8877   100.012    26.5389   -5.33106 -0.0678372  0.152474 0.0346336  -0.16957 -0.00656801  -0.0196939   0.0472101 -0.00117069   0.0024699   0.0054429   0.0231176 -0.00349479 -0.00592662 0.0452968 0.0416612 0.0141221 -0.0550108 -0.0119177   -9.80884 
               183.4 -0.164726   17.8886   100.231    26.5394   -5.33251 -0.0666427  0.152498 0.0345942 -0.169621 -0.00656907  -0.0196928    0.047211 -0.000232161  -0.00341386   0.00814807   0.0231513 -0.00349309 -0.00599043 0.0454251 0.0416931 0.0141152 -0.0550066 -0.0119206   -9.80884 
               183.5 -0.131585   17.9057   100.035     26.548    -5.3356 -0.0667353  0.152725  0.034722 -0.170503 -0.00656984  -0.0196958   0.0472131   0.017248 -0.0114785 0.00554165   0.0230878 -0.00349312 -0.00584587 0.0456405 0.0421573 0.0142468 -0.0549838 -0.0119172   -9.80884 
               183.6 -0.153047   17.9722    100.25    26.5474   -5.33239 -0.0677328  0.152664 0.0348244 -0.170363 -0.00656702  -0.0196997   0.0472163   0.0103544 -0.00384369  0.00128453    0.023137  -0.0035237 -0.00596637 0.0453093 0.0420738 0.0142672 -0.0549946 -0.0119097   -9.80884 
               183.7 -0.128419   17.9011   100.134     26.546   -5.33162 -0.0678483  0.152588 0.0348273 -0.170092  -0.006566 -0.0196993   0.047216  0.00552058 -0.00367733 0.000125121   0.0231066 -0.00349013 -0.00592068 0.0451991 0.0419361 0.0142518  -0.055002 -0.0119096   -9.80884 
               183.8 -0.191344   17.9416   100.135    26.5362   -5.33493 -0.0711382  0.152249 0.0350912 -0.168851 -0.0065636 -0.0196948  0.0472205  -0.0173102 -0.00942767   -0.007756   0.0231382 -0.00352422 -0.00591277 0.0451306 0.0413131 0.0144912 -0.0550203 -0.0119276   -9.80884 
               183.9 -0.132033   17.9244   100.264    26.5402     -5.335 -0.0711232  0.152431 0.0350387 -0.169501 -0.00656705  -0.0196961   0.0472202 -0.00431416 -0.00837459 -0.00680196   0.0231195 -0.00353289 -0.00596144 0.0451766 0.0416442 0.0144354 -0.0550092 -0.0119197   -9.80884 
             184.001 -0.134438   17.8545   100.257    26.5434   -5.33251 -0.0678417  0.152569 0.0347138 -0.169958 -0.00656622  -0.0196979   0.0472198 0.00453602 -0.0030286 0.00242689   0.0231185 -0.00351919 -0.00595253 0.0451716 0.0418905 0.0141194 -0.0550062 -0.0119082   -9.80884 
               184.1 -0.130941   17.7884   100.185    26.5509    -5.3323 -0.0686637  0.152771 0.0348187 -0.170682 -0.00656683  -0.0196998   0.0472202    0.0193021  -0.00326987 -0.000135215   0.0231029 -0.00350868  -0.0059171 0.0451765 0.0422885 0.0141966 -0.0549921 -0.0118997   -9.80884 
               184.2 -0.122658   17.7201   100.254    26.5457   -5.33491 -0.0687531  0.152561 0.0348003 -0.169964 -0.00656573  -0.0196976   0.0472208  0.00438997 -0.00936049 0.000316877     0.02311 -0.00350542 -0.00594806 0.0452209 0.0418598  0.014222 -0.0550044  -0.011912   -9.80884 
               184.3 -0.171994   17.6373   100.288    26.5436   -5.33628 -0.0696482  0.152485 0.0348441  -0.16974 -0.00656565  -0.0196967   0.0472215 -0.00206357   -0.011389 -0.00277593    0.023142 -0.00349614 -0.00595773 0.0451825 0.0417036 0.0142793 -0.0550095 -0.0119156   -9.80884 
               184.4 -0.18081   17.631  100.209    26.5476      -5.34 -0.0729254   0.15253 0.0350214     -0.17 -0.00656609  -0.0196975   0.0472212  0.00540307   -0.014263 -0.00873024   0.0231316 -0.00351834 -0.00591764 0.0452874 0.0419179 0.0145427 -0.0549967 -0.0119168   -9.80884 
               184.5 -0.197814   17.6159   100.295    26.5437   -5.33664 -0.0737116  0.152479 0.0349806 -0.169866 -0.00656444   -0.019698   0.0472233 -0.00555727 -0.00285349 -0.00899106    0.023159 -0.00351427 -0.00597774 0.0449799  0.041721 0.0144409  -0.055012 -0.0119112   -9.80884 
               184.6 -0.109403    17.745    100.13    26.5451   -5.34075 -0.0713888  0.152515 0.0349697 -0.169843 -0.00656731  -0.0196991   0.0472167  -0.00150718  -0.00881946 -0.000378609   0.0230905   -0.003553 -0.00591803 0.0453147 0.0417875 0.0142878 -0.0550026 -0.0119183   -9.80884 
               184.7 -0.161859   17.7541   100.374    26.5418   -5.33983 -0.0697006  0.152525 0.0349483  -0.16981 -0.00656732  -0.0197001   0.0472192 -0.00945537 -0.00462819  0.00488329   0.0231416 -0.00352763 -0.00598663 0.0452152  0.041638 0.0141282 -0.0550114 -0.0119177   -9.80884 
             184.801 -0.134553    17.726   100.497    26.5436   -5.34265 -0.0669876  0.152533 0.0350054 -0.169794 -0.00656953  -0.0196977   0.0472174 -0.00430924   -0.007126   0.0101364   0.0231183 -0.00352265 -0.00595467 0.0454351 0.0417614 0.0140178 -0.0550024 -0.0119206   -9.80884 
             184.901 -0.139309   17.6471   100.474    26.5487     -5.337 -0.0649598  0.152455 0.0349876 -0.169795 -0.00656921  -0.0197008   0.0472165 0.00712865 0.00733449  0.0126063   0.0231246 -0.00350832 -0.00596326 0.0451617 0.0421358 0.0138535 -0.0549991 -0.0119004   -9.80884 
                 185 -0.0844323    17.6398    100.401    26.5493   -5.33906 -0.0643781  0.152466 0.0350041 -0.169794 -0.00657024  -0.0197017   0.0472164 0.00780289 0.00200084  0.0122288    0.023094 -0.00350702 -0.00597098 0.0453069 0.0420985 0.0139541 -0.0549955 -0.0119067   -9.80884 
               185.1 -0.13518   17.646   100.39    26.5493   -5.33679 -0.0647778  0.152458 0.0349482 -0.169805 -0.0065699 -0.0197007  0.0472166 0.00446045 0.00709885 0.00787412   0.0231137 -0.00350812 -0.00594692 0.0451536 0.0420883 0.0140321 -0.0549995 -0.0119028   -9.80884 
               185.2 -0.148227   17.6516   100.408    26.5476   -5.33292 -0.0667598  0.152466 0.0348476 -0.169851 -0.00656924  -0.0196993   0.0472176 -0.00117879   0.0154382  0.00157089   0.0231174 -0.00350846 -0.00593577 0.0448974 0.0419995 0.0141775 -0.0550084 -0.0118984   -9.80884 
               185.3 -0.150012   17.6762   100.453    26.5451   -5.33599 -0.0670477  0.152533 0.0348754 -0.169921 -0.0065697 -0.0196981  0.0472166 -0.00649728   0.0064205 0.000169881   0.0231302 -0.00351156 -0.00597614 0.0451289 0.0418152 0.0142812 -0.0550069 -0.0119116   -9.80884 
               185.4 -0.127892   17.7045   100.388    26.5434   -5.33584 -0.0663176  0.152557 0.0348874 -0.169948 -0.00657012  -0.0196978   0.0472163 -0.00918674  0.00609879  0.00262762   0.0231105 -0.00350636 -0.00595144 0.0451603 0.0417497 0.0142401 -0.0550084 -0.0119141   -9.80884 
               185.5 -0.113196   17.7807   100.424    26.5476   -5.33486 -0.0682217  0.152463 0.0348747 -0.169839 -0.00656916  -0.0196993   0.0472168 0.00172493 0.00920638 -0.0032844   0.0231042 -0.00353119 -0.00596225 0.0451543 0.0420356 0.0144069 -0.0549984 -0.0119071   -9.80884 
               185.6 -0.116564    17.787   100.436    26.5487   -5.33195 -0.0670192  0.152448 0.0348777 -0.169819 -0.00656936  -0.0196997   0.0472175  0.00440411   0.0141929 0.000434603   0.0231072 -0.00350985 -0.00596767 0.0450883 0.0421159  0.014262 -0.0549989 -0.0119017   -9.80884 
               185.7 -0.164123   17.8456   100.438    26.5515    -5.3345 -0.0691391  0.152419 0.0349038 -0.169778 -0.00656916   -0.019699   0.0472149  0.0071034 0.00697234 -0.0041321   0.0231344 -0.00351129 -0.00597559 0.0452986 0.0422084 0.0144952 -0.0549883 -0.0119074   -9.80884 
               185.8 -0.13701  17.9115  100.378    26.5512    -5.3346 -0.0700196  0.152425 0.0349065 -0.169779 -0.0065692 -0.0196989  0.0472145  0.00433454  0.00606423 -0.00520956   0.0231103 -0.00351499  -0.0059464  0.045326 0.0421471 0.0145428  -0.054989 -0.0119103   -9.80884 
               185.9 -0.106515   17.9994   100.349      26.55   -5.33802 -0.0687314  0.152452 0.0349035 -0.169742 -0.00657037  -0.0196986   0.0472108    0.0010559 -0.000712444 -0.000326289    0.023088 -0.00353198 -0.00593351 0.0455938 0.0420049 0.0144832 -0.0549867 -0.0119213   -9.80884 
                 186 -0.146214   18.0288   100.365    26.5497   -5.33402 -0.0691723  0.152443 0.0348894 -0.169771 -0.00656972   -0.019699   0.0472122  -0.0008941  0.00592681 -0.00146149   0.0231132 -0.00352001 -0.00594919 0.0453317 0.0420329 0.0144368 -0.0549932 -0.0119126   -9.80884 
               186.1 -0.126831   18.0387   100.333    26.5526   -5.33361 -0.0677797  0.152464 0.0348347 -0.169866 -0.00656947  -0.0196996   0.0472125 0.00577298  0.0019198 0.00161398   0.0231042 -0.00352017 -0.00595356 0.0454143 0.0421953 0.0143345 -0.0549875 -0.0119093   -9.80884 
               186.2 -0.11459  17.9692  100.198     26.547   -5.33045 -0.0655255  0.152404 0.0346842 -0.169561 -0.00656805  -0.0196964   0.0472089 -0.00661547  0.00685259  0.00625983   0.0230883 -0.00350701 -0.00593174 0.0452488 0.0418816 0.0141227 -0.0550038   -0.01191   -9.80884 
             186.301 -0.103495   17.9624   100.052    26.5485   -5.33784 -0.0682005  0.152417 0.0349601 -0.169594 -0.00657353  -0.0197023   0.0472144 -0.00248881  -0.0107254 -0.00186681    0.023081 -0.00352818  -0.0059284 0.0456224 0.0419102 0.0144918 -0.0549887 -0.0119247   -9.80884 
               186.4 -0.103397   17.9163   100.006    26.5475   -5.33001 -0.0654296   0.15242 0.0346918 -0.169675 -0.00656691  -0.0196996   0.0472075 -0.00253897   0.0069127   0.0051819   0.0230701 -0.00350452 -0.00589817 0.0451952   0.04197 0.0141318 -0.0550022 -0.0119062   -9.80884 
               186.5 -0.118784   17.9655   100.144    26.5542    -5.3274 -0.0682577  0.152605 0.0350027 -0.170403 -0.00656993  -0.0197019   0.0472056    0.010853  0.00986283 -0.00278439   0.0230898 -0.00352224 -0.00593483 0.0450259 0.0423867  0.014339 -0.0549903 -0.0118952   -9.80884 
               186.6 -0.108332   17.9594   100.178    26.5577   -5.32747 -0.0677653  0.152679 0.0349434 -0.170647 -0.00657163  -0.0197014   0.0472052    0.0168348   0.00542864 -0.000732655   0.0230873 -0.00350092 -0.00594623 0.0451366 0.0425184  0.014311 -0.0549843 -0.0118947   -9.80884 
               186.7 -0.14354  17.9986  100.158     26.551   -5.33205 -0.0699797  0.152397 0.0351211 -0.169588 -0.00656827  -0.0196966   0.0472081 -0.00121095   -0.006039 -0.00590107   0.0231044 -0.00351737 -0.00594733 0.0452584 0.0419769 0.0145208 -0.0549949 -0.0119138   -9.80884 
               186.8 -0.137543   17.9131   100.102    26.5467   -5.33106 -0.0677465  0.152281 0.0348365 -0.169141 -0.00656593  -0.0196963    0.047208 -0.00992087 -0.00452455 0.000851642   0.0230914 -0.00347717 -0.00591249 0.0452185 0.0417601 0.0142887 -0.0550057 -0.0119137   -9.80884 
               186.9 -0.174068   17.9145   100.126    26.5423   -5.32996 -0.0702526  0.152168 0.0350539 -0.168794 -0.00656483  -0.0196957   0.0472086  -0.0186906 -0.00225145 -0.00559899    0.023111 -0.00348844 -0.00591362 0.0449868 0.0415829 0.0144234 -0.0550141 -0.0119137   -9.80884 
                 187 -0.143054    17.909   100.228    26.5453   -5.33237 -0.0681519  0.152322 0.0348537 -0.169279 -0.00656791  -0.0196946   0.0472082 -0.00895851 -0.00798651   0.0012659   0.0231095 -0.00349484 -0.00596077 0.0452625 0.0418365  0.014296 -0.0550023 -0.0119135   -9.80884 
               187.1 -0.166508   17.8862   100.138     26.549   -5.33125 -0.0693295  0.152455 0.0349732 -0.169835 -0.00656789  -0.0196958   0.0472076 -0.000311484  -0.00559996  -0.00214334   0.0231054 -0.00349526 -0.00591232 0.0451463 0.0421212 0.0143627 -0.0549954 -0.0119052   -9.80884 
               187.2 -0.143351   17.8581   100.245     26.552   -5.33357 -0.0678144  0.152538 0.0348648 -0.170099 -0.00656935  -0.0196952   0.0472079  0.00597895 -0.00963019   0.0021847   0.0231074 -0.00349775 -0.00596297 0.0453391 0.0422712 0.0142848 -0.0549877 -0.0119059   -9.80884 
               187.3 -0.131888   17.8708   100.237    26.5476   -5.33884 -0.0686183  0.152406 0.0349357 -0.169533 -0.00656866  -0.0196935   0.0472068  -0.00431181   -0.0186656 -0.000309336   0.0230957 -0.00352576 -0.00595133 0.0454934  0.041942 0.0144146 -0.0549924 -0.0119193   -9.80884 
               187.4 -0.150853   17.8072   100.239   26.5448   -5.3406 -0.069071  0.152355 0.0349522  -0.16934 -0.00656835   -0.019693   0.0472068 -0.00951481  -0.0189332  -0.0013902    0.023103 -0.00351253 -0.00594623 0.0454433 0.0418202 0.0144341 -0.0549969 -0.0119209   -9.80884 
               187.5 -0.110474   17.7875   100.259     26.549   -5.34253 -0.0693916  0.152456 0.0349866 -0.169755 -0.0065692 -0.0196942  0.0472079 0.000563388  -0.0189009 -0.00161579   0.0230815 -0.00352589 -0.00595207 0.0454875 0.0421071 0.0144609 -0.0549872  -0.011916   -9.80884 
               187.6 -0.150466   17.7196   100.256    26.5496   -5.34144 -0.0704371  0.152462 0.0350171 -0.169843 -0.00656847  -0.0196943   0.0472067 0.000682738  -0.0127387 -0.00402903   0.0231016 -0.00351036 -0.00594933 0.0452883 0.0421731   0.01447 -0.0549896 -0.0119092   -9.80884 
               187.7 -0.159793   17.7604   100.117    26.5485   -5.34344 -0.0717894  0.152444 0.0350559 -0.169768 -0.00656892  -0.0196942   0.0472067 -0.00292123  -0.0121159 -0.00636086   0.0230829 -0.00355156 -0.00588001 0.0453003 0.0421014 0.0145484 -0.0549905 -0.0119121   -9.80884 
               187.8 -0.178998   17.7252   100.207    26.5478   -5.34184 -0.0732448  0.152436 0.0350619 -0.169785 -0.00656827  -0.0196943    0.047207 -0.00526654 -0.00423668 -0.00867457   0.0231122  -0.0035316 -0.00594187 0.0451198 0.0421135 0.0145589 -0.0549943 -0.0119069   -9.80884 
               187.9 -0.2032 17.7234 100.105    26.545  -5.34249 -0.073411  0.152428 0.0350451 -0.169712 -0.0065691 -0.0196939  0.0472074   -0.011741 -0.00288116 -0.00738504   0.0231162  -0.0035143 -0.00591556 0.0451298 0.0419815 0.0145069 -0.0549983 -0.0119098   -9.80884 
                 188 -0.147114   17.7835   100.166    26.5425   -5.34423 -0.0713997  0.152441 0.0350447 -0.169672 -0.00657056  -0.0196925   0.0472055   -0.0146532   -0.0028062 -0.000928288   0.0230961 -0.00353878 -0.00595534 0.0452761 0.0418913 0.0143316 -0.0549988 -0.0119145   -9.80884 
               188.1 -0.147548    17.757   100.202    26.5464   -5.34726 -0.0696744  0.152445 0.0350946 -0.169668 -0.00657251  -0.0196921   0.0472046 -0.00421293  -0.0065009  0.00355361   0.0230885 -0.00350664  -0.0059237 0.0455404 0.0421749 0.0142624 -0.0549849 -0.0119149   -9.80884 
               188.2 -0.171143   17.8276   100.303    26.5431   -5.34824 -0.0706719  0.152457 0.0350651 -0.169696 -0.00657044  -0.0196915   0.0472055  -0.0116451 -0.00447074 0.000121842   0.0231006 -0.00351675 -0.00592186 0.0455064 0.0420108 0.0143617 -0.0549898 -0.0119185   -9.80884 
               188.3 -0.112561   17.8804   100.257    26.5479   -5.34469 -0.0692796  0.152407 0.0350973 -0.169604 -0.00657285  -0.0196928   0.0472098 0.000232376  0.00651413  0.00360957   0.0230609 -0.00352045 -0.00589585 0.0453749 0.0424026 0.0142079 -0.0549827 -0.0119045   -9.80884 
               188.4 -0.154773   17.9407   100.287    26.5502   -5.33956 -0.0699744  0.152367 0.0350754 -0.169563 -0.00657284  -0.0196941   0.0472123  0.00347544    0.018348 0.000972153   0.0230986 -0.00352391 -0.00594048 0.0451214 0.0425958 0.0142137 -0.0549831  -0.011893   -9.80884 
               188.5 -0.125991   17.9661   100.202    26.5499   -5.33723 -0.0676519  0.152381 0.0350903 -0.169569 -0.00657319  -0.0196938   0.0472124 0.00198376  0.0184423 0.00631354   0.0230726  -0.0035024 -0.00590454 0.0451373 0.0425651 0.0140399 -0.0549849 -0.0118928   -9.80884 
               188.6 -0.17221  18.0148  100.268    26.5495   -5.33024 -0.0672084  0.152367 0.0350751 -0.169582 -0.00657263  -0.0196945   0.0472142 -0.000350865    0.0281552   0.00576926   0.0231127 -0.00350042 -0.00594863 0.0448262 0.0425924 0.0139604 -0.0549919  -0.011883   -9.80884 
               188.7 -0.133766   18.0113   100.041    26.5537   -5.32523 -0.0670105  0.152362 0.0350872 -0.169642 -0.00656974  -0.0196945   0.0472152 0.00767457  0.0331588  0.0047405   0.0230686 -0.00350368   -0.005874 0.0447389 0.0428598 0.0139629 -0.0549865 -0.0118747   -9.80884 
               188.8 -0.144927   18.0078   100.051    26.5457   -5.32486 -0.0670794  0.152311 0.0351022 -0.169336 -0.00657268  -0.0196927    0.047215 -0.010841 0.0259631 0.0032395   0.0230993 -0.00351776 -0.00595575 0.0447802 0.0423223 0.0140228 -0.0549998 -0.0118887   -9.80884 
               188.9 -0.128188   18.0051   99.9948    26.5476   -5.32832 -0.0707957  0.152338  0.035352 -0.169425 -0.00657575  -0.0196951   0.0472171 -0.00455484   0.0111937 -0.00624677   0.0230775 -0.00352964 -0.00592033 0.0450265 0.0424234 0.0144084 -0.0549873 -0.0118977   -9.80884 
                 189 -0.167978   18.0117   99.9868    26.5491   -5.33001 -0.0728342  0.152371 0.0354624 -0.169536 -0.00657702  -0.0196951   0.0472176 -0.000948443   0.00333599  -0.00951417   0.0230918 -0.00352657 -0.00589083 0.0451601 0.0425094 0.0145576 -0.0549803 -0.0119014   -9.80884 
               189.1 -0.165131   18.0112   99.9957    26.5471   -5.32837 -0.0731676 0.152332 0.035404  -0.1694 -0.00657612  -0.0196951   0.0472175 -0.00582887  0.00421021 -0.00812657   0.0231035  -0.0035198 -0.00593546 0.0450822 0.0424228 0.0144862 -0.0549852 -0.0119001   -9.80884 
               189.2 -0.150728   17.9732   99.7871    26.5458   -5.33049 -0.0712729  0.152316 0.0351564 -0.169288 -0.00657646  -0.0196959   0.0472188 -0.00782808 -0.00321183 -0.00162668   0.0230836   -0.003511 -0.00590222 0.0453225 0.0423599 0.0143473 -0.0549842 -0.0119051   -9.80884 
               189.3 -0.140889   17.9943   99.8726     26.549   -5.32722 -0.0712361   0.15245 0.0351435 -0.169815 -0.00657676  -0.0196977   0.0472184 -0.000258387    0.0024492  -0.00104172   0.0230965 -0.00352231 -0.00595926 0.0451633 0.0426302 0.0142823 -0.0549806 -0.0118948   -9.80884 
               189.4 -0.128439   17.9426    99.809    26.5488   -5.33492 -0.0685441  0.152428 0.0348847 -0.169607 -0.00657853  -0.0196961   0.0472217 -0.000387848   -0.0163142   0.00602021   0.0230703 -0.00350248  -0.0058952 0.0457222 0.0425288 0.0142338 -0.0549739 -0.0119097   -9.80884 
               189.5 -0.159385   17.8753    99.929    26.5448   -5.33622 -0.0695498  0.152291  0.035022 -0.169133 -0.0065765 -0.0196958   0.047222 -0.00910128  -0.0181465  0.00196453   0.0231076 -0.00348624    -0.00596 0.0455882  0.042303 0.0143202 -0.0549815 -0.0119119   -9.80884 
               189.6 -0.108824   17.8951   99.8489     26.546   -5.33778 -0.0674681  0.152365 0.0348537 -0.169391 -0.00657723  -0.0196959   0.0472222 -0.00365693  -0.0182663  0.00638917   0.0230708 -0.00352387 -0.00593467 0.0456708 0.0424278  0.014196 -0.0549781 -0.0119098   -9.80884 
               189.7 -0.104259   17.8032   99.9441    26.5446   -5.33852 -0.0667942  0.152334   0.03484 -0.169296 -0.00657628  -0.0196965   0.0472215 -0.00503952  -0.0176322  0.00615055   0.0230815 -0.00350439 -0.00598143 0.0455902 0.0423814 0.0141687 -0.0549812 -0.0119081   -9.80884 
               189.8 -0.137776   17.7208   99.9096    26.5439   -5.33388 -0.0665105  0.152333 0.0348429 -0.169407 -0.00657409  -0.0196985   0.0472174 -0.00597286 -0.00444706  0.00525697   0.0230887 -0.00349369 -0.00595002 0.0452018 0.0424396 0.0140784 -0.0549875  -0.011896   -9.80884 
               189.9 -0.106754   17.7029    100.02    26.5489   -5.33391 -0.0641278  0.152484 0.0347504 -0.169942 -0.00657716  -0.0196992   0.0472168  0.00581803 -0.00308873   0.0102444   0.0230831 -0.00350283 -0.00598632 0.0453044 0.0427688 0.0139606 -0.0549776 -0.0118911   -9.80884 
                 190 -0.123176   17.7192   100.021     26.546   -5.33214 -0.0661794  0.152404 0.0348691  -0.16972 -0.00657486  -0.0196992    0.047219 -0.00179897 0.000551378  0.00276012   0.0230741  -0.0034965 -0.00593123  0.045042 0.0425873 0.0141239  -0.054986 -0.0118896   -9.80884 
               190.1 -0.10046  17.7337  100.244    26.5502    -5.3298 -0.0652272  0.152468 0.0348598 -0.170008 -0.00657906  -0.0197015   0.0472188 0.00645575 0.00670504 0.00422761   0.0230737 -0.00349931 -0.00596312 0.0449799 0.0428618 0.0140479 -0.0549801 -0.0118819   -9.80884 
               190.2 -0.169962   17.7416   100.132     26.544   -5.32997 -0.0680123  0.152393 0.0349039 -0.169707 -0.00657794  -0.0196985   0.0472223 -0.00905842   0.0075249 -0.00394174   0.0230927 -0.00351369 -0.00591281  0.044886 0.0424606  0.014275 -0.0549912 -0.0118894   -9.80884 
               190.3 -0.1405 17.7138 100.156    26.5435   -5.33505 -0.0676775  0.152403 0.0349347 -0.169663 -0.00657867  -0.0196986   0.0472201 -0.00806699 -0.00430896 -0.00207652   0.0230969 -0.00349017 -0.00598335 0.0452516 0.0424147 0.0143268 -0.0549847 -0.0119003   -9.80884 
               190.4 -0.145728   17.7482   100.044    26.5429   -5.33724 -0.0683179  0.152403  0.034945 -0.169658 -0.00657865  -0.0196998    0.047219 -0.00842052  -0.0053612   -0.003206   0.0230885 -0.00351542 -0.00595332 0.0453565 0.0424093 0.0143922 -0.0549822 -0.0119036   -9.80884 
               190.5 -0.165649   17.7046   100.109    26.5472   -5.33613 -0.0703824  0.152367 0.0349401 -0.169665 -0.00657775  -0.0197007   0.0472184   0.0011907 0.000827236 -0.00739041   0.0230985 -0.00350105  -0.0059524 0.0452818 0.0427279 0.0145067 -0.0549745 -0.0118959   -9.80884 
               190.6 -0.130161   17.6954    100.18  26.5478 -5.33439 -0.06891  0.152373 0.0349723 -0.169656 -0.00657754  -0.0197005   0.0472188  0.00225958  0.00533201 -0.00228492   0.0230806 -0.00348767 -0.00595726 0.0452386  0.042783 0.0143177 -0.0549751 -0.0118924   -9.80884 
               190.7 -0.152959   17.7689   100.206    26.5487   -5.34262 -0.0687823  0.152397 0.0350199 -0.169625 -0.00657782  -0.0196989    0.047213   0.00244456   -0.0125525 -0.000932242   0.0230984 -0.00351022 -0.00597325 0.0457759 0.0427198 0.0144489 -0.0549646 -0.0119087   -9.80884 
               190.8 -0.177196   17.8082   100.151    26.5494   -5.33845 -0.0710565   0.15236 0.0349538 -0.169625 -0.00657655  -0.0196981   0.0472167   0.0017806 0.000576637 -0.00618231   0.0231061 -0.00351486 -0.00595747 0.0454217  0.042811 0.0145167 -0.0549694  -0.011898   -9.80884 
               190.9 -0.147025    17.854   100.105    26.5513   -5.34149 -0.0691984  0.152368 0.0350155 -0.169572 -0.00657737   -0.019699   0.0472144   0.00464579  -0.00521312 -4.90746e-05   0.0230826 -0.00352383 -0.00593809 0.0456783 0.0428728 0.0143956  -0.054963 -0.0119025   -9.80884 
                 191 -0.161775   17.8473   100.145    26.5525   -5.34415 -0.0703674  0.152358 0.0350126 -0.169554 -0.00657767  -0.0196991   0.0472139  0.00492109  -0.0101896 -0.00285683   0.0231011  -0.0035111 -0.00597128 0.0457842 0.0428906 0.0145188 -0.0549595 -0.0119056   -9.80884 
               191.1 -0.12098  17.8613  99.9679   26.5501  -5.33846 -0.070634  0.152367 0.0349841 -0.169606 -0.00657724   -0.019694   0.0472137 -0.000796408   0.00542801  -0.00315578   0.0230619 -0.00351554 -0.00592097 0.0453652 0.0427937 0.0143935 -0.0549715 -0.0118964   -9.80884 
               191.2 -0.166731   17.9025   99.9186    26.5474   -5.33013 -0.0707941  0.152368 0.0349517 -0.169639 -0.00657638  -0.0196902   0.0472152 -0.00693624   0.0223643 -0.00296546   0.0230942 -0.00352092  -0.0059417 0.0448894 0.0427375 0.0142401 -0.0549837 -0.0118847   -9.80884 
               191.3 -0.168614   17.9265   99.9519    26.5408   -5.32656 -0.0725184  0.152366 0.0349571 -0.169587 -0.00657607   -0.019689   0.0472161  -0.0193522   0.0242962 -0.00650172   0.0230998 -0.00350346 -0.00595577 0.0447035 0.0424098 0.0142983 -0.0549954 -0.0118873   -9.80884 
               191.4 -0.174451   17.9815   100.021    26.5405   -5.32299 -0.0707441   0.15238   0.03489 -0.169635 -0.00657709  -0.0196899   0.0472158  -0.0162707   0.0244205 -0.00060647   0.0231078 -0.00351298 -0.00596496 0.0447176 0.0425248  0.014112 -0.0549938 -0.0118835   -9.80884 
               191.5 -0.128533   17.9585   100.003   26.5368  -5.32224 -0.067148  0.152387 0.0347376 -0.169532 -0.0065761  -0.019688  0.0472161 -0.0199293  0.0189813  0.0081225   0.0230723 -0.00349462 -0.00593297 0.0449021 0.0423901 0.0138832 -0.0549961 -0.0118882   -9.80884 
               191.6 -0.100656   17.9681   100.171    26.5387   -5.32128 -0.0647497  0.152444 0.0346651 -0.169726 -0.00657913  -0.0196869   0.0472167 -0.0120748  0.0164594   0.012186    0.023076 -0.00350746 -0.00598988  0.045049 0.0426055 0.0138018 -0.0549885 -0.0118867   -9.80884 
               191.7 -0.148354   18.0148   100.121    26.5404   -5.32163 -0.0677916  0.152472 0.0349614 -0.169899 -0.00658009  -0.0196856   0.0472161 -0.0075733  0.0116288 0.00212503   0.0230905 -0.00352874 -0.00595119 0.0450439 0.0427486 0.0141334 -0.0549812 -0.0118882   -9.80884 
               191.8 -0.101122   17.9646    100.13    26.5415   -5.32233 -0.0697871  0.152495  0.035135 -0.170015 -0.00658181  -0.0196858   0.0472168 -0.00344409   0.0058792 -0.00318118   0.0230706 -0.00349911 -0.00597609 0.0450809 0.0428301 0.0143165 -0.0549763 -0.0118899   -9.80884 
               191.9 -0.14881  17.9941  100.011    26.5436   -5.32307 -0.0713278  0.152546  0.035243 -0.170221 -0.00658173  -0.0196864   0.0472167 0.000704213  0.00192512 -0.00635287   0.0230823 -0.00351827 -0.00592797 0.0451353 0.0429586 0.0144278 -0.0549708 -0.0118903   -9.80884 
                 192 -0.110875   17.8834   100.081    26.5474   -5.32607 -0.0656803  0.152661 0.0347416 -0.170518 -0.00657944  -0.0196863   0.0472219  0.00992595 -0.00794011  0.00893356   0.0230718 -0.00345977 -0.00595983 0.0455826 0.0431412 0.0140696 -0.0549626 -0.0118924   -9.80884 
               192.1 -0.136863   17.9232   100.021    26.5575   -5.32922 -0.0672478  0.152899 0.0349823 -0.171415 -0.00657946  -0.0196883   0.0472218  0.0281929 -0.0136635 0.00325716   0.0230733 -0.00349071 -0.00591811 0.0457246 0.0436382 0.0143024 -0.0549448 -0.0118898   -9.80884 
               192.2 -0.150716   17.8839   100.018    26.5552   -5.33498 -0.0670762  0.152743 0.0349944 -0.170798 -0.00658105  -0.0196873   0.0472237  0.0173587 -0.0235486 0.00298216    0.023079 -0.00348097 -0.00591689  0.045916 0.0432976  0.014374 -0.0549492 -0.0119013   -9.80884 
               192.3 -0.117212   17.8954   99.9433     26.558   -5.34074 -0.0664965  0.152761 0.0349861 -0.170838 -0.00658175  -0.0196883   0.0472237  0.0199007 -0.0317671 0.00374233   0.0230463 -0.00349387  -0.0058735 0.0461285 0.0433211 0.0144157 -0.0549443 -0.0119062   -9.80884 
               192.4 -0.127231   17.8655   100.112    26.5492   -5.34234 -0.0664579  0.152486   0.03497 -0.169839 -0.00657678   -0.019688   0.0472249 -0.00201754  -0.0296874   0.0029533   0.0230723 -0.00349271 -0.00593953 0.0459049 0.0427261 0.0143777 -0.0549639 -0.0119112   -9.80884 
               192.5 -0.141424   17.9021   99.9371    26.5465   -5.34589 -0.0693652  0.152411 0.0351816 -0.169611 -0.00657642  -0.0196872   0.0472253 -0.00806318  -0.0306427 -0.00490027    0.023045 -0.00353141 -0.00583424 0.0458035 0.0425777 0.0145991 -0.0549671 -0.0119143   -9.80884 
               192.6 -0.165717   17.8529   100.054    26.5459   -5.35047 -0.0725773  0.152398 0.0353532 -0.169611 -0.00657679  -0.0196862   0.0472253  -0.009066 -0.0339281 -0.0113453    0.023078 -0.00352861 -0.00589749 0.0457987 0.0425724 0.0148118 -0.0549652 -0.0119168   -9.80884 
               192.7 -0.195844   17.7715   99.7623    26.5422   -5.35182 -0.0731457  0.152351 0.0353078 -0.169423 -0.00657776  -0.0196839   0.0472244 -0.0162711 -0.0304039 -0.0104013   0.0230459 -0.00351339 -0.00574579 0.0456686 0.0424346  0.014728 -0.0549716 -0.0119154   -9.80884 
               192.8 -0.171692   17.7483   99.7814    26.5374   -5.35152 -0.0725168  0.152314 0.0352111 -0.169242 -0.00657711  -0.0196823   0.0472233  -0.0230902  -0.0238861 -0.00653954   0.0230298 -0.00352105 -0.00574667 0.0454916 0.0422812 0.0145442 -0.0549802 -0.0119121   -9.80884 
               192.9 -0.164741   17.7168   99.8719    26.5322   -5.34844 -0.0709048    0.1523 0.0350988 -0.169147 -0.00657491  -0.0196837   0.0472226  -0.0294979  -0.0114361 -0.00135232   0.0230366 -0.00352702 -0.00578991 0.0452178 0.0421782 0.0142816 -0.0549899  -0.011905   -9.80884 
             193.001 -0.162626   17.6543   100.006    26.5353   -5.34769 -0.0690892  0.152368 0.0350605 -0.169426 -0.00657887  -0.0196852   0.0472218  -0.0176721 -0.00667256  0.00362913   0.0230596 -0.00351204 -0.00586948 0.0452308 0.0425557 0.0141297 -0.0549813 -0.0118972   -9.80884 
               193.1 -0.204111   17.6293   100.151    26.5324    -5.3459 -0.0716994  0.152347 0.0350804  -0.16943 -0.00657792  -0.0196876   0.0472219  -0.0211347  -0.0015931 -0.00385082  0.0231111 -0.0035044 -0.0059693 0.0450056  0.042525 0.0142963 -0.0549849 -0.0118935   -9.80884 
               193.2 -0.201572   17.6207   100.099    26.5219   -5.34732 -0.0707755  0.152354 0.0350422 -0.169323 -0.0065749 -0.0196862  0.0472233   -0.0393814  -0.00437302 -0.000950742   0.0231105 -0.00349607 -0.00597966 0.0450196 0.0420321 0.0142015 -0.0549977 -0.0119019   -9.80884 
               193.3 -0.177237    17.625   100.057    26.5277    -5.3479 -0.0719972 0.152318 0.035088 -0.16932 -0.00657558  -0.0196881   0.0472238  -0.0211376 -0.00257071 -0.00349146    0.023089  -0.0035201 -0.00595576 0.0451091 0.0425897 0.0143097 -0.0549816 -0.0118948   -9.80884 
               193.4 -0.199556   17.6473   100.439    26.5363   -5.34864 -0.0717575  0.152247 0.0351776 -0.169157 -0.00658808  -0.0196865   0.0472181  0.00151689 -0.00968349 -0.00224946   0.0231241 -0.00353964 -0.00602081 0.0452682 0.0432085 0.0143031 -0.0549626 -0.0118875   -9.80884 
               193.5 -0.177733   17.7675   101.829    26.5459   -5.34574 -0.0705285  0.152105 0.0353091 -0.168878 -0.00663596  -0.0196995    0.047207  0.0327153 -0.0131831 0.00359828   0.0231417 -0.00350438 -0.00609666 0.0451375 0.0437721  0.014156 -0.0549493 -0.0118717   -9.80884 
               193.6 -0.0532612    18.1454    107.238    26.5522    -5.3512 -0.0712657  0.152124 0.0353682 -0.168709 -0.00666195  -0.0196291   0.0471887  0.0435805 -0.0377125 -0.0018446   0.0231822 -0.00354157 -0.00627631 0.0453039 0.0438827 0.0142749 -0.0549393 -0.0118775   -9.80884 
               193.7 0.10361 18.2411 118.347   26.5569  -5.35186 -0.068403  0.152089 0.0352116 -0.168856 -0.00673172  -0.0197561   0.0471743   0.0448348   -0.041517 -0.00682011   0.0232843   -0.003482 -0.00647001 0.0452188 0.0439267 0.0140051  -0.054943 -0.0118639   -9.80884 
               193.8 0.132141   18.557  132.554    26.5648    -5.3586 -0.0674936  0.152325 0.0352864 -0.168677  -0.006831 -0.0195049  0.0471304  0.0525681 -0.0577647 0.00415861   0.0233938 -0.00348525 -0.00664376 0.0453804 0.0441159 0.0140173 -0.0549202 -0.0118709   -9.80884 
               193.9 -0.182428   18.9805   147.724     26.566   -5.36146 -0.0617598  0.151831 0.0339488  -0.16849 -0.00665732  -0.0199099   0.0472165  0.0689409 -0.0423119  0.0142424   0.0234863   -0.003471 -0.00672732 0.0455325 0.0437871 0.0136591 -0.0549615 -0.0118731   -9.80884 
                 194 -0.171732   19.3748   163.723    26.5664   -5.37673 -0.0620878  0.151737 0.0334006 -0.167152 -0.00578656   -0.020069    0.047568  0.0702895 -0.0690729  0.0192078   0.0235622 -0.00350161 -0.00682262 0.0458307 0.0432164 0.0139172  -0.054966 -0.0119715   -9.80884 
               194.1 -0.409427   19.3514   179.524    26.5702    -5.3796 -0.0616879  0.151333 0.0339973 -0.166922 -0.00587132  -0.0203045    0.047537   0.070849 -0.0324049  0.0159854   0.0235686 -0.00346676  -0.0066798 0.0455409 0.0430893 0.0139418 -0.0549997 -0.0119835   -9.80884 
               194.2 -0.754028   19.1387  -164.701    26.5638   -5.37113 -0.0610396  0.150487 0.0353239 -0.168216 -0.00680236  -0.0208849   0.0471106 0.0347754 0.0452084 0.0123037   0.0236915 -0.00348186 -0.00676345 0.0444719 0.0429968  0.013706 -0.0552207 -0.0120084   -9.80884 
               194.3  -1.0846  18.8133 -149.283    26.5686   -5.36182 -0.0582319  0.151227 0.0343797 -0.169685 -0.00695008  -0.0206211   0.0470466  0.0696927  0.0300655 0.00902633   0.0237732 -0.00346929  -0.0068235 0.0446517 0.0432908  0.013608 -0.0552734 -0.0119454   -9.80884 
               194.4 -1.31173  18.4233 -133.861    26.5928    -5.3664 -0.0634567  0.148715 0.0367781 -0.165601 -0.00552043  -0.0209743   0.0476923  0.0670236  0.0718949 0.00178768   0.0238335 -0.00349717 -0.00686537 0.0451394 0.0423968 0.0141966 -0.0547767 -0.0118333   -9.80884 
               194.5  -1.2185  18.0298 -118.515    26.5855   -5.35948 -0.0699039  0.147254 0.0410453  -0.16824 -0.00634543  -0.0210007   0.0473506 0.00615083  0.0906459 -0.0091904   0.0238212 -0.00350907 -0.00676935  0.043644 0.0421681 0.0142671 -0.0549832 -0.0120452   -9.80884 
               194.6 -1.23563  17.5192 -102.844    26.5871   -5.34771 -0.0726166  0.146752 0.0417417 -0.168776 -0.00625668  -0.0208131    0.047405  -0.020432   0.103594 -0.0184498   0.0239282 -0.00348718 -0.00698439 0.0435932 0.0421758 0.0143916 -0.0550164 -0.0119807   -9.80884 
               194.7 -1.47959  17.0896 -88.4208    26.5925   -5.34234 -0.0693028  0.147888 0.0398464  -0.16575 -0.00603248  -0.0214822   0.0474258 -0.00876262   0.0835916  -0.0134842   0.0240362 -0.00348891 -0.00693406 0.0441252 0.0419528 0.0141186 -0.0547265 -0.0119943   -9.80884 
               194.8 -1.32069  17.0874 -76.1612     26.587   -5.33829 -0.0749651  0.146429 0.0413624 -0.167646 -0.00633522  -0.0213753   0.0473327 -0.00359137   0.0492436   -0.020204   0.0239456 -0.00353879 -0.00674392 0.0434742 0.0417435 0.0142811 -0.0548125 -0.0121383   -9.80884 
               194.9 -1.27636  17.4203 -69.8771    26.5964   -5.32987 -0.0776747  0.144303  0.041677 -0.165628 -0.00594597  -0.0218136   0.0474253   0.021788  0.0433862 -0.0208573   0.0239213 -0.00354878 -0.00652797  0.043977 0.0410089 0.0144993 -0.0545479 -0.0118445   -9.80884 
                 195 -1.34721  17.8555 -70.6671    26.5852   -5.32845 -0.0794536   0.14648 0.0400951 -0.167751 -0.00578378  -0.0212064   0.0475012  -0.0184439 -0.00530289   -0.029909   0.0238352 -0.00355343  -0.0061997 0.0438087 0.0423351 0.0144234 -0.0550997 -0.0120876   -9.80884 
               195.1 -1.21021  18.5329  -73.832    26.5703   -5.32876 -0.0811921  0.147734 0.0380665 -0.168405 -0.00517863  -0.0209602   0.0476797 -0.0486683 -0.0579607 -0.0491748   0.0237439 -0.00359514 -0.00611289 0.0442808 0.0437836 0.0144311 -0.0557562 -0.0120769   -9.80883 
               195.2 -1.05439  19.7264 -77.1844    26.5628   -5.34414 -0.0843352  0.150353 0.0386299 -0.169002 -0.00517484  -0.0204382   0.0477818 -0.0270508  -0.145207 -0.0471889   0.0236793 -0.00358921 -0.00600727 0.0435333 0.0445238 0.0139981  -0.055883 -0.0124661   -9.80883 
               195.3 -1.04199  20.5955 -79.0078    26.5743   -5.36532 -0.0858566  0.150611 0.0419066 -0.171164 -0.00581486  -0.0205192   0.0475952  0.0256394  -0.248578 -0.0118341   0.0237532 -0.00357134 -0.00618211 0.0428133 0.0430953 0.0136402 -0.0551907 -0.0124976   -9.80884 
               195.4 -1.07169  20.6501 -80.3487    26.5859   -5.39847 -0.0863411  0.151654 0.0445979 -0.173644 -0.00614332  -0.0205149   0.0474857  0.0597888    -0.3954 -0.0213822   0.0237321 -0.00351894  -0.0061725 0.0421732  0.042269 0.0132297 -0.0547439 -0.0125694   -9.80884 
               195.5 -1.18927  20.1287 -80.9431     26.594   -5.43848 -0.0851394  0.150665 0.0459755 -0.173526 -0.00620384  -0.0207503   0.0475006   0.0605355   -0.538859 -0.00251093   0.0237772 -0.00349253 -0.00624601 0.0427064 0.0417595 0.0132201 -0.0546382 -0.0121931   -9.80884 
               195.6 -1.13239  19.4901 -81.5934    26.5972   -5.51063 -0.0774522  0.153066 0.0494137 -0.173224 -0.00600297  -0.0205192   0.0474302 0.0675782 -0.695619 0.0513006   0.0237573 -0.00349767 -0.00613709 0.0410436 0.0427579 0.0122553 -0.0547964  -0.012843   -9.80884 
               195.7 -0.755099   18.6497  -81.5783    26.6096   -5.59427 -0.0762458   0.15574  0.047752 -0.179062 -0.00599635  -0.0204468   0.0473021  0.105465 -0.856638 0.0487715   0.0237072 -0.00350932  -0.0061491 0.0404181 0.0425599  0.012204 -0.0545636 -0.0132351   -9.80884 
               195.8 -0.51735  17.1496  -81.466    26.6226   -5.69078 -0.0749462  0.157717 0.0449835  -0.18368 -0.0059645 -0.0204281  0.0471816  0.119853 -0.983874 0.0138554   0.0237433 -0.00345461 -0.00625574 0.0401618 0.0424517 0.0122991 -0.0544168 -0.0135405   -9.80884 
               195.9 -0.295347   15.9822  -81.4885    26.6404   -5.79259 -0.0743213  0.160161 0.0446953 -0.190512 -0.00597271  -0.0204066   0.0471698   0.114808   -1.07567 0.00778769   0.0237495 -0.00346593 -0.00618138 0.0401796 0.0419993 0.0123543 -0.0541865 -0.0135161   -9.80884 
                 196 -0.168912   15.2744  -81.4796    26.6585   -5.90222 -0.0737465  0.163034 0.0445468  -0.19919 -0.0059753 -0.0203735  0.0471747   0.158824   -1.13707 0.00585005   0.0237786 -0.00348107 -0.00619717 0.0402852 0.0414606 0.0124296  -0.053938 -0.0134379   -9.80884 
               196.1  0.18597  14.8945 -81.0863     26.679   -6.02008 -0.0730938  0.164402 0.0450976 -0.202819 -0.00595735  -0.0203724   0.0471727    0.223431    -1.18864 -0.00364225   0.0237593  -0.0035009 -0.00614082 0.0400297  0.041317 0.0123289 -0.0538404 -0.0135111   -9.80884 
               196.2 0.370695  14.3606 -80.4172    26.6977   -6.14095 -0.0738605  0.162085 0.0428611 -0.195152 -0.00598011  -0.0203906   0.0471691  0.230092  -1.23461 0.0096333   0.0237686 -0.00348058 -0.00625643 0.0404446 0.0417392 0.0125483 -0.0540342 -0.0134964   -9.80884 
               196.3 0.244849  13.9641 -80.1063   26.7164  -6.26694 -0.071426  0.159047 0.0447998 -0.186031 -0.00600255  -0.0204183   0.0471558   0.222158   -1.27257 -0.0021106   0.0237954 -0.00349584 -0.00620177 0.0401396 0.0421929 0.0123331 -0.0542499 -0.0135308   -9.80884 
               196.4 0.237371   13.982 -79.5912    26.7272   -6.40022 -0.0691513  0.151598 0.0467142 -0.161313 -0.00605013  -0.0204963   0.0471439  0.203407  -1.30841 0.0136551   0.0238014 -0.00353686 -0.00626182 0.0395528 0.0435263 0.0119933 -0.0548051 -0.0137462   -9.80884 
               196.5 0.380126  14.1067 -79.3333    26.7512   -6.53833 -0.0693967   0.15326   0.04492 -0.162332 -0.00603145  -0.0205026    0.047234   0.231805    -1.3249 0.00923726   0.0237585 -0.00353468 -0.00623208 0.0390991 0.0435661 0.0119817 -0.0546658 -0.0140769   -9.80884 
             196.601 0.392352  14.2168 -79.8726    26.7691   -6.66605 -0.0690727  0.150871 0.0432363 -0.155123 -0.00602451  -0.0205415   0.0471548  0.219393  -1.31809 0.0105971   0.0237648 -0.00352011 -0.00620333 0.0399863 0.0441166 0.0123071   -0.05498 -0.0138096   -9.80884 
               196.7 0.00155996    14.4354    -82.368    26.7922   -6.79108 -0.0690685   0.15333 0.0414702 -0.164609 -0.00606407  -0.0205942   0.0470945  0.179511  -1.30111 0.0125102   0.0237293 -0.00352459 -0.00611775 0.0409433 0.0436122 0.0127374 -0.0548463 -0.0134532   -9.80884 
               196.8 -0.682659   15.1484  -87.1397    26.7972   -6.91912 -0.0686466  0.151258 0.0419039 -0.159535 -0.00596963  -0.0206625   0.0470456 -0.0265922    -1.2762 -0.0124925   0.0237078 -0.00357814 -0.00600276 0.0411033 0.0440303 0.0126993 -0.0550915 -0.0133788   -9.80884 
               196.9 -1.14279   16.384 -94.7522    26.7846   -7.04132 -0.0695967  0.151419 0.0417386 -0.161205 -0.00600668  -0.0207034   0.0470224  -0.256897   -1.17112 0.00322349   0.0236083 -0.00360122 -0.00588911 0.0412559 0.0438246 0.0127784 -0.0550329 -0.0133059   -9.80884 
                 197 -1.05519  17.8515 -104.269    26.7537   -7.15423 -0.0689256  0.154323 0.0429708 -0.162392 -0.00610098    -0.02062   0.0470344   -0.397817    -1.03544 0.000832051   0.0235133 -0.00366028 -0.00577925 0.0409034 0.0440885 0.0124999  -0.054948 -0.0133995   -9.80884 
               197.1 -1.11817   18.547 -113.865    26.7001   -7.25258 -0.0667536  0.158309 0.0422957 -0.164328 -0.00592533  -0.0204883   0.0471435 -0.586484 -0.888187 0.0242679   0.0234764 -0.00361893 -0.00581343 0.0408368 0.0451969 0.0123709  -0.055204 -0.0135331   -9.80884 
               197.2 -0.900571   19.1428  -121.286     26.635   -7.33561 -0.0662789  0.154719 0.0428532 -0.165719 -0.00587132  -0.0204826   0.0471851  -0.661453  -0.788278 0.00555071   0.0234194 -0.00362557 -0.00592969 0.0407696 0.0447642 0.0124711 -0.0553134 -0.0135092   -9.80883 
               197.3 -0.418046   20.2306  -125.452   26.5678  -7.41581 -0.068436  0.150437 0.0456462 -0.177385 -0.00591303  -0.0204583   0.0471686  -0.692933  -0.736634 -0.0079199   0.0234244 -0.00363991 -0.00600432 0.0398477 0.0433663 0.0124159  -0.055256 -0.0137063   -9.80883 
               197.4 0.266266  21.1081 -126.974    26.5021   -7.49088 -0.0733699  0.141116 0.0502579 -0.178854 -0.00584132  -0.0204909   0.0471033  -0.692676  -0.724349 -0.0304165   0.0234001 -0.00363191 -0.00612666 0.0387876 0.0412632 0.0123789 -0.0550136 -0.0137989   -9.80884 
               197.5  1.12246  21.6578 -126.603    26.4385   -7.57132 -0.0764883  0.142556 0.0509207 -0.184688 -0.00570087  -0.0205907   0.0470479  -0.633832  -0.781133 -0.0292177   0.0234154  -0.0036006 -0.00619949 0.0381865 0.0407594 0.0122059 -0.0548146  -0.014042   -9.80884 
               197.6  1.61369  22.0591 -125.506    26.3814   -7.64435 -0.0763684  0.137993 0.0482952 -0.164481 -0.00561128  -0.0203161   0.0471014   -0.601355   -0.800937 -0.00897911   0.0234559 -0.00358593 -0.00622243 0.0393728 0.0407337 0.0124238 -0.0546541 -0.0136978   -9.80884 
               197.7  1.67079  22.5361 -124.472   26.3226  -7.73497 -0.076133  0.138913  0.047664 -0.167681 -0.0053952 -0.0205605  0.0471109  -0.602076  -0.850771 0.00482721   0.0234833 -0.00360181 -0.00621938 0.0387494 0.0401997 0.0121342 -0.0544475  -0.014069   -9.80884 
               197.8   1.9572  22.7041 -123.224    26.2641   -7.82017 -0.0735142  0.137643 0.0456181 -0.166723 -0.00540509   -0.020493   0.0471275 -0.591431 -0.884688 0.0281579   0.0234597 -0.00356272 -0.00623472 0.0393557 0.0400449 0.0121727 -0.0544429 -0.0139652   -9.80884 
               197.9  1.80958  22.7208 -122.979    26.2024   -7.89956 -0.0700191  0.139817 0.0450917 -0.174732 -0.00557469  -0.0203572   0.0470911 -0.599501 -0.878281 0.0507548   0.0234596 -0.00354838 -0.00621296 0.0400816 0.0406508 0.0124072 -0.0547073 -0.0136504   -9.80884 
                 198  1.12486  21.9175 -124.992    26.1352   -7.99284 -0.0647157   0.14001 0.0440713 -0.174945 -0.00551131  -0.0204317   0.0469296 -0.639509 -0.877223 0.0550915   0.0234677 -0.00350979 -0.00615855 0.0395041 0.0410489 0.0121997 -0.0549148 -0.0139678   -9.80884 
             198.101 0.0492169   20.6393  -129.797    26.0645   -8.08383 -0.0622677  0.136934 0.0421212  -0.16782 -0.00544765  -0.0203893   0.0468298 -0.775092 -0.785056 -0.010322   0.0234434 -0.00349175 -0.00607698 0.0392255 0.0407467 0.0119717 -0.0548806 -0.0142569   -9.80884 
               198.2 -0.898917   19.5312  -137.737    25.9895     -8.164 -0.0648111  0.132949 0.0459913  -0.14685 -0.00584824  -0.0203862   0.0468536  -0.877842  -0.634388 0.00383639   0.0233793  -0.0035352 -0.00590961 0.0382686 0.0399133 0.0118984 -0.0543285 -0.0144322   -9.80884 
               198.3 -1.09754  19.3161 -148.061    25.9002   -8.21558 -0.0655623  0.131613 0.0471063 -0.145263 -0.00589437  -0.0204788    0.046861  -0.938896  -0.387306 0.00886213   0.0232888 -0.00359876 -0.00575396 0.0382091 0.0396635 0.0119921 -0.0542637 -0.0143665   -9.80884 
               198.4 -0.881851   19.4385  -159.696    25.8028   -8.23836 -0.0653212  0.133681 0.0464351 -0.152465 -0.00564827  -0.0204834   0.0469674  -0.950221  -0.147404 0.00371161    0.023191 -0.00362917 -0.00568053 0.0384914 0.0401098 0.0120873 -0.0544606 -0.0142547   -9.80884 
               198.5 -0.487593   19.7937  -171.078    25.7083   -8.23862 -0.0660265  0.133678 0.0460636 -0.155596 -0.00542355  -0.0205181   0.0470719   -0.919731   0.0597777 0.000819442  0.0231342 -0.0036554 -0.0056917 0.0388036 0.0403335 0.0122184 -0.0545986 -0.0141015   -9.80884 
               198.6 -0.0803478    20.3182     177.85    25.6151   -8.22878 -0.0647133  0.139739 0.0465106 -0.172619 -0.0056546 -0.0203192  0.0470552 -0.863402  0.214391 0.0152054   0.0230823 -0.00367653 -0.00570638 0.0381679 0.0404202 0.0119995 -0.0546746 -0.0143684   -9.80884 
               198.7 0.342699  20.8125  166.838    25.5352   -8.20177 -0.0626069  0.142212 0.0447155 -0.163594 -0.00563909  -0.0203771   0.0470307  -0.773919   0.336225 0.00483938   0.0230259  -0.0036713 -0.00569443 0.0385926 0.0411618 0.0120033 -0.0546056 -0.0143475   -9.80884 
               198.8  0.5422 21.1634 155.906    25.4646   -8.16475 -0.0621651  0.137768 0.0454523 -0.153133 -0.00563492  -0.0205288   0.0469955  -0.643579   0.452883 0.00439038   0.0229375 -0.00367936 -0.00565992 0.0384675  0.040628 0.0119904 -0.0544666 -0.0144006   -9.80884 
               198.9 0.703779  21.5371  146.374    25.4065   -8.11004 -0.0623717  0.137272  0.045818 -0.156275 -0.00557265  -0.0203186   0.0470398   -0.541473    0.539244 -0.00709654   0.0229101 -0.00369978 -0.00573544 0.0386097 0.0407497 0.0120776 -0.0545359 -0.0142468   -9.80884 
             198.999   1.099 21.4734 142.021    25.3634    -8.0556 -0.0686169  0.121783 0.0511077 -0.136045 -0.00538636  -0.0201509    0.047149  -0.486687   0.562083 -0.0518276   0.0229819 -0.00366486 -0.00591164  0.038099 0.0390294 0.0122159 -0.0543149 -0.0141473   -9.80884 
               199.1 2.19873 21.8369 142.853    25.3173   -7.99712 -0.0754615  0.118909 0.0535153 -0.136567 -0.00555001  -0.0199553   0.0471289  -0.505056   0.518476 -0.0465174   0.0230221 -0.00369209 -0.00608361 0.0379298 0.0387824 0.0122926 -0.0542936 -0.0140131   -9.80884 
               199.2 3.31148 22.4835 145.734    25.2626   -7.95057 -0.0789787  0.118151 0.0542611 -0.136597 -0.00548046  -0.0200114   0.0471457   -0.567603    0.423865 -0.00619713   0.0230708 -0.00369195 -0.00615115 0.0377181  0.038585 0.0122721 -0.0542998 -0.0140488   -9.80884 
               199.3 3.78018 23.2457 147.873     25.213   -7.91471 -0.0795474  0.114287 0.0551781 -0.125954 -0.00528621  -0.0195867    0.047165  -0.546231   0.399134 0.00510158    0.023053 -0.00372756 -0.00611641 0.0380006 0.0381669 0.0124543 -0.0540945  -0.014051   -9.80884 
               199.4 3.56026 23.4797  147.71    25.1531   -7.88392 -0.0776463  0.110294 0.0542552 -0.113168 -0.00496558  -0.0196487   0.0473705 -0.567583  0.360884 0.0260251   0.0230456  -0.0037252 -0.00601829 0.0379882 0.0375314  0.012416 -0.0540528  -0.014228   -9.80884 
               199.5  2.8653 22.9844 144.167    25.0906   -7.84685 -0.0728401  0.106841 0.0523945 -0.104821 -0.0049558 -0.0197632  0.0473824 -0.556991  0.394504 0.0471811   0.0230038 -0.00367324 -0.00592533 0.0379359 0.0372405 0.0122962 -0.0541367 -0.0142968   -9.80884 
             199.601 1.55301 21.7938 137.058    25.0361     -7.803 -0.0651288  0.101455  0.047485 -0.101764 -0.00496585  -0.0198022   0.0473916 -0.486589   0.49524 0.0414148   0.0229718 -0.00364548 -0.00579975 0.0387067 0.0364223 0.0122332  -0.054168 -0.0143146   -9.80884 
               199.7 0.482715  20.5129   128.06    24.9976   -7.74476 -0.0631153  0.103121 0.0466449 -0.110433 -0.00481413  -0.0197934   0.0473568   -0.319736    0.621252 0.000285354   0.0228933 -0.00362497 -0.00566538 0.0388606  0.036539 0.0122323 -0.0541892 -0.0142634   -9.80884 
               199.8 0.20765 20.2054 118.826    24.9727   -7.68128 -0.0633775  0.104771  0.047186 -0.114853 -0.00474595  -0.0198559   0.0474018  -0.221156   0.642173 0.00463537   0.0228204 -0.00368067 -0.00564039 0.0389139 0.0366856 0.0122799 -0.0541641 -0.0142437   -9.80884 
               199.9 0.157374  20.4485  109.705    24.9592   -7.60758 -0.0612532  0.108512 0.0457004 -0.126109 -0.00456511  -0.0196978   0.0474591  -0.093295   0.704612 0.00609564   0.0227704 -0.00373779 -0.00564366 0.0390143 0.0371243 0.0121777 -0.0542023 -0.0141802   -9.80884 
                 200 0.159464  20.3193  100.391    24.9543   -7.52909 -0.0680845  0.106391 0.0506346 -0.139274 -0.00454193  -0.0195167    0.047507   0.0145514    0.753111 -0.00883673   0.0227275 -0.00371224 -0.00556061 0.0376759 0.0363206 0.0122692 -0.0542503 -0.0141439   -9.80884 
               200.1 0.318602  20.6142   91.967    24.9655   -7.44478 -0.0657911  0.116089 0.0479583 -0.154719 -0.0045057 -0.0192491  0.0476155   0.127877   0.768168 -0.0277418   0.0226815 -0.00368126 -0.00557169 0.0379568  0.037658 0.0120061 -0.0542424 -0.0140571   -9.80884 
               200.2 0.718327  21.4653  87.2936     24.983   -7.36367 -0.0651199  0.123008 0.0456925 -0.158893 -0.00458069  -0.0191683   0.0476443  0.175285  0.774862 -0.041254   0.0226724 -0.00369702  -0.0056626 0.0383196 0.0387678 0.0117844  -0.054235 -0.0140221   -9.80884 
               200.3 1.93188 22.2159 88.9557    24.9951   -7.29286 -0.0654968   0.12301 0.0435195  -0.14686 -0.0043762 -0.0190668  0.0475684   0.12709  0.748797 -0.041894   0.0227317 -0.00364949 -0.00593452 0.0389188 0.0389863  0.011754 -0.0542637   -0.01408   -9.80884 
               200.4 3.79303 22.0784 96.4798   24.9924  -7.21476 -0.069111  0.124774 0.0431108 -0.151958 -0.00407215  -0.0193179   0.0476478 -0.0704469   0.731802 -0.0221579   0.0228316 -0.00362524 -0.00613866 0.0386272   0.03871 0.0115952 -0.054351 -0.014065  -9.80884 
               200.5 5.41456 21.2472 107.335    24.9634   -7.15585 -0.0708801  0.119496 0.0423224 -0.141761 -0.0031346 -0.0189716  0.0478072 -0.297089  0.619892 0.0106063    0.022973 -0.00359582 -0.00637115 0.0388607 0.0375057 0.0118284 -0.0544453 -0.0141856   -9.80884 
               200.6 5.62779 20.6708 116.992    24.9209   -7.09974 -0.0699888  0.119232 0.0431833 -0.140091 -0.00297805  -0.0191814   0.0478901 -0.503873  0.468528 0.0533705   0.0230579 -0.00361803 -0.00642661 0.0384876 0.0374302 0.0118012 -0.0544878 -0.0141702   -9.80884 
               200.7 3.83352 20.0126 121.585    24.8547   -7.06182 -0.0643104  0.119231 0.0454853 -0.126529 -0.00259749  -0.0192613   0.0482524 -0.604307  0.362818  0.116939   0.0231428 -0.00365539 -0.00628327 0.0378543 0.0375459 0.0119291 -0.0545825 -0.0141958   -9.80884 
               200.8 0.951467  19.0409  121.323    24.8035    -7.0397 -0.0552377  0.125521 0.0451552 -0.155978 -0.00260429  -0.0189101    0.048425   -0.436059    0.355141 -0.00783143   0.0229961 -0.00362939 -0.00611345 0.0387805 0.0369747 0.0122233 -0.0545453 -0.0143296   -9.80884 
               200.9 -1.49354  18.4758  119.974    24.7759   -7.01454 -0.0644515  0.146618 0.0513963 -0.189199 -0.00259239  -0.0187322   0.0484111  -0.272927   0.405393 0.00559374   0.0229891 -0.00371413 -0.00611818 0.0384257 0.0389181 0.0126332 -0.0544776 -0.0144629   -9.80884 
                 201 -2.11226  18.5525  119.033    24.7538   -6.97934 -0.0786677   0.16644  0.060847 -0.190728 -0.00256547  -0.0185952   0.0483862   -0.21276   0.369851 -0.0386613   0.0229004 -0.00388005 -0.00608989  0.036826 0.0421503 0.0130027 -0.0544487 -0.0145257   -9.80884 
               201.1 -1.76355  18.9829  118.455    24.7408    -6.9504 -0.0840232  0.172475 0.0611948 -0.204095 -0.0025165 -0.0186941   0.048353  -0.138923   0.323076 -0.0552532   0.0228102 -0.00382403  -0.0061316 0.0371764 0.0425911 0.0131965 -0.0544123  -0.014569   -9.80884 
               201.2 -1.32012  19.4695  118.113    24.7254   -6.91646 -0.0892762  0.173867 0.0639225 -0.201082 -0.00253817  -0.0186743    0.048333  -0.128905   0.346303 -0.0096562   0.0228539 -0.00391172 -0.00615881 0.0366051 0.0428693 0.0132577 -0.0544231 -0.0145783   -9.80884 
               201.3 -0.606115   20.0047   117.719    24.7125    -6.8812 -0.0913187  0.173955 0.0635383 -0.202307 -0.00252501  -0.0186687   0.0483685   -0.16368   0.350621 -0.0479334   0.0228581 -0.00391562 -0.00613672 0.0366584 0.0429024 0.0132375   -0.05442 -0.0145692   -9.80884 
               201.4 0.128755  20.6576  117.626    24.6937   -6.84481 -0.0988082  0.174394  0.064098 -0.203541 -0.00251412  -0.0186791    0.048396  -0.226708   0.390009 -0.0729963    0.022814 -0.00389995 -0.00616651 0.0365707 0.0429846 0.0132707 -0.0544138 -0.0145646   -9.80884 
               201.5 0.0238071   21.2904    117.01   24.6784  -6.79703 -0.106437  0.177121 0.0641429 -0.211576 -0.00245461  -0.0187067   0.0485635  -0.245439   0.495502 -0.0711041      0.0229 -0.00396521 -0.00611534 0.0366182  0.043692 0.0133114 -0.0543729 -0.0144982   -9.80884 
             201.601 -0.0854913    21.1874    116.481   24.6488   -6.7407 -0.108492  0.176648 0.0624081 -0.210235 -0.00246897  -0.0186691   0.0485478  -0.294785   0.622755 -0.0343221   0.0228864 -0.00389143 -0.00614762 0.0368685 0.0435398 0.0131028  -0.054395 -0.0145039   -9.80884 
               201.7 -0.23271  20.5102  115.728   24.6198  -6.67403 -0.100496  0.177088 0.0605789 -0.209556 -0.00246863  -0.0186528   0.0485705 -0.297821  0.735812 0.0037854   0.0228917 -0.00383491 -0.00610508 0.0373784 0.0436399 0.0127545 -0.0543913 -0.0145047   -9.80884 
               201.8 0.285512  18.5966  115.437    24.5876   -6.59255 -0.0940444  0.177594 0.0601445 -0.209809 -0.00243029  -0.0186226   0.0485528  -0.350865   0.836984 0.00582475    0.022721 -0.00370077 -0.00615006 0.0373811 0.0437795 0.0123969 -0.0544098 -0.0144862   -9.80884 
               201.9 0.397732   16.929   115.68    24.5522   -6.50465 -0.0864147  0.177877  0.062346 -0.207375 -0.00241911  -0.0186122     0.04866 -0.423796  0.924998 0.0159517   0.0228705 -0.00376542 -0.00613738 0.0373963  0.044128 0.0118739 -0.0543728 -0.0144789   -9.80884 
                 202 0.621026  15.3399  116.012    24.5063   -6.40642 -0.0813236  0.179038 0.0635703 -0.209476 -0.0023727  -0.018601  0.0486295 -0.442005   1.01976 0.0118685   0.0228313 -0.00371547 -0.00617035 0.0371275 0.0441104 0.0115544 -0.0543957 -0.0144839   -9.80884 
               202.1 0.686269  14.4897  115.845     24.462   -6.30843 -0.0810796  0.178968 0.0641948 -0.209881 -0.00241916  -0.0185919   0.0487097   -0.469125     1.06846 0.000565802   0.0228497   -0.003767 -0.00614057 0.0373986 0.0440107 0.0116901  -0.054352 -0.0145153   -9.80884 
               202.2 0.572333  14.1919  113.876    24.4132   -6.19735 -0.0767489  0.181648 0.0666701 -0.217969 -0.00240959  -0.0185803   0.0487086  -0.400549    1.16547 0.00988883   0.0228523 -0.00381468 -0.00602284 0.0369786 0.0437265 0.0113475  -0.05438 -0.014545  -9.80884 
               202.3 0.658226  14.1735   108.96    24.3739   -6.09308 -0.0754245  0.186434 0.0691241 -0.235656 -0.00254121  -0.0187294   0.0486445   -0.324979      1.1834 0.000976437   0.0227807 -0.00382563 -0.00590073 0.0373645 0.0430135 0.0113752 -0.0543566 -0.0146493   -9.80884 
               202.4 0.843524  14.5125  101.721    24.3516   -5.97228 -0.0761653  0.186197 0.0676396 -0.235209 -0.00253324  -0.0187288   0.0486477   -0.140496     1.22376 -0.00384192   0.0225335  -0.0038417 -0.00570971 0.0375881 0.0430118 0.0115339 -0.0543563  -0.014649   -9.80884 
               202.5 0.912097  14.8078  94.5383    24.3437   -5.84804 -0.0769512  0.185957 0.0665796 -0.235089 -0.00252874  -0.0187128   0.0486565 0.00575047    1.25483  0.0164696   0.0224311 -0.00375038 -0.00570655 0.0377095 0.0429876  0.011632 -0.0543579 -0.0146457   -9.80884 
             202.601 0.666013  15.5877  89.1621     24.351    -5.7175 -0.0719376  0.186577 0.0706904 -0.232613 -0.00250959  -0.0186367    0.048706  0.130439   1.27132 0.0114757   0.0224535 -0.00382056 -0.00574856 0.0368608 0.0433545 0.0111418  -0.054347 -0.0146211   -9.80884 
               202.7 0.989886  16.8891  86.7141    24.3665   -5.59219 -0.0739154  0.185971 0.0694446 -0.232485 -0.00250616  -0.0186512   0.0486823   0.169009    1.27577 -0.0235874   0.0223487 -0.00374409 -0.00563107 0.0371321 0.0432305 0.0112942 -0.0543498 -0.0146299   -9.80884 
               202.8  2.4505 18.1959 87.6274    24.3906   -5.46498 -0.0733955  0.184726 0.0726284  -0.22023 -0.00255858  -0.0186341   0.0487162   0.158386    1.29242 -0.0220938   0.0220646 -0.00373806 -0.00582876 0.0366821 0.0440901  0.010954 -0.0542958 -0.0146259   -9.80884 
               202.9 3.48338 18.8222 89.4112    24.4126   -5.34164 -0.0680547  0.183374 0.0765488  -0.20165 -0.00263276  -0.0185074   0.0486209   0.10095   1.29672 0.0161662    0.022017 -0.00368621 -0.00596536 0.0366117 0.0451595  0.010597 -0.0542428 -0.0146838   -9.80884 
                 203 3.59055 19.2338 91.0878    24.4227   -5.20822 -0.0611457  0.184088 0.0794741   -0.1972 -0.00270705  -0.0185325    0.048645 0.0185624   1.31612  0.037886   0.0221982 -0.00371699 -0.00574195 0.0360751 0.0457641 0.0102143  -0.054206 -0.0146729   -9.80884 
               203.1 3.66709 19.2775 93.4202    24.4238   -5.07918 -0.0578323   0.18428 0.0791976 -0.198155 -0.00267072  -0.0184863   0.0486381 0.0301178   1.31982 0.0400596   0.0221672 -0.00368411 -0.00585738  0.036254 0.0456311 0.0102762 -0.0542228  -0.014688   -9.80884 
               203.2  3.4621 19.2454 95.7263    24.4126   -4.95194 -0.0506823  0.186151 0.0797994 -0.203615 -0.00251198  -0.0184004   0.0486954 -0.0810486    1.32416  0.0522136   0.0223219 -0.00378637 -0.00605774 0.0364437 0.0451522 0.0102161 -0.0542892 -0.0147038   -9.80884 
               203.3  2.5677 18.5957 96.7872    24.3985   -4.81549 -0.0347581  0.185646 0.0829901  -0.20393 -0.00248174  -0.0184759   0.0487284 -0.125463   1.32339 0.0927446   0.0225755 -0.00356478 -0.00593844  0.0358254  0.0449397 0.00953492 -0.0542851 -0.0146689   -9.80884 
               203.4 2.08299 18.6516 96.9604    24.378  -4.67587 -0.022963  0.184863 0.0833572 -0.201702 -0.00239697  -0.0185425   0.0487864 -0.154974   1.33868 0.0937445   0.0223142  -0.0037696 -0.00587308  0.0354946  0.0444723 0.00933888 -0.0543188 -0.0146024   -9.80884 
               203.5 0.904703  17.8389  97.1409    24.3559   -4.54313 -0.0113555  0.183601 0.0839675 -0.200228 -0.00236059  -0.0185439   0.0488932 -0.0899479    1.35539  0.0652332    0.022441  -0.0036293 -0.00584476  0.0354562  0.0438566 0.00910333 -0.0543669 -0.0145655   -9.80884 
               203.6 0.184297  16.6955  97.4591    24.3355   -4.41161 0.00671051  0.179566 0.0847888 -0.200587 -0.00233712  -0.0185448   0.0490154 -0.129168   1.33924 0.0821395   0.0225668 -0.00323114 -0.00591797  0.0355685  0.0426429 0.00860161 -0.054421 -0.014534  -9.80884 
               203.7 -0.0491217     16.892    98.2149   24.3078  -4.28124 0.0113664   0.18097 0.0847282 -0.195821 -0.00235068  -0.0184984   0.0490862  -0.14684    1.3198 0.0810554   0.0227021 -0.00328054 -0.00621454  0.0355961  0.0424632 0.00882815  -0.054494 -0.0144993   -9.80884 
               203.8 0.177484  16.9474  97.7382   24.2892  -4.15484 0.0176053  0.183178 0.0846624 -0.197516 -0.00238577  -0.0184681   0.0491134 -0.116304   1.28336 0.0971256   0.0223909 -0.00311103 -0.00612639   0.035893  0.0423706 0.00907067 -0.0545513 -0.0145127   -9.80884 
               203.9 0.553738  17.6279  97.5051    24.2642   -4.02532 0.00955451  0.188902 0.0849108  -0.18997 -0.00242105  -0.0184216   0.0490804 -0.0958509    1.27414  0.0597922   0.0222211 -0.00330966 -0.00617396  0.0354563   0.043113 0.00993653 -0.0546165 -0.0144729   -9.80884 
                 204 0.306331  17.4836  96.7649    24.2563    -3.8956 0.00990912  0.189633  0.085066 -0.186449 -0.00242938  -0.0184028   0.0490684 -0.0167616    1.24139  0.0531573   0.0222245 -0.00321471 -0.00618978 0.0351741 0.0432546 0.0101255 -0.0546254 -0.0144464   -9.80884 
               204.1 0.534615  17.2749  96.6428   24.2467  -3.77475 0.0054725  0.191309 0.0857117 -0.184719 -0.00246828  -0.0183813   0.0490229 0.00827337     1.2235  0.0221199   0.0222818 -0.00330277 -0.00629527 0.0350159 0.0432029 0.0105349 -0.0546749 -0.0144366   -9.80884 
               204.2 0.434621  16.3446  96.1846   24.2408  -3.64673 0.0141743  0.188966 0.0849658 -0.181935 -0.00245684  -0.0183466   0.0489885 -0.0388986      1.208  0.0267762   0.0225856 -0.00318101 -0.00623818  0.034899 0.0427657  0.010118 -0.0546729  -0.014392   -9.80884 
               204.3 0.754417  16.1705  95.6506    24.2311   -3.53055 0.00751848  0.189426 0.0859575 -0.181316 -0.00249298  -0.0183426   0.0489528 -0.0411394    1.18662  0.0228154   0.0225614 -0.00337145 -0.00632546 0.0347451 0.0425465 0.0105367 -0.0547157 -0.0143924   -9.80884 
               204.4 0.391745  16.0873  94.9716   24.2256  -3.42137 0.0137964  0.189415 0.0855504 -0.181454 -0.00251821  -0.0183535   0.0489469 0.0127982   1.14869 0.0380215   0.0227574 -0.00334671 -0.00653806 0.0351755 0.0423632 0.0104783 -0.0547457 -0.0144181   -9.80884 
               204.5 0.599958  16.4065   93.992   24.2286  -3.30449 0.0150452  0.189325 0.0856354 -0.181404 -0.0025104 -0.0183458  0.0489517 0.0317866     1.115 0.0255532   0.0226032 -0.00329012 -0.00644311 0.0350085 0.0423867 0.0104905 -0.0547366 -0.0144057   -9.80884 
               204.6 0.528529  16.6946   93.662   24.2335  -3.18132 0.0128608   0.18931 0.0858352 -0.182325 -0.00248859  -0.0183217   0.0489853 0.0279605    1.1004 0.0271013   0.0226198 -0.00331161  -0.0064632 0.0344298 0.0424423 0.0104819 -0.0547056 -0.0143596   -9.80884 
               204.7 -0.42485  16.8624  93.5185   24.2344  -3.06252 0.0141819  0.189378 0.0858952 -0.182862 -0.00247607   -0.018302   0.0490272   0.0608935     1.07835 -0.00481835   0.0230573 -0.00345318   -0.006581  0.033998 0.0422066 0.0103714 -0.0547108 -0.0143106   -9.80884 
               204.8 -0.285708   17.0811   93.0726   24.2323  -2.94703 0.0133755  0.189347 0.0859472 -0.183856 -0.00247014  -0.0182816   0.0490645 0.0194836   1.08147 0.0107448   0.0230035 -0.00363879 -0.00641197 0.0336406 0.0418639 0.0103823 -0.0547265 -0.0142674   -9.80884 
               204.9 -0.403643   17.2443   92.8266   24.2265  -2.83645 0.0180148  0.189333  0.085473 -0.183974 -0.00246196  -0.0182613   0.0490812 0.0106455   1.06827  0.029223   0.0230033 -0.00369108 -0.00613922 0.0335729 0.0414378 0.0102218 -0.0547599 -0.0142321   -9.80884 
                 205 -0.00374031     17.4838     94.0015   24.2157  -2.71997 0.0102824  0.189128 0.0860733  -0.18546 -0.00242219   -0.018258   0.0491294 -0.0540124    1.03322  -0.001221   0.0228867 -0.00363353 -0.00614899 0.0328758 0.0409119 0.0104855 -0.0547843 -0.0141652   -9.80884 
               205.1 0.43598 18.1484 95.9647      24.2111     -2.60281 -0.000380676  0.189317 0.0869244 -0.187136 -0.00241487  -0.0182933   0.0491847 -0.0886513    1.02944 -0.0193825  0.0227592 -0.0036802 -0.0062686 0.0321102 0.0409424 0.0107613 -0.0547583  -0.014117   -9.80884 
               205.2 0.390911  18.4058  97.0985     24.2012     -2.5017 -0.00695296  0.189233 0.0873548 -0.186704 -0.00239621  -0.0182908   0.0491842 -0.0413332    1.02005 -0.0213058   0.0227036 -0.00370076 -0.00614839 0.0320109 0.0408127 0.0109831  -0.054775 -0.0141143   -9.80884 
               205.3 0.266954  17.9871   97.908    24.1883   -2.40659 -0.0166526  0.189341 0.0882396 -0.185827 -0.00238382  -0.0182844    0.049182  -0.121684   0.970323 -0.0307303   0.0228459 -0.00357728 -0.00608152  0.031859 0.0407236 0.0113161 -0.0547948  -0.014116   -9.80884 
               205.4 0.993282  17.7617  98.2626    24.1806   -2.31933 -0.0226543    0.1896 0.0885149 -0.186713 -0.00239703  -0.0182706   0.0491827 -0.0895006   0.925863 -0.0380328   0.0223767  -0.0036247 -0.00583787 0.0321515 0.0407138 0.0114958 -0.0548102 -0.0141525   -9.80884 
               205.5 0.765301  17.9263   99.731    24.1655   -2.20539 -0.0268912  0.189032 0.0888866 -0.183085 -0.00235999  -0.0183103   0.0491936 -0.119566  0.944923 -0.025452   0.0226959 -0.00377113 -0.00618828 0.0312754 0.0406947 0.0112955 -0.0547928  -0.014066   -9.80884 
               205.6 0.788633  17.9374  100.535    24.139  -2.11435 -0.030808  0.188204 0.0889788 -0.179447 -0.00234199   -0.018293   0.0491964   -0.16531   0.932862 -0.0268753   0.0226186 -0.00372008 -0.00596162 0.0312594 0.0402751 0.0113531 -0.0548407 -0.0140505   -9.80884 
               205.7 1.11146 18.1083 101.835    24.1148   -2.02298 -0.0369191  0.188212 0.0893793 -0.177689 -0.00233246  -0.0182848   0.0491941 -0.199713  0.913493 -0.050059   0.0224014 -0.00377829 -0.00596423 0.0311839  0.040146  0.011455 -0.0548636 -0.0140463   -9.80884 
               205.8 1.52285 18.7173 101.761    24.1046    -1.9168 -0.0467213   0.18851 0.0899893 -0.174911 -0.00232289  -0.0183019   0.0492172  -0.131565   0.935187 -0.0372278  0.0218541 -0.0038337 -0.0053519 0.0305068 0.0405298 0.0114907 -0.0548315 -0.0140007   -9.80884 
               205.9 2.18389 18.9374 102.733    24.0867   -1.81615 -0.0594543  0.189797 0.0917382 -0.170501 -0.00231011  -0.0183067   0.0492211  -0.149183   0.934893 -0.0714477   0.0214885 -0.00384535 -0.00530066 0.0297988 0.0408023 0.0117497 -0.0548422 -0.0139699   -9.80884 
                 206 2.13249 19.2277 104.381    24.0642   -1.72843 -0.0636902   0.18924 0.0915095 -0.169812 -0.00230862    -0.01829   0.0492153 -0.133232  0.926227 -0.062089   0.0215689 -0.00396066  -0.0052945 0.0300176 0.0404338 0.0117261 -0.0548741 -0.0139822   -9.80884 
               206.1 1.76367 18.6832 107.014   24.0574  -1.62618 -0.059003  0.186022 0.0892023 -0.170056 -0.00231174  -0.0183195   0.0491999  -0.169046   0.910111 -0.0253228   0.0218686 -0.00374215 -0.00558686 0.0301982 0.0402765 0.0112279  -0.054835 -0.0139427   -9.80884 
               206.2 1.82047  18.452 110.138    24.0308   -1.51497 -0.0524964  0.180983  0.086989 -0.162626 -0.00227352  -0.0183742   0.0492039  -0.196744   0.909085 -0.0227982   0.0219773 -0.00377394 -0.00561436  0.029892 0.0397505 0.0106147 -0.0548453 -0.0138594   -9.80884 
               206.3 1.14614 17.7723  113.71     24.003   -1.44175 -0.0468646  0.179723 0.0856155 -0.165148 -0.00224672  -0.0183372   0.0492704  -0.237303   0.831417 -0.0126596   0.0223339  -0.0035579 -0.00571441 0.0306245  0.039044 0.0104924 -0.0548753 -0.0139108   -9.80884 
               206.4 0.956963  17.6273  117.638    23.9748   -1.35528 -0.0549436   0.18127 0.0870128  -0.16203 -0.00224313  -0.0183537   0.0492649 -0.310445  0.779586 -0.017308   0.0224257  -0.0036171 -0.00581821 0.0300896 0.0394319 0.0106796 -0.0548839 -0.0138947   -9.80884 
               206.5 0.713768  17.2343  121.772  23.9605 -1.25128 -0.05588   0.17972 0.0866019 -0.160443 -0.00233765  -0.0184326   0.0491407   -0.293576    0.789635 -0.00549531   0.0225392 -0.00363214 -0.00601222 0.0295602 0.0402553 0.0104102 -0.0548167  -0.013777   -9.80884 
               206.6 0.13325 16.8869 124.839    23.9289   -1.16712 -0.0479256  0.173863 0.0843281 -0.157235 -0.00233201  -0.0184752   0.0491225   -0.302144    0.741114 -0.00292245   0.0226145 -0.00371729 -0.00595471   0.029754  0.0395111 0.00993788 -0.0548335 -0.0137412   -9.80884 
               206.7 -0.230104   16.8882   128.058     23.883   -1.08302 -0.0363091  0.163195 0.0812372  -0.14491 -0.0023138  -0.018541  0.0491421  -0.35993  0.720032 0.0241026   0.0227105 -0.00383854  -0.0060674  0.0296971  0.0379245 0.00921458 -0.0549329 -0.0137197   -9.80884 
               206.8 -0.904704   16.2774   131.415   23.8438  -1.00956 -0.014042  0.151305 0.0770409 -0.143963 -0.00230826  -0.0185793   0.0491199 -0.404022  0.651031 0.0627058   0.0229938 -0.00369023 -0.00592609  0.0304379  0.0360312 0.00824031 -0.0549626 -0.0136935   -9.80884 
               206.9 -1.13928  16.2446  136.101      23.7908    -0.949311 -0.000275944  0.144541 0.0751642 -0.138295 -0.00227533  -0.0186241   0.0491272 -0.424973  0.590281  0.072209   0.0230369  -0.0037878 -0.00609855  0.0305078  0.0346294 0.00771402 -0.0550437 -0.0137529   -9.80884 
                 207 -1.41821  16.1837  142.006   23.7298  -0.89775 0.0116687  0.139188 0.0739811 -0.129627 -0.00220314  -0.0187443   0.0491271 -0.489201  0.472995 0.0726102   0.0231291 -0.00377226 -0.00612213  0.0301435  0.0334839 0.00727047 -0.0551691 -0.0138565   -9.80884 
               207.1 -1.95208  16.1475   150.21    23.667 -0.849472 0.0110668  0.140266 0.0745389 -0.117768 -0.00218403  -0.0189411   0.0491141 -0.560953  0.332576 0.0591525   0.0234242 -0.00364358 -0.00619689  0.0291404  0.0341115 0.00744345 -0.0553114 -0.0138915   -9.80883 
               207.2 -2.0544 16.8049 160.031    23.6018  -0.824374 0.00836047  0.143124 0.0751126 -0.110428 -0.00211839  -0.0191435   0.0491431 -0.594296  0.163369 0.0487315   0.0235086 -0.00363726    -0.00627  0.0284363   0.034663 0.00770953 -0.0554063 -0.0139772   -9.80883 
               207.3 -1.85345  17.7886  169.658   23.5261 -0.821946 0.0146039   0.13824 0.0743154  -0.10159 -0.00202177  -0.0194807   0.0492254 -0.649396 0.0315377 0.0279531    0.023403 -0.00375915 -0.00634874  0.0279942  0.0336129 0.00735513 -0.0555249 -0.0141991   -9.80883 
               207.4 -1.96458  18.8701  176.216    23.4487  -0.825817 0.00629677   0.143336  0.0749949 -0.0880778 -0.00203802  -0.0196599   0.0493035  -0.694024 -0.0646604 0.00747365   0.0233624 -0.00372469 -0.00627478  0.0270978  0.0348535 0.00777622 -0.055634 -0.014333  -9.80883 
               207.5 -2.87256  19.6064  177.342     23.3737   -0.834355 -0.00897186   0.151603  0.0759174 -0.0753251 -0.00207015  -0.0196515   0.0493502  -0.715509  -0.100097 -0.0781331   0.0234129 -0.00363644 -0.00607312  0.0262522  0.0367416 0.00835266 -0.0557131 -0.0144207   -9.80883 
               207.6 -4.27185  18.9085  171.563     23.303  -0.843859 -0.0190269   0.152398  0.0761376 -0.0753602 -0.00212684  -0.0196604     0.04935  -0.673251 -0.0149072 -0.0815292   0.0233146 -0.00364363 -0.00580677  0.0262301  0.0366825 0.00840415 -0.0556776 -0.0144561   -9.80883 
               207.7 -5.83285  18.2783   161.27     23.248  -0.835347 -0.0171762   0.151106  0.0745071 -0.0862682 -0.00200124  -0.0201203   0.0493888 -0.523862  0.216395 0.0115302   0.0231898 -0.00377175 -0.00562651  0.0271678  0.0360581 0.00831778 -0.0556057  -0.014336   -9.80883 
               207.8 -6.34254  17.7698  151.009    23.1948  -0.815525 -0.0196981   0.150634  0.0763077 -0.0806857 -0.00253986  -0.0196986   0.0492701 -0.390777  0.335476 0.0129433   0.0230798 -0.00376799 -0.00546876  0.0263627  0.0355589 0.00819968 -0.0555585 -0.0145537   -9.80883 
               207.9 -5.05382  18.5539  145.232    23.1671  -0.787009 -0.0157285   0.143353  0.0769666 -0.0694755 -0.00267528  -0.0201347   0.0491366 -0.282449  0.368947 0.0978266   0.0229526 -0.00384714 -0.00559465  0.0267764  0.0345143 0.00848125  -0.055355 -0.0145098   -9.80883 
                 208 -2.8693 19.9352 144.365    23.1377  -0.754004 -0.0111697   0.139046  0.0789545 -0.0750537 -0.00269533  -0.0200964   0.0490946 -0.250601  0.280057 0.0891381    0.022937 -0.00384174 -0.00579791  0.0261086  0.0334167 0.00864527 -0.0553839 -0.0145706   -9.80883 
               208.1 -0.296681   20.1456   147.948     23.1115    -0.72963 -0.00945519   0.137202  0.0794996 -0.0779056 -0.00273378  -0.0201014   0.0491825  -0.307482    0.14313 -0.0396444   0.0228993 -0.00385257 -0.00599164  0.0260545  0.0331801 0.00871119 -0.0554135 -0.0145122   -9.80883 
               208.2 1.06215 18.4979 155.196    23.0816  -0.709479 -0.0170438   0.130645  0.0830516 -0.0894345 -0.00312929  -0.0200967   0.0493388  -0.374401  0.0376394 -0.0244664   0.0230625 -0.00375522   -0.006126  0.0256658  0.0322877 0.00894557 -0.0555017 -0.0142724   -9.80883 
               208.3 1.57821 17.7771 165.588    23.0507  -0.701078 -0.0167797   0.133224  0.0825338 -0.0958295 -0.00373703  -0.0199082   0.0493283  -0.362528 -0.0732351 -0.0110512   0.0231354 -0.00384276  -0.0063933  0.0263356  0.0332118 0.00907116 -0.0555364 -0.0139693   -9.80883 
               208.4 1.05808 17.8268 175.997    23.0166  -0.703911 -0.0170567  0.135889 0.0835612    -0.107 -0.00425806  -0.0199699   0.0490787 -0.346523 -0.204753 0.0216836    0.023276 -0.00382753 -0.00638684  0.0263188  0.0339365 0.00914583 -0.0556793 -0.0137345   -9.80883 
               208.5 -0.0226065    18.1242   -175.115     22.985  -0.720983 -0.0109762  0.137335 0.0820108 -0.115131 -0.00461304  -0.0199382   0.0487766  -0.34536 -0.295254 -0.026063   0.0233115 -0.00389448 -0.00637555  0.0269001  0.0344567 0.00906839 -0.0557732 -0.0135211   -9.80883 
               208.6 -1.68934  18.3516 -169.376     22.943  -0.740177 -0.0162409   0.13426 0.0819994 -0.112749 -0.00483896  -0.0200893   0.0484797  -0.442366  -0.265219 -0.0909557    0.023334 -0.00388956 -0.00625669  0.0266822  0.0348331 0.00893795 -0.0560011 -0.0133979   -9.80883 
               208.7 -3.28951  19.0851 -167.382    22.8864  -0.764233 -0.0277419   0.128551  0.0832669 -0.0953849 -0.00490535  -0.0201083   0.0484832 -0.546998 -0.258771 -0.100072   0.0233021 -0.00389885 -0.00614474  0.0258021  0.0350555 0.00871457 -0.0562031  -0.013488   -9.80883 
               208.8 -4.74512  20.3937  -168.27    22.8169  -0.781182 -0.0255764   0.114737  0.0850003 -0.0817638 -0.00497362  -0.0199325   0.0484887   -0.678422   -0.171863 -0.00900594   0.0233029 -0.00400967 -0.00595187  0.0251112   0.033982 0.00776178 -0.0564466 -0.0135423   -9.80883 
               208.9 -5.26431  20.7248  -169.63    22.7434   -0.79279 -0.0240146   0.115004  0.0846317 -0.0770756 -0.0048294   -0.01987  0.0484811 -0.777806 -0.178977 0.0226895   0.0232084  -0.0039824 -0.00594486  0.0250437  0.0347483 0.00784802 -0.0565912 -0.0134779   -9.80883 
                 209 -5.45303  19.6587 -171.227    22.6595  -0.805691 -0.0173674   0.114246  0.0852549 -0.0757117 -0.00472672  -0.0198302   0.0484932 -0.890255 -0.123089 0.0412111   0.0231847 -0.00395547 -0.00589809  0.0249981  0.0349984 0.00759179 -0.0566773 -0.0134331   -9.80883 
               209.1 -5.52684  18.4632 -172.993     22.568  -0.812137 -0.0169728   0.110889  0.0836474 -0.0720728 -0.00472984  -0.0199438   0.0485757  -0.991852 -0.0340181   0.045253   0.0232284 -0.00394264 -0.00589907  0.0254618  0.0347371 0.00804136 -0.0566571 -0.0133144   -9.80883 
               209.2 -4.58783  17.7119 -173.854    22.4674  -0.806675 -0.0121577  0.104281 0.0819628 -0.062535 -0.00465858   -0.020029   0.0487745    -1.06307 -0.00778967   0.0937758   0.0231674 -0.00396307  -0.0059496  0.0260404  0.0346642 0.00842336 -0.0567495 -0.0131036   -9.80883 
               209.3 -3.12092  16.8759 -174.395     22.3631   -0.800489 0.000532021  0.100887 0.0847977 -0.044954 -0.00461678  -0.0200885   0.0490598   -1.10493 -0.0316582  0.0798586   0.0231357 -0.00395931 -0.00598362  0.0261749  0.0355658 0.00821307 -0.0568192 -0.0128429   -9.80883 
               209.4 -2.07311  15.9547 -175.263    22.2508  -0.799556 0.00371902  0.0943963  0.0824103 -0.0398967 -0.00463079  -0.0201176   0.0491528   -1.15316 -0.0102664  0.0443544   0.0231569 -0.00396226 -0.00597091  0.0266681  0.0350126 0.00860211 -0.0568677 -0.0127374   -9.80883 
               209.5 -1.51195  15.2878 -176.217    22.1363  -0.799546 0.00817896  0.0900071  0.0825569 -0.0293859 -0.00464376  -0.0201342   0.0492409   -1.18486 -0.0326243   0.038635   0.0232431 -0.00397478 -0.00593752  0.0269636   0.035132 0.00871286 -0.0568987 -0.0125785   -9.80883 
               209.6 -1.16212  14.6463 -177.032    22.0099  -0.802809 0.00628653 0.0883755 0.0781067 -0.037613 -0.0046284 -0.0201587   0.049233   -1.23905 -0.0506882  0.0109989   0.0232192 -0.00394326 -0.00595426 0.0271135 0.0347202 0.0090659 -0.0570776 -0.0126874   -9.80883 
               209.7 -1.21801   14.436 -178.041    21.8886  -0.806719 0.00930298  0.0877116   0.079422 -0.0319948 -0.00463662  -0.0201448   0.0492125   -1.25752 -0.0531933  0.0284472    0.023275 -0.00403829 -0.00595447  0.0272881  0.0348684 0.00902024 -0.0570002 -0.0125787   -9.80883 
               209.8 -1.16615   14.015 -179.499    21.7545  -0.804721 0.00240229  0.0824107   0.070652 -0.0300512 -0.00461493  -0.0201633   0.0492094    -1.28779 -0.00850604 0.000413896   0.0231995 -0.00393762 -0.00593614  0.0280488  0.0347633 0.00992421 -0.0572932  -0.012604   -9.80882 
               209.9 -1.36241  13.7893  178.647    21.6172  -0.801237 0.00222498  0.0820775  0.0726332 -0.0277901 -0.00459771  -0.0201821    0.049233   -1.32253  0.0341075 -0.0155342   0.0232337 -0.00394848  -0.0058773  0.0271656  0.0352562 0.00952395 -0.0575192  -0.012705   -9.80882 
                 210 -1.2993 13.5695 176.776    21.4861  -0.796039 0.00201569  0.0819181  0.0728237 -0.0268736 -0.00459974  -0.0201845   0.0492173   -1.32533  0.0626034 -0.0120545   0.0231721 -0.00394028 -0.00587467  0.0272883  0.0352593 0.00953817  -0.057486 -0.0126657   -9.80882 
               210.1 -1.3714 13.4342 174.911    21.3664  -0.780631 0.00337798  0.0781066  0.0746953 -0.0105612 -0.00459883  -0.0202188   0.0490476    -1.29571    0.115847 -0.00868924   0.0232142 -0.00395304 -0.00588453  0.0282224  0.0358785 0.00961134 -0.0573595 -0.0122576   -9.80882 
               210.2 -1.39229  13.3224  173.058    21.2426  -0.763286 0.00882152   0.0777623   0.0800313 -0.00276465 -0.00460634  -0.0202382    0.048987   -1.27951   0.150235 0.00566949   0.0231815 -0.00397689 -0.00588622  0.0279522   0.036412 0.00907704    -0.0573 -0.0120931   -9.80883 
               210.3 -1.43226  13.2098  171.379     21.11 -0.740645 0.0142284  0.0790215  0.0853754 0.00317562 -0.00459817  -0.0202661   0.0489875 -1.29314 0.192256 0.017999   0.0232269 -0.00398549  -0.0058584   0.026828  0.0376223 0.00828997 -0.0575329 -0.0120634   -9.80882 
               210.4 -1.48178  13.1225  169.812   20.9864 -0.716934  0.012407   0.075886  0.0824807 0.00893742 -0.00461105  -0.0202556   0.0489557  -1.27035  0.252936 0.0116055   0.0231722 -0.00399367 -0.00588523  0.0277269  0.0374311 0.00879254 -0.0574464 -0.0119298   -9.80882 
               210.5 -1.35034  13.0442  168.353     20.86 -0.686642 0.0144314 0.0737134 0.0833899 0.0193759 -0.00463328  -0.0202718   0.0489526   -1.27405   0.256273 0.00388334   0.0231833 -0.00402233  -0.0058937  0.0277559  0.0382368 0.00871223 -0.0575541 -0.0117705   -9.80882 
               210.6 -1.48307  12.9267  166.904   20.7368  -0.65527 0.0134805 0.0704402 0.0815438 0.0272553 -0.00465441  -0.0202726   0.0489393  -1.24782  0.323692 0.0113294   0.0232047 -0.00401212 -0.00592482  0.0283001  0.0384444 0.00903044 -0.0575738 -0.0116338   -9.80882 
               210.7 -1.60815  12.9833  165.151   20.6126 -0.618817  0.018494 0.0705165  0.084631 0.0325328 -0.00465948  -0.0202831   0.0489345  -1.24102  0.343023 0.0188694    0.023178 -0.00404175 -0.00589354  0.0279073  0.0390377 0.00864443 -0.0576208 -0.0115661   -9.80882 
               210.8 -1.52995  13.1161  163.635   20.4943 -0.574936 0.0201411 0.0660605  0.085174 0.0473851 -0.0046873 -0.0202946  0.0489217  -1.21206  0.416201 0.0183411   0.0231433 -0.00405731 -0.00593274  0.0282518  0.0397421 0.00870993 -0.0576626 -0.0113387   -9.80882 
               210.9 -1.46562  13.2819  162.142   20.3734 -0.526445 0.0225627 0.0652738 0.0861158 0.0519492 -0.00469715  -0.0203069   0.0489371  -1.20577  0.451986 0.0198869   0.0231054 -0.00408816 -0.00595322  0.0280664  0.0402272 0.00856839  -0.057744 -0.0112753   -9.80882 
                 211 -1.25342  13.3313  160.791   20.2454  -0.47905 0.0286333 0.0698512 0.0890438 0.0444491 -0.00467516  -0.0203245   0.0489636  -1.22528  0.475536 0.0346491   0.0231624 -0.00407596 -0.00593014  0.0270075  0.0407288 0.00797895  -0.057903 -0.0113844   -9.80882 
               211.1 -0.955076   13.5775   159.283   20.1194 -0.427949 0.0295995 0.0693951 0.0861105 0.0396256 -0.00466628  -0.0203346   0.0489804  -1.22073  0.500779 0.0277501   0.0230752 -0.00406594 -0.00593975  0.0270861  0.0404648 0.00824816 -0.0579953 -0.0114334   -9.80882 
               211.2 -0.790666    14.116   157.682   20.0027  -0.38219 0.0326103  0.069456 0.0865096 0.0401527 -0.00466018  -0.0203192   0.0489183  -1.19874  0.505994 0.0305184   0.0230771 -0.00415718 -0.00591433  0.0274404  0.0400985 0.00834465 -0.0578375  -0.011439   -9.80882 
               211.3 -0.721466   14.1747   155.874   19.8815 -0.332191  0.035396 0.0712123 0.0862824 0.0344595 -0.00465676  -0.0203098    0.048916  -1.17768  0.558504 0.0144647    0.023045 -0.00413913 -0.00587758  0.0273556  0.0397557 0.00833751 -0.0578116 -0.0115263   -9.80882 
               211.4 -0.587915   14.0705   154.089   19.7653 -0.273367 0.0376937 0.0706336 0.0866515  0.036874 -0.0046569 -0.0203142  0.0489178   -1.1697  0.575583 0.0323506   0.0230395 -0.00411366 -0.00587006  0.0273557   0.039937 0.00830079 -0.0578214 -0.0114886   -9.80882 
               211.5 -0.303503   14.1808   153.137   19.6521 -0.205287 0.0364228 0.0651793 0.0831139 0.0463801 -0.00469943  -0.0203408   0.0489308   -1.15043   0.606381 0.00936912   0.0230493 -0.00410248 -0.00592522  0.0278969  0.0403911 0.00884626 -0.0579356 -0.0113013   -9.80882 
               211.6 0.0793438   14.4825   153.007   19.5433 -0.136058 0.0311734 0.0578036  0.078459 0.0594804 -0.00481265  -0.0203436   0.0489552    -1.14579    0.595776 -0.00811185   0.0230322 -0.00411484 -0.00600547  0.0289426  0.0407199 0.00972201 -0.0579675  -0.011057   -9.80882 
               211.7 0.168728  14.5924  153.313    19.4261 -0.0744447  0.0290449 0.0570519 0.0771508 0.0597765 -0.00482633  -0.0203913   0.0489555    -1.15506    0.592646 -0.00706859   0.0230811 -0.00408341 -0.00602119  0.0288637  0.0408576 0.00984095 -0.0580581  -0.011041   -9.80882 
               211.8 0.0857971   14.6646   153.497    19.3148 -0.0157093  0.0264048 0.0567934  0.076191 0.0609688 -0.00484954  -0.0203502   0.0489505   -1.13701   0.584019 -0.0222027   0.0230789 -0.00409302 -0.00598884 0.0293012 0.0408837  0.010121 -0.0579929 -0.0109966   -9.80882 
               211.9 0.207881  14.5664  154.131   19.2014 0.0450083 0.0288575 0.0547513 0.0788142 0.0649733 -0.00488131   -0.020376   0.0489326   -1.14693   0.561631 0.00233011   0.0231022 -0.00406814 -0.00601945  0.0289466  0.0411484 0.00964642 -0.0580362 -0.0109235   -9.80882 
                 212 0.385535  14.4751  155.238   19.0878 0.0962995 0.0301087 0.0555111 0.0797726 0.0616274 -0.00486402  -0.0203342   0.0489471   -1.15472   0.522259 0.00510732   0.0230242 -0.00409728 -0.00608918  0.0290447  0.0408218 0.00954414 -0.0579547 -0.0109527   -9.80882 
               212.1 0.235934  14.2224  156.689   18.9764  0.144773 0.0292156 0.0555771 0.0797409 0.0619638 -0.00491592  -0.0202971   0.0489499   -1.17202   0.441605 -0.0147315   0.0231172 -0.00405519 -0.00606749  0.0294484  0.0410326 0.00971233 -0.0578907 -0.0108649   -9.80882 
               212.2 -0.000436832      14.1343      158.918   18.8608  0.184017 0.0323098 0.0546234 0.0820017 0.0577639 -0.00490104  -0.0202625   0.0489689   -1.17673   0.399363 0.00350849   0.0231313 -0.00410321 -0.00609546  0.0293642  0.0404668 0.00935975 -0.0578194 -0.0108791   -9.80882 
               212.3 -0.0398009    13.9473    161.977   18.7445  0.223559 0.0282617 0.0582229 0.0792031 0.0581664 -0.00492156  -0.0202465   0.0489641    -1.18491    0.327256 -0.00340698   0.0231027 -0.00405394 -0.00616727  0.0298389  0.0411212 0.00991742 -0.0578064 -0.0108527   -9.80882 
               212.4 0.292823  14.0804  166.382   18.6253  0.253378 0.0303917 0.0547628 0.0810512 0.0617876 -0.00500049  -0.0202494    0.048973    -1.20476    0.239517 -0.00012571   0.0231265 -0.00410989   -0.006213  0.0296315  0.0410696 0.00961371 -0.0578413  -0.010779   -9.80882 
               212.5 0.313868  14.2373  171.682   18.5103  0.277183 0.0297064 0.0541665 0.0807623 0.0658513 -0.00518938   -0.020159   0.0489404   -1.21378   0.106421 0.00502746    0.023161 -0.00413924 -0.00629916  0.0301544  0.0418622 0.00986961 -0.0578433 -0.0105528   -9.80882 
               212.6 0.410652  14.1831  177.137   18.3843  0.283399 0.0293397 0.0529198 0.0797238 0.0747731 -0.00523033  -0.0202439   0.0489615   -1.23846 -0.0270831  0.0243541   0.0231934 -0.00407839 -0.00635143  0.0299367  0.0422974 0.00990715 -0.0579521 -0.0105802   -9.80882 
               212.7 0.0227256   14.4681  -179.448   18.2546  0.270316 0.0378731 0.0406996 0.0847288 0.0773338 -0.00523789  -0.0202802   0.0490146   -1.26107  -0.163609 0.00863583   0.0232583 -0.00415336 -0.00619536  0.0288196  0.0401439 0.00891393 -0.0579792 -0.0107209   -9.80882 
               212.8 -0.963979   14.5225  -178.173   18.1345  0.257296 0.0361392  0.047086 0.0838432 0.0661858 -0.00516198  -0.0203362   0.0489434   -1.26698  -0.151643 -0.0242271   0.0232812 -0.00411141 -0.00608397 0.0295547 0.0409058 0.0093069 -0.0579255 -0.0105412   -9.80882 
               212.9 -1.95643  15.0637 -178.601   17.9969  0.244191 0.0328542  0.043183 0.0824968  0.088433 -0.00522134  -0.0201014   0.0490261   -1.30518 -0.0856687 -0.0173632   0.0232386 -0.00414018 -0.00602148  0.0288731  0.0414078 0.00923006 -0.0580719 -0.0107256   -9.80882 
                 213 -2.8255 15.8404 -179.69  17.8665 0.246712 0.030458 0.0442539 0.0796489 0.0989645 -0.00491559  -0.0200906   0.0489258   -1.30904 0.00416137  0.0039894    0.023252 -0.00415694 -0.00600504  0.0293484  0.0429401 0.00963303 -0.0582474 -0.0105711   -9.80882 
               213.1 -3.00203  16.2988  178.843   17.7368  0.251281 0.0303674 0.0440148 0.0790851  0.100785 -0.00483308  -0.0201306    0.048927     -1.31206    0.0426268 -0.000525318   0.0231837 -0.00412823 -0.00596401  0.0295789  0.0432466 0.00975097 -0.0582827 -0.0104932   -9.80882 
               213.2 -3.03454  16.4325  176.211   17.6116  0.256499 0.0274725   0.04378 0.0787061 0.0995603 -0.00492423  -0.0202676   0.0488776    -1.28107     0.14967 -0.00825158   0.0231369 -0.00413837 -0.00587736  0.0300288  0.0427824 0.00998617 -0.0581278 -0.0104454   -9.80882 
               213.3 -3.01567  15.8122  170.733    17.494  0.278952 0.0304901 0.0449075 0.0805734  0.110388 -0.00483882  -0.0205409   0.0490457    -1.21049    0.288255 -0.00253232   0.0230451 -0.00409479 -0.00574912  0.0305667  0.0437502 0.00975622 -0.058046 -0.010236  -9.80882 
               213.4 -3.00412  15.0042  162.686   17.3796  0.323977 0.0292151   0.04124 0.0797377  0.116498 -0.00460282  -0.0206539   0.0492076    -1.12308     0.52149 -0.00196723   0.0229801 -0.00410488 -0.00557987 0.0309782  0.044022 0.0100145 -0.0581127 -0.0100722   -9.80882 
               213.5 -2.54151  14.9456  154.487   17.2743  0.387714 0.0355263 0.0524657 0.0814166  0.123486 -0.00447283  -0.0206571   0.0492883  -1.01224  0.706019 0.0487613   0.0228744  -0.0041575 -0.00556935  0.0309403  0.0464851 0.00947526 -0.0581372 -0.0100253   -9.80882 
               213.6 -1.71129  16.2524  148.728   17.1817  0.467329 0.0389898 0.0423631 0.0802505  0.125844 -0.00440835  -0.0206681   0.0493591 -0.881062  0.814453 0.0767261   0.0228822 -0.00422329 -0.00566592  0.0311917  0.0451966 0.00984772  -0.058153 -0.0099423   -9.80882 
               213.7 -0.0599589    17.3434    146.323    17.096  0.544904 0.0381344 0.0321764 0.0799615   0.13401 -0.0043326 -0.0206673  0.0492611  -0.884005   0.785837 -0.0368485   0.0228215 -0.00422898 -0.00584144 0.0313519 0.0437335 0.0101054  -0.0580774 -0.00994452    -9.80882 
               213.8 1.38858 17.3613 146.706   16.9984  0.624501 0.0326402 0.0359689 0.0796626  0.106007 -0.00433872  -0.0209099   0.0492617  -0.961161   0.746911 -0.0335351   0.0229013 -0.00414718  -0.0059722 0.0308487 0.0430891 0.0100859  -0.0582405 -0.00999566    -9.80882 
               213.9 2.54914 17.6775 148.557    16.892  0.694602 0.0297226 0.0376701  0.080203 0.0871391 -0.00421913  -0.0211903   0.0492374    -1.05013    0.623378 -0.00658658   0.0229626 -0.00414926 -0.00610668 0.0302128 0.0423417 0.0100475  -0.058364 -0.0100799   -9.80882 
                 214 2.76456 17.6972 150.012   16.7876  0.753477 0.0348388 0.0402261 0.0795755 0.0890092 -0.00414485  -0.0211359   0.0492759 -1.05574 0.601112 0.014489   0.0230433 -0.00411854 -0.00603161  0.0305369  0.0426885 0.00970166 -0.0583235 -0.0101086   -9.80882 
               214.1 2.52117 17.3248 151.042   16.6888  0.812043 0.0364116 0.0401986  0.079838 0.0887862 -0.00432489  -0.0209167   0.0491924  -1.08407  0.529092 0.0324142    0.023094 -0.00407673  -0.0060235  0.0311443   0.043077 0.00989393  -0.0582181 -0.00996795    -9.80882 
               214.2 1.84122 16.9234 151.746   16.5798  0.864671 0.0444415 0.0363093 0.0796623 0.0871537 -0.00432806  -0.0209565   0.0491539  -1.11606  0.477353 0.0490621   0.0231543  -0.0040973 -0.00601676  0.0312746  0.0424788 0.00959874   -0.058229 -0.00994189    -9.80882 
               214.3 0.988861  16.2489  152.351   16.4687  0.913247 0.0487532 0.0371569 0.0797265  0.086884 -0.00433312  -0.0209491   0.0491377  -1.12409  0.477326 0.0557685    0.023129 -0.00406758 -0.00603033  0.0312838   0.042651 0.00965109   -0.058226 -0.00993155    -9.80882 
               214.4 -0.10796  15.5944  152.909   16.3616  0.965115 0.0596102 0.0310805 0.0804878 0.0792369 -0.00430666  -0.0209952   0.0490035  -1.11459  0.466023 0.0512046   0.0231864 -0.00404115 -0.00599736  0.0315547  0.0417325 0.00930144  -0.0582145 -0.00982377    -9.80882 
               214.5 -0.712637   15.1705    153.68   16.2508   1.01491 0.0591351 0.0352244 0.0797627 0.0820396 -0.00431609  -0.0209764    0.049024  -1.08146   0.52077 0.0227148    0.023144 -0.00408117 -0.00601728  0.0315036  0.0424506 0.00959873  -0.0582214 -0.00985249    -9.80882 
               214.6 -0.840453   14.7641   154.675   16.1427   1.06768 0.0558451 0.0380472 0.0784354 0.0865191 -0.00431335  -0.0209977   0.0490294  -1.08486  0.462581 0.0016819   0.0231229 -0.00405198 -0.00598885 0.0315493 0.0435894 0.0100529   -0.058272 -0.00978313    -9.80882 
               214.7 -0.931436   14.6736   157.269   16.0341   1.11044 0.0483141 0.0430447 0.0760166 0.0860381 -0.00429324  -0.0210149   0.0490301   -1.07748   0.417291 -0.0287699   0.0231169 -0.00412045 -0.00612205 0.0317492 0.0441728  0.010788  -0.0582628 -0.00982717    -9.80882 
               214.8 -0.666654   14.4413   162.189   15.9277   1.14999 0.0423716 0.0433698 0.0750677 0.0893461 -0.00438669  -0.0210702   0.0491035   -1.05476   0.287197 -0.0255797   0.0231491 -0.00410767 -0.00621345 0.0317637   0.04478 0.0110913  -0.0583233 -0.00976155    -9.80882 
               214.9 -0.404113   14.3719   169.707  15.8309  1.17121 0.038578 0.0444203 0.0747186 0.0877922 -0.00448541  -0.0208891   0.0491052   -1.01234   0.125031 -0.0317151   0.0231659 -0.00412737  -0.0063799 0.0323778 0.0450368 0.0113685  -0.0582228 -0.00964711    -9.80882 
                 215 -0.474611   14.4778   178.009   15.7381   1.17575 0.0409323 0.0425854 0.0757668 0.0835253 -0.00458611  -0.0206641   0.0490848  -0.968977 -0.0668409 -0.0044366   0.0232728 -0.00412522  -0.0064512 0.0328267 0.0447093 0.0111603  -0.0581321 -0.00952158    -9.80882 
               215.1 -0.670286   15.0081  -174.621   15.6475    1.1708 0.0409911 0.0420338 0.0767324  0.080655 -0.00482166  -0.0205052   0.0490398  -0.945997  -0.195008 -0.0177294   0.0233104 -0.00412213 -0.00641768 0.0331358 0.0452087 0.0111794   -0.05817 -0.0092893   -9.80882 
               215.2 -1.01354  16.3114 -170.819   15.5492   1.14659 0.0328815 0.0463727 0.0755438 0.0900756 -0.00482578  -0.0205223   0.0491196    -0.9487   -0.27755 -0.0706809    0.023233 -0.00418809 -0.00625484 0.0329104 0.0464031 0.0114907  -0.0582329 -0.00935376    -9.80882 
               215.3 -2.29867  17.5995 -170.939   15.4512    1.1193 0.0305472 0.0344651 0.0770147 0.0917978 -0.00491911  -0.0205134   0.0491541 -0.975089 -0.262521 -0.078216   0.0233176 -0.00420711 -0.00605037 0.0326719  0.044572 0.0108636 -0.0582593 -0.0093727   -9.80882 
               215.4 -3.78476  18.1229 -173.014   15.3502   1.10222 0.0284824  0.028804 0.0774926 0.0947564 -0.00470335  -0.0204703    0.049069   -1.01721  -0.149166 -0.0267237   0.0233313 -0.00413286 -0.00592048 0.0325751 0.0443155 0.0105434  -0.0583903 -0.00931509    -9.80882 
               215.5 -4.48922  18.3358 -175.078  15.2449  1.08655 0.028776 0.0266411 0.0784317 0.0974556 -0.00497758  -0.0203766   0.0491052   -1.05524 -0.0610353 0.00293084   0.0231576 -0.00414449 -0.00593826 0.0321614 0.0435521 0.0103099  -0.0582967 -0.00946209    -9.80882 
               215.6 -4.4858 17.9911 -176.61   15.1458   1.08385 0.0268511 0.0268604  0.078233 0.0958835 -0.00498767  -0.0206172    0.049198   -1.06943 -0.0115378 -0.0102515   0.0231372 -0.00413955  -0.0059218 0.0328258 0.0434929 0.0106363  -0.0581991 -0.00928896    -9.80882 
               215.7 -3.78751  17.5081 -177.719   15.0392   1.08086 0.0288292 0.0283289  0.078743 0.0984329 -0.00508167  -0.0206458   0.0491138  -1.09544 0.0392122 0.0240395   0.0230416 -0.00409196  -0.0059978 0.0328927 0.0433116 0.0105065  -0.0580355 -0.00933601    -9.80882 
             215.801 -2.92884  17.3334 -178.501   14.9244   1.08639 0.0340257 0.0317622 0.0786147 0.0925986 -0.00503564  -0.0205974   0.0490835  -1.13475 0.0631908 0.0379659    0.023041 -0.00412808 -0.00597474 0.0326338 0.0437286 0.0103131 -0.0581241 -0.0094075   -9.80882 
               215.9 -1.88849  16.5767 -178.762   14.8134   1.09522 0.0397068 0.0300004 0.0792031  0.100271 -0.00507941  -0.0206056   0.0492085    -1.153 0.0497865 0.0573852   0.0230895 -0.00407771 -0.00599655 0.0328818 0.0439888 0.0103328  -0.0581116 -0.00929256    -9.80882 
                 216 -0.909027   15.6687  -179.028   14.6944    1.1068 0.0459353 0.0308031 0.0791839  0.100379 -0.00512675   -0.020629   0.0493566  -1.18424 0.0311322 0.0313888   0.0231091 -0.00407536 -0.00598477 0.0329628  0.044918 0.0102163  -0.0583133 -0.00917305    -9.80882 
               216.1 -0.374366   15.0467  -179.291   14.5707   1.11393 0.0472062 0.0290329 0.0779195  0.097913  -0.005162 -0.0206725  0.0493765  -1.22061 0.0202352 0.0180363    0.023124 -0.00407221  -0.0059941  0.032988 0.0451466 0.0103691  -0.0585053 -0.00911456    -9.80882 
               216.2 -0.359108   14.8104  -179.615   14.4537   1.11209 0.0514599  0.029553 0.0795525  0.100429 -0.00516536  -0.0206311   0.0493964   -1.22517 0.00501681  0.0202374   0.0231562 -0.00412479 -0.00597969 0.0331437 0.0449559 0.0102152  -0.0583406 -0.00908047    -9.80882 
               216.3 -0.471299   14.6443  -179.815 14.3337 1.11445 0.04753 0.0275652 0.0764001  0.103136 -0.00517036  -0.0205986   0.0493338   -1.22583   0.014819 -0.0192564   0.0231994  -0.0041282 -0.00598699 0.0338196 0.0449047 0.0108758  -0.0583303 -0.00897972    -9.80882 
             216.401 -0.497244   14.5101  -179.915   14.2086   1.11686 0.0431648 0.0274685 0.0736143  0.104036 -0.00516166  -0.0205972   0.0493336    -1.24041  0.00488726 -0.00117054   0.0231652  -0.0041149 -0.00601812 0.0340431 0.0450477 0.0113004  -0.0583831 -0.00899388    -9.80882 
               216.5 -0.497636   14.3342  -179.859    14.091   1.11822 0.0431402 0.0273161 0.0736468   0.10392 -0.00517225  -0.0205644   0.0492705    -1.23294 -0.00866364  -0.0124755   0.0231691 -0.00410334 -0.00602266 0.0346167 0.0449456 0.0114418  -0.0582724 -0.00886293    -9.80882 
               216.6 -0.528588   14.1668  -179.711   13.9698   1.11824 0.0439401 0.0270753 0.0747677  0.103656 -0.00517964   -0.020556   0.0492466   -1.23856 0.00113672 0.00781545   0.0231519 -0.00411939 -0.00598747 0.0347098 0.0448726 0.0113371  -0.0582263 -0.00880695    -9.80882 
             216.701 -0.503079   13.9331  -178.982   13.8491   1.11596 0.0451878 0.0275278 0.0753812  0.101295 -0.00517829  -0.0205353   0.0492437     -1.23162   -0.0194859 -0.000355816   0.0231044  -0.0041078 -0.00605117 0.0348257 0.0446313 0.0113047  -0.0581474 -0.00878905    -9.80882 
               216.8 -0.494599   13.9724  -177.277   13.7213   1.10937 0.0489094 0.0273052 0.0780341  0.100193 -0.00515484  -0.0205724   0.0492736    -1.24371  -0.0875523 -0.00376721   0.0231433 -0.00414179 -0.00610531 0.0340695 0.0444733 0.0107624  -0.0581928 -0.00890049    -9.80882 
               216.9 -0.516103   13.9475  -175.061   13.5962   1.09672 0.0503257 0.0271662  0.078406  0.100261 -0.00515492  -0.0205747   0.0492741   -1.2498 -0.167285 0.0222816   0.0231998 -0.00412736 -0.00610209 0.0340047 0.0444615 0.0107008  -0.0581961 -0.00890306    -9.80882 
                 217 -0.685963   13.8181  -173.804   13.4707   1.08512 0.0537066 0.0250949 0.0795938  0.104879 -0.00518612  -0.0205922   0.0492629   -1.25487  -0.156407 0.00580381   0.0232021 -0.00411626 -0.00605095 0.0338824 0.0447547 0.0105298  -0.0582821 -0.00883174    -9.80882 
               217.1 -0.931722   13.5718  -173.453   13.3471   1.06866 0.0526793 0.0266983  0.078277  0.102462 -0.00519328  -0.0205858   0.0492665  -1.26368 -0.156592 0.0115569   0.0232183 -0.00412421 -0.00602917 0.0342205 0.0447397 0.0107907 -0.0582236 -0.0088142   -9.80882 
               217.2 -1.05732  13.2417 -173.626   13.2249   1.05882 0.0520167 0.0264678 0.0772344  0.104771 -0.00518869  -0.0206263   0.0492707   -1.26109  -0.136922 0.00112942   0.0232029 -0.00409111 -0.00598715 0.0348671   0.04518   0.01111  -0.0582379 -0.00863316    -9.80882 
               217.3 -1.16333  13.3183 -174.718    13.108   1.04862 0.0508743 0.0270671 0.0776621  0.102029 -0.00520226  -0.0207237   0.0492481   -1.25518   -0.09133 -0.0183705   0.0231818 -0.00415929 -0.00594453 0.0356538  0.045104 0.0113329  -0.0581056 -0.00842208    -9.80882 
               217.4  -1.3032  13.3597 -176.948   12.9833   1.03992 0.0444006 0.0284054 0.0730103  0.100979 -0.00521368  -0.0207408   0.0492399    -1.26543  -0.0307934 -0.00602773   0.0231353 -0.00412255 -0.00587339 0.0364102 0.0451622 0.0120197  -0.0580743 -0.00840802    -9.80882 
               217.5 -1.48875  13.7131 -179.569   12.8588   1.03769 0.0440134  0.029199 0.0741984  0.098403 -0.00525766  -0.0207621   0.0492244    -1.26268   0.0214477 -0.00359135   0.0231025 -0.00415689 -0.00587558 0.0363613 0.0449257 0.0119027   -0.057999 -0.00841134    -9.80882 
               217.6 -1.58924  14.2726  178.545   12.7365   1.04715 0.0503159 0.0279929 0.0797749  0.107284 -0.00520301  -0.0208238   0.0491856  -1.25367 0.0552669 0.0113382  0.0231393 -0.0042089 -0.0059201 0.0359869 0.0456329 0.0112536  -0.0580329 -0.00824816    -9.80882 
               217.7 -1.56279  14.8096  177.715    12.607   1.05746 0.0431236 0.0235375 0.0731105  0.108481 -0.00519318  -0.0208241   0.0492401   -1.25836  0.0835397 -0.0147634   0.0231244 -0.00419199 -0.00593921 0.0367134  0.045407 0.0121028  -0.0581827 -0.00822826    -9.80882 
               217.8 -1.53376  15.0886  177.748  12.4839  1.06707 0.037725 0.0208955 0.0712989  0.111881 -0.00521064  -0.0208124   0.0492247   -1.25708  0.0915874 -0.0355309   0.0231378 -0.00415256 -0.00597138 0.0372118 0.0451961 0.0124553  -0.0581564 -0.00815415    -9.80882 
               217.9 -1.42248  15.0764  178.273   12.3611   1.07463 0.0362367 0.0207192 0.0719954  0.114267 -0.00521254  -0.0207805   0.0492226    -1.2609  0.0583505 -0.0216521   0.0231812 -0.00413135 -0.00602128 0.0373529 0.0451741 0.0124185  -0.0580888 -0.00811442    -9.80882 
                 218 -1.2105 14.9788 178.839   12.2382   1.07766 0.0350765 0.0211541 0.0726904  0.114741 -0.00518884  -0.0207396   0.0492265   -1.25632    0.04143 -0.0293236   0.0231859  -0.0041276 -0.00602554 0.0374537 0.0449953 0.0123556  -0.0579927 -0.00811217    -9.80883 
               218.1 -1.15106  14.8433  179.059   12.1177   1.08399 0.0390354 0.0216219 0.0759505  0.120293 -0.00522966  -0.0207013   0.0492637    -1.25018   0.0405244 -0.00513073   0.0232098 -0.00411669  -0.0059883 0.0374735  0.045502 0.0119041  -0.0579432 -0.00799253    -9.80883 
               218.2 -1.03447  14.8093  179.033    12.002   1.08379 0.0407427 0.0219079 0.0777228   0.12139 -0.00524855   -0.020638   0.0493027   -1.23407  0.0194255 0.00749492   0.0231654 -0.00414253   -0.005992 0.0379328 0.0451498 0.0118297  -0.0577258 -0.00790637    -9.80883 
               218.3 -1.28135  14.7001  178.637  11.8789   1.0886 0.039616 0.0216494 0.0775127  0.122099 -0.00525241  -0.0206397   0.0493002   -1.23529  0.0550894 0.00283715  0.0232572 -0.0041026 -0.0059767 0.0380068  0.045223 0.0118915   -0.057735 -0.00788252    -9.80883 
               218.4 -1.02245  14.7179  178.115   11.7519   1.09214 0.0362584 0.0215054 0.0751365  0.121375 -0.00524204  -0.0206388   0.0492959     -1.2445   0.0664625 -0.00343144   0.0231488  -0.0041184 -0.00594125 0.0380678 0.0451787 0.0122865   -0.057781 -0.00792766    -9.80883 
               218.5 -1.06681  14.6921  177.739   11.6214   1.10147 0.0412416 0.0213147 0.0773065  0.122761 -0.00521394  -0.0206441    0.049298   -1.26039  0.0733856 0.00355807   0.0231849 -0.00411056 -0.00595888  0.037371 0.0455881 0.0116427  -0.0579257 -0.00797547    -9.80883 
               218.6 -0.893683   14.6774   177.474   11.4933   1.10811 0.0408262  0.021372 0.0765042  0.122194 -0.00520788  -0.0206421   0.0493003  -1.26928 0.0665332 0.0022795   0.0231242  -0.0041364 -0.00596408 0.0373047 0.0455751 0.0117339   -0.057956 -0.00801055    -9.80883 
               218.7 -0.895647   14.5551   177.392   11.3591    1.1183 0.0383402 0.0208721 0.0744333   0.12223 -0.00518333  -0.0206543   0.0493018   -1.29241  0.0891592 -0.0208302   0.0231721 -0.00411169 -0.00598692 0.0369801 0.0458484 0.0118901  -0.0581303 -0.00808532    -9.80882 
               218.8 -0.74674  14.4641  177.448   11.2274   1.12576 0.0423859 0.0217577 0.0769594  0.121602 -0.0051731 -0.0206515  0.0493035   -1.2945 0.0470284  0.019948   0.0231632 -0.00410594 -0.00597935  0.036597  0.045893 0.0113496   -0.058123 -0.00811684    -9.80882 
               218.9 -0.612881   14.2514   177.845    11.107   1.13496 0.0454057 0.0202236 0.0780256  0.126649 -0.00522146  -0.0206425   0.0493091   -1.26685  0.0508996 0.00679553   0.0231938 -0.00407775 -0.00599761 0.0371724 0.0462039 0.0113928  -0.0580662 -0.00791506    -9.80882 
                 219 -0.673105   13.9718    178.34   10.9863   1.14387 0.0467111 0.0190763 0.0785777  0.129816 -0.00526274  -0.0206317   0.0493106  -1.25503 0.0428044 0.0130136   0.0232113  -0.0040977 -0.00596519 0.0376159 0.0464397 0.0114877  -0.0580338 -0.00776132    -9.80883 
               219.1 -0.663347   13.6276   179.549    10.864   1.14709 0.0438814 0.0190839  0.076447   0.13063 -0.00529442  -0.0206122   0.0493137     -1.25041   0.00795232 -0.000117786   0.0232465 -0.00411263 -0.00600695 0.0381643 0.0465147  0.012013  -0.0579988 -0.00769019    -9.80883 
               219.2 -0.584103   13.3858  -178.602   10.7479   1.14517 0.0405985 0.0196941 0.0754772  0.129654 -0.00533228  -0.0205351   0.0493213   -1.22825 -0.0547014 -0.0236991   0.0232174 -0.00408424 -0.00603372 0.0389738 0.0464347 0.0124609   -0.057861 -0.00755422    -9.80883 
               219.3 -0.629664   13.4162  -176.102    10.633   1.13171 0.0388009 0.0213954 0.0756292  0.123699 -0.00529548  -0.0204433   0.0493075    -1.2086  -0.158916 0.00243487   0.0232827 -0.00408805 -0.00607937  0.039463 0.0459316 0.0126216 -0.0576763 -0.0075121   -9.80883 
               219.4 -0.729477   13.5093  -173.845   10.5124   1.11862 0.0409759 0.0200075 0.0769906  0.125275 -0.00531862   -0.020443   0.0492985  -1.21481 -0.129858 0.0133056   0.0232604 -0.00410701 -0.00606557  0.039356 0.0459591 0.0124229 -0.0576994 -0.0074688   -9.80883 
               219.5 -0.792703   13.6658  -172.504   10.3914   1.10094 0.0428144 0.0190773 0.0782699  0.125033 -0.00532182  -0.0204424   0.0492986   -1.21371  -0.198573 0.00854363   0.0232616  -0.0041303 -0.00604538 0.0391826 0.0457932 0.0122234  -0.0576964 -0.00746913    -9.80883 
               219.6 -0.901778   13.6619  -172.103   10.2703    1.0851 0.0433285 0.0188983 0.0776697  0.126911 -0.00531065  -0.0204514   0.0492888   -1.21714   -0.16388 0.00165701     0.02321 -0.00407998 -0.00600536 0.0393772 0.0460641 0.0123492  -0.0577275 -0.00741394    -9.80883 
               219.7 -0.994652   13.7582  -172.576    10.151   1.06986 0.0374095 0.0217624 0.0739121    0.1258 -0.00530118  -0.0204772   0.0492744   -1.22053   -0.14982 -0.0316034   0.0232002 -0.00412679 -0.00596859 0.0401421 0.0464693  0.013007  -0.0576998 -0.00735459    -9.80883 
               219.8 -1.05622  13.6064 -173.258   10.0284    1.0605 0.0383093 0.0191743  0.075639  0.131082 -0.00523203  -0.0204941   0.0492761   -1.23243  -0.120153 0.00156682   0.0231962 -0.00410109  -0.0059382 0.0399833 0.0468088 0.0127564  -0.0577999 -0.00727213    -9.80883 
               219.9 -1.09149  13.5388 -173.869   9.91114   1.05041 0.0384815 0.0193886 0.0764472  0.129608 -0.00525088  -0.0205516   0.0492745    -1.22115   -0.110934 -0.00539987   0.0231785 -0.00414295 -0.00593734  0.040358 0.0466786 0.0127942  -0.0577125 -0.00716436    -9.80883 
                 220 -0.998625   13.4157  -174.085   9.79011   1.04206 0.0366091 0.0181631 0.0755151  0.132833 -0.00524228  -0.0205706   0.0492836     -1.2224   -0.101959 0.000136285    0.023175 -0.00410668 -0.00596482  0.040654 0.0469056 0.0129827  -0.0577546 -0.00708729    -9.80883 
               220.1 -1.10634  13.4289 -174.171   9.67665   1.03159 0.0363685 0.0181051 0.0766593   0.13305 -0.00527108  -0.0205912   0.0492774    -1.20462   -0.106944 -0.00202648   0.0232142 -0.00411239 -0.00599628 0.0411649 0.0466691 0.0130364  -0.0576043 -0.00694899    -9.80883 
               220.2 -1.15079  13.5277 -174.199     9.544   1.02476 0.0354823 0.0175827 0.0762534  0.134966 -0.00524533  -0.0206024   0.0493033   -1.24262 -0.0961232 -0.0238101   0.0232242 -0.00412148 -0.00597411 0.0404512 0.0472316 0.0128327 -0.0578422 -0.0070732   -9.80883 
               220.3 -1.03514   13.513  -174.05   9.41353   1.01335 0.0363166 0.0179179 0.0769534  0.134773 -0.00523003  -0.0206178    0.049318     -1.26206    -0.132363 -0.000261887   0.0231992 -0.00409366 -0.00599646 0.0398856 0.0475081 0.0125781  -0.0579606 -0.00716253    -9.80883 
               220.4 -1.19758  13.5227 -174.005  9.29985  1.00376 0.039121 0.0175418  0.080048  0.136806 -0.00526313  -0.0205862   0.0492973    -1.22882   -0.126382 -0.00744555   0.0232254 -0.00412275 -0.00596907  0.040421 0.0473046   0.01244  -0.0577621 -0.00695449    -9.80883 
               220.5 -1.39323  13.5124 -173.978   9.17113   0.98901 0.0421618 0.0183787 0.0816926  0.135096 -0.00524298  -0.0205998   0.0493098  -1.24779 -0.130254 0.0173925   0.0233249  -0.0041116 -0.00593006 0.0397657 0.0473749  0.012043  -0.0578235 -0.00706207    -9.80883 
               220.6 -1.22726  13.5513   -173.9   9.04805  0.975531 0.0414454 0.0186652 0.0802916  0.133832 -0.00524566   -0.020592   0.0493045    -1.24857    -0.14151 0.000415213   0.0231962 -0.00411441 -0.00594481  0.040097 0.0471991 0.0123065  -0.0577704 -0.00704681    -9.80883 
               220.7 -1.25751    13.63 -173.756    8.9282  0.960366 0.0405643 0.0194022 0.0807173  0.131419 -0.00525118  -0.0205713   0.0492912     -1.24861    -0.120202 -0.000990125   0.0232102 -0.00413745 -0.00596287  0.040391 0.0468448 0.0123739 -0.0576389 -0.0070054   -9.80883 
               220.8 -1.24694  13.5796 -173.618   8.80686  0.946728 0.0424395 0.0190155 0.0818336  0.133032 -0.00526273  -0.0205685   0.0492889   -1.24234  -0.138267 0.00615965   0.0232562 -0.00411436 -0.00596723 0.0404971 0.0469115 0.0122833  -0.0576116 -0.00693644    -9.80883 
               220.9 -1.17152  13.5513 -173.511   8.68932  0.936546 0.0401563 0.0177169 0.0797387  0.136536 -0.00529346  -0.0205696    0.049287   -1.22397  -0.145826 -0.0134285   0.0232321  -0.0041136 -0.00594684 0.0413594  0.047018 0.0127935 -0.0575693 -0.0067736   -9.80883 
                 221 -0.997309   13.4734  -173.361   8.56467   0.93024 0.0413582 0.0151447 0.0804443  0.144975 -0.0053081  -0.020597    0.04931    -1.23205   -0.131389 0.000379947   0.0231798 -0.00407573 -0.00591698 0.0413201 0.0478089 0.0126885  -0.0577397 -0.00665852    -9.80883 
               221.1 -1.15922  13.5063 -173.279   8.43957  0.921703 0.0465553 0.0141528 0.0838474  0.148646 -0.00530586  -0.0206103   0.0493075   -1.24618  -0.117459 0.00617594   0.0232391 -0.00410381 -0.00591354 0.0408574  0.048173 0.0121557    -0.05781 -0.00661779    -9.80883 
               221.2 -1.27666  13.4807 -173.188   8.31401  0.912218 0.0438631  0.013505 0.0814705  0.150274 -0.0053064 -0.0206136  0.0493006  -1.25389 -0.128111  0.012097   0.0233089  -0.0040996 -0.00591834 0.0411597 0.0483144  0.012511  -0.057856 -0.0065995   -9.80883 
               221.3 -1.01379  13.4811 -173.014  8.19337 0.890709 0.038508 0.0152609 0.0776446  0.143067 -0.00530893  -0.0205905   0.0492802   -1.24516  -0.129561 -0.0212644   0.0232517 -0.00410946 -0.00595618 0.0418628 0.0475087 0.0131693  -0.0576738 -0.00664495    -9.80883 
               221.4 -1.11477  13.5452  -173.07   8.07075  0.877743 0.0399305  0.015642 0.0799921  0.141623 -0.00531401  -0.0205857   0.0492774   -1.24065   -0.13929 0.00128734   0.0232716 -0.00413025 -0.00592998 0.0417004 0.0473253 0.0128628   -0.057608 -0.00663048    -9.80883 
               221.5 -0.765018   13.4907  -172.732   7.94754  0.863167 0.0381037 0.0147189 0.0784851  0.144024 -0.00532613  -0.0205942   0.0492846  -1.24276 -0.179352 0.0047244   0.0232163 -0.00406626  -0.0059605 0.0420404 0.0474814 0.0131351  -0.0576359 -0.00657263    -9.80883 
               221.6 -0.848737    13.528  -172.613   7.82786  0.848379 0.0376307 0.0142936  0.078563  0.145195 -0.00533932  -0.0205932   0.0492767   -1.23907  -0.164892 -0.0206009    0.023194 -0.00411274 -0.00592879 0.0423682 0.0475001 0.0132408  -0.0575971 -0.00648571    -9.80883 
               221.7 -0.849894   13.5443  -171.942   7.71063  0.834106 0.0360979  0.013547 0.0791575  0.147051 -0.00536477  -0.0205796    0.049262    -1.21384   -0.205932 -0.00789189   0.0231734 -0.00412529 -0.00593918 0.0428552 0.0475358 0.0133556  -0.0575345 -0.00633701    -9.80883 
               221.8 -1.07332  13.7414 -170.474   7.59007  0.810104 0.0346661 0.0140119 0.0786612   0.14568 -0.00535847  -0.0205674   0.0492644    -1.21769    -0.21166 -0.00167392   0.0233035 -0.00415819 -0.00599565 0.0429934 0.0474033 0.0134594  -0.0574938 -0.00633668    -9.80883 
               221.9 -1.05931  13.8734 -169.256   7.47811  0.788139 0.0394443  0.013137 0.0836202  0.143338 -0.00537505  -0.0205089   0.0492336   -1.19418  -0.261889 0.00968505    0.023236 -0.00414985 -0.00602013 0.0430692 0.0469653 0.0129447  -0.0573443 -0.00617435    -9.80883 
                 222 -1.16236  13.8443  -168.49   7.36083  0.760824 0.0406422 0.0138231 0.0839544  0.140887 -0.0053732  -0.020495  0.0492362  -1.20021 -0.254358 0.0148674   0.0232561 -0.00412804 -0.00598945 0.0431638 0.0467372 0.0129458  -0.0572749 -0.00616605    -9.80883 
               222.1 -1.10158  13.7053 -168.422   7.23811  0.741863 0.0387609 0.0126703 0.0817225  0.146411 -0.00536655  -0.0205121   0.0492358   -1.21202  -0.226583 -0.0146779   0.0231791 -0.00409421 -0.00593129 0.0434134 0.0473412 0.0132724  -0.057407 -0.0061165   -9.80883 
               222.2 -0.940707   13.5745  -168.437   7.11248  0.720832 0.0358714 0.0119091 0.0797709   0.14984 -0.00534847  -0.0205145   0.0492391    -1.22238   -0.246104 -0.00500676   0.0231565 -0.00405848 -0.00591304 0.0434537  0.047722 0.0134973   -0.057517 -0.00613316    -9.80883 
               222.3 -1.14981  13.6736 -168.611   6.98231  0.696127 0.0388067  0.011377 0.0819897  0.151126  -0.005324 -0.0204942  0.0492462   -1.25945  -0.198444 0.00656828   0.0232402 -0.00412112   -0.005941 0.0426538 0.0478652 0.0129667  -0.0576113 -0.00624357    -9.80883 
               222.4  -1.2485   13.548 -169.208    6.8685  0.677096 0.0398741 0.0113021 0.0832851   0.15079 -0.00535883  -0.0205523   0.0492465   -1.23531  -0.212195 0.00792245   0.0232551 -0.00407463 -0.00591497 0.0433868 0.0476977 0.0130683  -0.0574692 -0.00602922    -9.80883 
               222.5 -1.28225  13.6158 -169.531   6.75057   0.65748 0.0421753 0.0110398 0.0848557  0.151934 -0.00536977  -0.0205756   0.0492373  -1.23004 -0.204098   0.01318   0.0232767 -0.00415092 -0.00590982 0.0436086 0.0476975 0.0129622  -0.0574112 -0.00592143    -9.80883 
               222.6 -1.27186  13.5818 -169.914   6.62726  0.641802 0.0390457 0.00960934  0.0821697   0.154692 -0.00536796  -0.0205869   0.0492356   -1.23429  -0.176433 -0.0165147   0.0232566 -0.00413279 -0.00591086 0.0440989 0.0478545 0.0134242  -0.0574623 -0.00585807    -9.80883 
               222.7 -1.01403  13.6674 -169.983   6.50521  0.622047 0.0344635 0.00920917  0.0798166   0.153588 -0.00537321  -0.0205874   0.0492257   -1.23067  -0.221662 -0.0150397   0.0232214 -0.00412775 -0.00594035 0.0445329 0.0475776 0.0138367  -0.0574165 -0.00584376    -9.80883 
               222.8 -0.926526   13.6878  -170.009  6.38497  0.59741 0.026658 0.00897176   0.075366   0.149481 -0.0053732 -0.0205761  0.0492059   -1.24416  -0.167152 -0.0290645   0.0231948 -0.00411083 -0.00594537  0.045271 0.0468715 0.0145891  -0.0573007 -0.00585715    -9.80883 
               222.9  -0.9421  13.6283 -170.244   6.26252  0.584141 0.0293183 0.00776825  0.0791376   0.156397 -0.00538712  -0.0205926   0.0492082   -1.24052  -0.196475 -0.0135875    0.023225 -0.00410375 -0.00591798 0.0450323 0.0475713 0.0140647  -0.0573886 -0.00573004    -9.80883 
                 223 -0.939116   13.5373  -170.249   6.13864  0.565654 0.0299876 0.00769072  0.0803712   0.157386 -0.00538792  -0.0205954   0.0492083   -1.24311  -0.170103 -0.0113099   0.0231975 -0.00410008 -0.00591701 0.0448952 0.0476907  0.013874  -0.0574016 -0.00571458    -9.80883 
               223.1 -1.03979  13.7318 -170.496  6.01808 0.546244 0.032328  0.008545 0.0833899  0.155731 -0.00539461  -0.0205854   0.0492054   -1.24046  -0.170283 0.00134752   0.0232246  -0.0041897 -0.00591012 0.0447522 0.0474534 0.0134871  -0.0572949 -0.00568521    -9.80883 
               223.2 -0.871264   13.6682  -170.502   5.89842  0.525534 0.0299057 0.00879296  0.0826003   0.154358 -0.0054019 -0.0205725  0.0491994   -1.23215  -0.232134 -0.0035021   0.0232125 -0.00411026 -0.00594187 0.0451327 0.0471637 0.0137126  -0.0572025 -0.00564656    -9.80883 
               223.3 -1.03741  13.7686 -170.634   5.78175  0.505001 0.0330102 0.00921299  0.0855262   0.153858 -0.00541615  -0.0205598    0.049191    -1.23232   -0.188272 -0.00556266   0.0232572 -0.00417493 -0.00594282 0.0452312 0.0469467 0.0134008  -0.0570764 -0.00555895    -9.80883 
               223.4 -0.893293    13.502  -170.887   5.66393  0.484698 0.0295958 0.00914661  0.0833929   0.153249 -0.00543581  -0.0205539   0.0491952  -1.21867 -0.201674 -0.011898   0.0231945 -0.00407557 -0.00596777 0.0458379 0.0467324   0.01386  -0.0570024 -0.00549871    -9.80883 
               223.5 -1.09363  13.5517 -171.189   5.54148   0.47156 0.0294277 0.00743973  0.0832543   0.158597 -0.0054379 -0.0205696  0.0491783    -1.22495   -0.162168 -0.00962955   0.0232738 -0.00415119 -0.00592519 0.0460394 0.0472222 0.0139344  -0.0570929 -0.00539631    -9.80883 
               223.6 -0.945931   13.5812  -171.455   5.41932  0.455379 0.0279553 0.00750698   0.082915   0.158242 -0.00544127   -0.020568   0.0491762   -1.23811  -0.138709 -0.0073039   0.0231945 -0.00413153  -0.0059185 0.0461692 0.0471501 0.0140206  -0.0570686 -0.00538321    -9.80883 
               223.7 -0.716919     13.58  -171.571   5.30096  0.439823 0.0272376 0.00738241  0.0834056   0.158732 -0.00545411   -0.020563   0.0491666   -1.22966  -0.186422 0.00435703   0.0231838 -0.00410074 -0.00593508 0.0464929 0.0470329 0.0140763  -0.0569921 -0.00530437    -9.80883 
               223.8 -0.788674   13.5704  -171.651   5.17976  0.422698 0.0326509 0.00800339  0.0874049    0.15919 -0.00545353  -0.0205612   0.0491677    -1.2307   -0.15766 0.00772566   0.0232466 -0.00410728  -0.0059298 0.0460378 0.0471418 0.0134575  -0.0569698 -0.00529029    -9.80883 
               223.9 -0.838252   13.5949   -172.01   5.06818   0.40655 0.0389676 0.00826615  0.0918514   0.159727 -0.00547964  -0.0205544   0.0491539  -1.19932 -0.181736 0.0187835   0.0232875 -0.00413531 -0.00592189 0.0462622 0.0469409 0.0130256  -0.0567987 -0.00513175    -9.80883 
                 224 -0.857597   13.6472  -172.313    4.9503  0.393172 0.0415025 0.00718988  0.0917884   0.162888 -0.00548948  -0.0205613   0.0491411  -1.20403 -0.153858 0.0207292   0.0233004 -0.00416224 -0.00591564 0.0466058 0.0471369 0.0131489  -0.0568033 -0.00502804    -9.80883 
               224.1 -0.999429   13.4455  -172.695   4.82622  0.376218 0.0370107 0.00747497  0.0873963   0.161236 -0.00548548  -0.0205532   0.0491392    -1.22467   -0.148002 -0.00138073   0.0233757 -0.00400781  -0.0059181 0.0469034  0.047024 0.0137585  -0.0568326 -0.00510122    -9.80883 
               224.2 -0.767599   13.6072  -173.034   4.69982  0.365749 0.0336681 0.00589313  0.0849314   0.165593 -0.00548187    -0.02057   0.0491523   -1.24188  -0.157102 0.00602557   0.0233102 -0.00409285 -0.00589505 0.0470407 0.0475119 0.0140863  -0.0569743 -0.00508129    -9.80883 
               224.3 -0.645055   13.6753   -173.21   4.57796  0.351579 0.0305121 0.00574098  0.0831246   0.165473 -0.00548742  -0.0205691   0.0491447    -1.23593   -0.118794 -0.00563538   0.0232519 -0.00411516 -0.00594435 0.0474652 0.0474151 0.0144425  -0.0569413 -0.00504626    -9.80883 
               224.4 -0.560442   13.8664  -173.614     4.459  0.340498 0.0302337 0.00511015  0.0839707   0.167557 -0.00549909  -0.0205716   0.0491273    -1.23273   -0.127019 -0.00358051   0.0232419 -0.00415322 -0.00589376 0.0477695 0.0474993 0.0144412   -0.056904 -0.00494307    -9.80883 
               224.5 -0.62382  13.7619 -173.723   4.33844   0.32882 0.0311899 0.00468321  0.0847785      0.169 -0.00550849  -0.0205715   0.0491237     -1.23281    -0.144281 -0.000958605   0.0232923 -0.00408091 -0.00592559 0.0479137 0.0475756   0.01439  -0.0568855 -0.00487863    -9.80883 
               224.6 -0.654953    13.831  -173.395   4.21084  0.316875 0.0333112 0.00404156  0.0859126   0.171129 -0.0055065 -0.0205912  0.0491242    -1.24316   -0.158648 -0.00341093   0.0233206 -0.00408155 -0.00591837 0.0474948  0.047877 0.0140959  -0.0569797 -0.00490353    -9.80883 
               224.7 -0.520066    14.057  -172.299   4.08161  0.306391 0.0307333 0.00232091  0.0837521   0.176719 -0.0055508 -0.0206367  0.0491344   -1.25396  -0.179578 0.00211157   0.0232964 -0.00412107 -0.00595342 0.0475776 0.0485145 0.0143889  -0.0571427 -0.00486901    -9.80883 
               224.8 -0.360058   14.1451  -171.154   3.95974  0.292415 0.0330022 0.00146569  0.0855928   0.178083 -0.00557641  -0.0206114   0.0491259 -1.25289 -0.16292 0.011898   0.0232352 -0.00410377 -0.00597448 0.0476911 0.0485719 0.0141928  -0.0571199 -0.00477482    -9.80883 
               224.9 -0.417273   14.2608  -170.524   3.84064   0.27712 0.0316742 0.00127443  0.0851326   0.178812 -0.0056031 -0.0205877  0.0491097    -1.24545   -0.198901 -0.00206341   0.0233094 -0.00411875 -0.00592894  0.048257 0.0486945 0.0144601   -0.057081 -0.00464718    -9.80883 
                 225 -0.374025   14.3851  -170.142   3.72165  0.261337 0.0317201 0.00134082  0.0853796   0.178065 -0.00562077  -0.0205773   0.0490973   -1.23918  -0.194956 0.00205605   0.0232841 -0.00416149 -0.00591659 0.0487028 0.0486998  0.014591  -0.0570284 -0.00453678    -9.80883 
               225.1 -0.261714   14.4452  -170.038   3.59566  0.245954 0.0289965 0.00107548  0.0839268   0.180824 -0.00561598  -0.0205845   0.0490982   -1.25108  -0.183712 -0.0177291   0.0232873 -0.00414507 -0.00587921 0.0488261 0.0490839 0.0148339  -0.0570988 -0.00451711    -9.80883 
               225.2 -0.13824  14.5411 -169.923   3.47554  0.221947 0.0315508 0.00126113  0.0858996   0.177426 -0.0056315 -0.0205834  0.0490925   -1.24503  -0.203284 0.00997494   0.0232769 -0.00414761 -0.00587953 0.0488742 0.0486448 0.0145715  -0.0569974 -0.00448431    -9.80883 
               225.3 -0.392051   14.6513  -170.048   3.35912  0.200398 0.0311576 0.00299412  0.0862347   0.171698 -0.00567003  -0.0205975   0.0490963   -1.22995  -0.189583 0.00484863   0.0232826 -0.00417062 -0.00592123 0.0495167 0.0482271 0.0147726 -0.0568302 -0.0043752   -9.80883 
             225.402 -0.478342   14.6309  -170.317  3.24307 0.183585 0.029814 0.00308892  0.0858669   0.171875 -0.00567516  -0.0206179   0.0490896   -1.22838  -0.207639 0.00300675   0.0233291  -0.0041694 -0.00588504 0.0499748 0.0484201 0.0150016  -0.0568194 -0.00426266    -9.80883 
               225.5 -0.436694   14.3209  -170.547   3.11888   0.16231 0.0334902 0.00280153  0.0873359   0.170935 -0.00566996   -0.020609   0.0490899  -1.23368 -0.200141 0.0112787   0.0232421 -0.00405147 -0.00587265 0.0496601 0.0481681 0.0146425  -0.0567988 -0.00431191    -9.80883 
               225.6 -0.434901   14.4107  -170.669   3.00191  0.144152 0.0360248 0.00285743  0.0889106    0.16967 -0.00568752  -0.0206186   0.0490949   -1.22444  -0.192142 -0.0118661    0.023268 -0.00412048  -0.0058939 0.0499694 0.0479896 0.0145062   -0.056712 -0.00421185    -9.80884 
               225.7 -0.418449   14.4826  -170.678   2.88205  0.123432 0.0341257 0.00298851  0.0879873   0.169762 -0.00569634  -0.0206223   0.0490919   -1.22443  -0.215182 0.00292528   0.0233166 -0.00414526 -0.00590223 0.0503099 0.0480225 0.0147893  -0.0566884 -0.00415801    -9.80884 
               225.8 -0.506069   14.5193  -170.701   2.76501  0.111069 0.0357607 0.00197642  0.0888827    0.17223 -0.00571431  -0.0206355    0.049078   -1.22081    -0.1806 0.00462628   0.0233048 -0.00414197 -0.00592113  0.050779 0.0483628 0.0147867  -0.0567019 -0.00398651    -9.80884 
               225.9 -0.506028   14.4912   -170.75   2.64543 0.0933848 0.0351292 0.00168546  0.0885767   0.173254 -0.00572301  -0.0206396   0.0490748  -1.22406 -0.193384 0.0123655    0.023319 -0.00415189 -0.00587336 0.0510259 0.0485053 0.0149221  -0.0567074 -0.00392371    -9.80884 
                 226 -0.522602   14.3874  -170.564   2.51914 0.0742767 0.0303098 0.00192751  0.0858283    0.17435 -0.00572169  -0.0206504   0.0490725     -1.23217    -0.206605 -0.000312818   0.0233026 -0.00416387 -0.00593017 0.0511126 0.0487472 0.0154362  -0.0567713 -0.00395931    -9.80883 
               226.1 -0.691454   14.4357  -170.658   2.39539 0.0591326 0.0253706 0.00149601  0.0841243   0.176571 -0.00572907  -0.0206586   0.0490639   -1.24107  -0.193083 -0.0392017   0.0233651 -0.00420557 -0.00586343 0.0514174 0.0491016 0.0158309  -0.0568284 -0.00390095    -9.80883 
               226.2 -0.621938   14.2416  -171.113   2.26574 0.0452821 0.0182356 0.000703625    0.081251    0.180453 -0.00572138  -0.0206735   0.0490604   -1.26671   -0.16013 -0.0246176   0.0233449 -0.00418979 -0.00584876 0.0515414 0.0497399 0.0163519  -0.0569784 -0.00388531    -9.80883 
               226.3 -0.75966  13.9931 -172.518   2.14408 0.0311281 0.0197878 0.000740284   0.0836514    0.179019 -0.00573741  -0.0206885   0.0490723   -1.23687  -0.134919 -0.0285772   0.0233564 -0.00419871 -0.00586832 0.0515347 0.0494869 0.0159554  -0.0569035 -0.00384556    -9.80883 
               226.4 -0.819035   13.3795  -174.976   2.02846 0.0152697  0.027363 0.00231656   0.088768   0.176479 -0.00579599  -0.0207442   0.0491256   -1.20097  -0.097181 0.00222548   0.0233877 -0.00414399 -0.00580891 0.0513505 0.0490586 0.0150334  -0.0567321 -0.00382011    -9.80884 
               226.5 -0.716422    12.693  -177.919   1.92058 0.0104997 0.0242535 0.00156898  0.0880582   0.178304 -0.00586145  -0.0208714   0.0492113    -1.17563  -0.0366543 -0.00357479   0.0233189 -0.00417828 -0.00582454 0.0522765 0.0488947  0.015529  -0.0566102 -0.00365741    -9.80884 
               226.6 -0.732571   11.8943    179.39   1.81381 0.0117843 0.0181729 -0.000720023    0.0863658     0.181625 -0.0059054 -0.0209595  0.0492823   -1.14627  0.0138454 -0.0224704   0.0232949 -0.00414173 -0.00581167  0.053144 0.0486867 0.0161603  -0.0565341 -0.00351937    -9.80884 
               226.7 -0.739228   12.2831   178.071   1.71183 0.0169775 0.0141824 -0.00341667   0.0858647    0.189217 -0.00590281   -0.020999   0.0492163   -1.11399  0.0353854 -0.0126708   0.0233244  -0.0042459 -0.00584967 0.0541674 0.0485712 0.0165766   -0.056401 -0.00333859    -9.80884 
               226.8 -0.545505   13.2809   178.129    1.60107  0.0218244 0.00848283 -0.00627165   0.0833883    0.191892 -0.0058997 -0.0210076  0.0492156    -1.11756 0.000259317  -0.0390345   0.0233227 -0.00421947 -0.00592081 0.0546233 0.0485012 0.0170373  -0.0564352 -0.00327921    -9.80884 
               226.9 -0.402846   14.6341   178.634    1.4947 0.0281251 0.0150257 -0.00488004   0.0909125    0.200705 -0.00601516  -0.0209473   0.0490753    -1.10267  0.00994315 -0.00630869   0.0232718 -0.00434874 -0.00592085 0.0540419 0.0494893 0.0159764  -0.0564095 -0.00316071    -9.80884 
                 227 -0.216626   15.1179   179.271    1.38192  0.0349838 0.00801992 -0.007442 0.0863233  0.204332 -0.00608245  -0.0210111   0.0491463   -1.09495  0.0153645 -0.0272534   0.0232286 -0.00428678 -0.00591697 0.0544958 0.0497827  0.016709  -0.0565269 -0.00311307    -9.80884 
               227.1 -0.204397   15.0634   179.769     1.2756  0.0408819 0.00500231 -0.0090087  0.0864093   0.209004 -0.00614481  -0.0209915   0.0491235    -1.07877 -0.00752142  -0.0386994    0.023259  -0.0043184 -0.00588721 0.0547436 0.0501549 0.0167927  -0.0565491 -0.00301566    -9.80884 
               227.2 -0.226314   14.1829  -179.995    1.16689  0.0436766 -0.0047382 -0.00886513    0.084422    0.210522 -0.00618284  -0.0210029   0.0490879   -1.05948  0.0150181 -0.0506287   0.0232635 -0.00428624 -0.00585238 0.0548947 0.0504172 0.0172618  -0.0565894 -0.00300157    -9.80884 
             227.301 -0.120836   12.8889  -179.568     1.07348   0.0462152 -0.00787904 -0.00938453   0.0852175    0.210377 -0.00623968  -0.0209643   0.0492622  -0.977162  0.0106865 -0.0554505  0.0232566 -0.0042368 -0.0059031 0.0554468 0.0504433 0.0171694  -0.0565179 -0.00289107    -9.80884 
               227.4 -0.113416   12.1917  -179.194   0.980808  0.0491547 -0.0157292 -0.00928515   0.0850153    0.211207 -0.00626258  -0.0209671   0.0492689   -0.876781 -0.00896864  -0.0900137    0.023268 -0.00426342  -0.0059356 0.0555441 0.0507208  0.017289  -0.0565401 -0.00284878    -9.80884 
               227.5 -0.284722   11.6385  -178.842   0.903287  0.0525574 -0.0118085 -0.00979921   0.0853666    0.208629 -0.00630368  -0.0209571   0.0493765   -0.823498  0.00713553 -0.00224724   0.0233516 -0.00428384 -0.00591358   0.05628 0.0505643 0.0171031  -0.0564527 -0.00273474    -9.80884 
               227.6 0.0365478   12.5182   -178.32   0.832183  0.0504446 -0.0121158 -0.0095143  0.0858312   0.207275 -0.0063111 -0.0209486  0.0493449  -0.724184 -0.0168365   0.014517   0.0233228 -0.00430363 -0.00594403 0.0565928 0.0504692 0.0171404  -0.0563917 -0.00268426    -9.80884 
               227.7 0.0396058   13.9736  -178.152   0.774635   0.056333 -0.0152876 -0.00892787   0.0867915    0.204041 -0.00626532  -0.0209642   0.0491752   -0.603965 -0.00139748  -0.0191461   0.0233041 -0.00430347  -0.0058676 0.0571521 0.0509088 0.0174805  -0.0563754 -0.00250091    -9.80884 
               227.8 0.226028  15.3649 -177.934   0.733783  0.0537392 -0.0156663 -0.00802272   0.0883536    0.198967 -0.00620849  -0.0209648   0.0487921     -0.509  -0.019356 -0.0214914   0.0232332 -0.00434374 -0.00593069 0.0580503 0.0505033 0.0175704  -0.0561869 -0.00235672    -9.80884 
               227.9 0.0716891   15.8173  -178.097    0.68698  0.0578921 -0.0121136 -0.00958882   0.0873605    0.196266 -0.00622458  -0.0209812   0.0487635   -0.453984 -0.00191205  -0.0118371   0.0232749 -0.00430856  -0.0058363 0.0584674 0.0505076 0.0172443 -0.0562308 -0.0022843   -9.80884 
                 228 0.0671487   15.6273    -178.1   0.639631  0.0570978 -0.0128081 -0.0104733  0.0865346    0.19804 -0.00622263  -0.0209726   0.0487846  -0.393956  -0.014786 -0.0113163   0.0232872 -0.00426472  -0.0058904 0.0582429 0.0505056 0.0170843 -0.0562863 -0.0023402   -9.80884 
               228.1 -0.142058   15.2426  -178.262   0.596906  0.0558121 -0.0106136 -0.0106167   0.086286    0.19798 -0.00621755  -0.0209725   0.0487794  -0.415912 -0.0307927  0.0123232   0.0233765 -0.00432512 -0.00584789 0.0582226  0.050531 0.0170427  -0.0563035 -0.00234555    -9.80884 
               228.2 -0.148593   15.3763  -178.332   0.556583  0.0482187 -0.0132114 -0.0104064  0.0877032   0.201101 -0.00623132   -0.020961    0.048786   -0.414075  -0.0437198 -0.00416085   0.0233492 -0.00431566 -0.00588899  0.057942 0.0503755 0.0171931 -0.0562439 -0.0023842   -9.80884 
               228.3 -0.125178   16.4338  -178.523   0.518062  0.0438767 -0.0208807 -0.00876701   0.0904005    0.201611 -0.00622881  -0.0209615   0.0487864  -0.368435 -0.0327584 -0.0203281   0.0232408 -0.00438678  -0.0058147 0.0574197 0.0506134 0.0175615  -0.0562272 -0.00238186    -9.80884 
               228.4 -0.27376  16.5433 -178.794  0.486853 0.0417301   -0.0212 -0.00860836   0.0901803    0.199468 -0.00623761  -0.0209702   0.0487838   -0.37532 -0.0391074 -0.0175992    0.023304 -0.00433947 -0.00590921 0.0578645 0.0505762 0.0175542  -0.0561893 -0.00231576    -9.80884 
               228.5 -0.335914   15.1616  -179.123   0.459963  0.0413814 -0.0228546 -0.00770462   0.0906118    0.195863 -0.0062814 -0.0209886  0.0488859  -0.350337 -0.0286722 -0.0175812   0.0232995  -0.0042641 -0.00590457 0.0584772 0.0506928 0.0176825  -0.0561314 -0.00218961    -9.80884 
             228.601 -0.382896   14.1043  -179.534  0.432444 0.0423914 -0.024496 -0.0069999  0.0909813   0.193135 -0.00632326  -0.0210061    0.048993  -0.353333 -0.0247779  -0.016624    0.023291 -0.00425873 -0.00592064 0.0589775 0.0508765 0.0177918  -0.0560964 -0.00207685    -9.80884 
               228.7 -0.379522   13.6198  -179.797   0.396497  0.0430534 -0.0227289 -0.00731723   0.0907298    0.192417 -0.00631279   -0.021012   0.0490026   -0.376008  -0.0113255 -0.00957683   0.0232395 -0.00434759 -0.00589556 0.0591475 0.0509871 0.0175977  -0.0561196 -0.00204412    -9.80884 
               228.8 -0.522181    13.627  -179.999   0.366671  0.0388071 -0.0248919 -0.00684102   0.0911939    0.191504 -0.00634051  -0.0210067   0.0490327  -0.361563 -0.0279693 -0.0130663   0.0232759 -0.00438293 -0.00585823 0.0594996 0.0507832 0.0177537  -0.0560274 -0.00200158    -9.80884 
               228.9 -0.555524    13.917  -179.771   0.338245  0.0371606 -0.0233401 -0.00700819   0.0923312    0.191193 -0.00635643  -0.0209985   0.0490134   -0.362967  -0.0286435 -0.00737602   0.0233194 -0.00435582 -0.00596998 0.0598887 0.0507503 0.0176458  -0.0559618 -0.00191856    -9.80884 
                 229 -0.37032  14.4464  179.979   0.304049  0.0409001 -0.0264229 -0.00754699   0.0918008    0.193512 -0.00636366  -0.0210089   0.0490075   -0.376803   -0.015968 -0.00980578   0.0231683   -0.004409 -0.00581703 0.0601497 0.0511525 0.0178752  -0.0559909 -0.00183992    -9.80884 
               229.1 -0.491938   14.9055   -179.78   0.265434  0.0395567 -0.0255427 -0.00776281   0.0924649    0.193815 -0.00636725  -0.0210095   0.0490058   -0.397817  -0.0237073 -0.00823927   0.0232596 -0.00436372 -0.00590592 0.0600676 0.0511728 0.0177266  -0.0559964 -0.00183598    -9.80884 
               229.2 -0.560154   15.4749  -179.661   0.240243  0.0402003 -0.0183182 -0.00871264   0.0965412    0.194961 -0.00637877  -0.0209878   0.0488569  -0.384541 -0.0188081 0.00904941    0.023296 -0.00436152 -0.00590761 0.0604816 0.0511433 0.0172835 -0.055881 -0.001683  -9.80884 
               229.3 -0.717027   16.0601  -179.571   0.207237  0.0472708 -0.0168218 -0.0103704  0.0969883   0.200157 -0.00638986  -0.0209936   0.0487958  -0.378688 -0.0130228  0.0101817   0.0233689 -0.00437179 -0.00586096 0.0608301 0.0516619 0.0173482   -0.055903 -0.00155559    -9.80884 
               229.4 -0.783677   15.9995  -179.127   0.174648  0.0474647 -0.0174967 -0.0106124   0.096684   0.201033 -0.00639527  -0.0209861   0.0487679  -0.382031 -0.0221278 0.00811878   0.0234407 -0.00430111 -0.00595346 0.0612125 0.0517399 0.0175289  -0.0558692 -0.00149288    -9.80884 
               229.5 -0.777322   15.4333    -178.9   0.140625  0.0493452 -0.0133799 -0.0114234  0.0982918   0.202841 -0.00640534  -0.0209886   0.0487758  -0.341986 -0.0136587 0.00381663   0.0234235 -0.00431308 -0.00592316 0.0611896 0.0519268 0.0172589  -0.0558775 -0.00144005    -9.80884 
               229.6 -0.831059   14.1124  -178.752    0.108231   0.0513032 -0.00940271 -0.0120607  0.0993522   0.204346 -0.00641672  -0.0209926   0.0488092 -0.373664 -0.022773 0.0207296   0.0234538 -0.00423727 -0.00590425 0.0612776 0.0521399 0.0170843  -0.0558839 -0.00138053    -9.80884 
               229.7 -0.912367   13.1063  -178.439    0.0682977    0.0527798 -0.000291691 -0.0129275   0.101386    0.20567 -0.00638274  -0.0210034   0.0487842  -0.351333 -0.0191649  0.0333259   0.0234976 -0.00425865 -0.00592444 0.0608642  0.052342 0.0165094  -0.0559451 -0.00138051    -9.80884 
               229.8 -0.796289   13.4369   -178.29   0.0337619   0.0511632 -0.00623227 -0.0125306  0.0987982   0.206165 -0.00639786   -0.021007   0.0487819  -0.340177 -0.0298899  0.0144093   0.0234345 -0.00429335 -0.00586461 0.0611714 0.0524973  0.017189  -0.0559549 -0.00136462    -9.80884 
               229.9 -0.918249   14.0174  -177.833  0.0118261  0.0495205 -0.0103769 -0.012282 0.0974565  0.206292 -0.0064144     -0.021   0.048764  -0.301531 -0.0466628  0.0080094   0.0235281 -0.00430053 -0.00589664 0.0619265 0.0525715 0.0177403  -0.0558847 -0.00126467    -9.80884 
                 230 -0.868155   14.5008  -177.495 -0.00674778   0.0493481  -0.0157376 -0.0122646  0.0961589   0.207099 -0.00641958  -0.0209995    0.048725   -0.254489   -0.037285 -0.00506131   0.0235068 -0.00428146 -0.00586684 0.0626235 0.0527928 0.0182941  -0.0558434 -0.00115389    -9.80884 
               230.1 -0.559841   14.8097  -177.255 -0.0157875  0.0505596  -0.012206 -0.0128799  0.0976618    0.20741 -0.00643468  -0.0209967   0.0486492  -0.203436 -0.0361514 0.00487366    0.023346 -0.00424566 -0.00588209 0.0633607 0.0528974  0.018212   -0.0557589 -0.000991279     -9.80884 
               230.2 -0.567522    14.966  -176.742 -0.0215564  0.0514124 -0.0100784 -0.0132316  0.0984653   0.207398 -0.00644835  -0.0209925   0.0485919  -0.165806 -0.0373539 0.00994384   0.0233691 -0.00420099 -0.00593195 0.0640799 0.0530136 0.0182782   -0.0556858 -0.000843552     -9.80884 
               230.3 -0.735939   14.9795  -176.683 -0.0268277  0.0506972 -0.0129329 -0.0129822  0.0982824   0.206956 -0.00645767  -0.0209948   0.0485591  -0.147967 -0.0398829 0.00386049   0.0234314 -0.00423309 -0.00589579 0.0647284 0.0531155 0.0186525  -0.0556206 -0.00072819    -9.80884 
               230.4 -0.852997   15.1762   -177.93 -0.0389303  0.0519366 -0.0105077 -0.0134085  0.0986646   0.207173 -0.00644901  -0.0210121   0.0485464   -0.15035  -0.040886 0.00899825   0.0234591 -0.00426639 -0.00581353  0.064927 0.0533896 0.0185846    -0.055644 -0.000655712     -9.80884 
               230.5 -1.13348  15.5781  177.521 -0.0506046  0.0439571 -0.0134904 -0.0127877  0.0983765   0.206578 -0.00648195  -0.0210383   0.0485343  -0.157785 -0.0539633 0.00311905   0.0235329  -0.0043332 -0.00572821 0.0651391  0.053217 0.0188661   -0.0555849 -0.000647179     -9.80884 
               230.6 -1.14208  15.6977  169.039 -0.0600379  0.0379657 -0.0111501 -0.0125027   0.098968   0.205505 -0.00651023  -0.0211627   0.0485153  -0.157442 -0.0504506 0.00609501    0.023392  -0.0042751 -0.00559218 0.0654667 0.0530898  0.018799   -0.0555288 -0.000607035     -9.80884 
               230.7 -1.28624  15.9045  157.423 -0.0720004  0.0301562 -0.0136199 -0.0119352  0.0988755   0.204927 -0.00660589  -0.0212765   0.0484905   -0.146993  -0.0182029 -0.00254615   0.0232969 -0.00430453 -0.00540788 0.0656588 0.0528836 0.0190014   -0.0554762 -0.000606962     -9.80884 
               230.8 -1.23443  16.0635  143.528 -0.0820527  0.0318456 -0.0141368 -0.0116792  0.0989721   0.204383 -0.00650663  -0.0213566   0.0485051   -0.119663   0.0130616 -0.00464098   0.0231476 -0.00432972 -0.00528187 0.0658471  0.053029 0.0190477   -0.0554671 -0.000574352     -9.80884 
               230.9 -1.31491   16.275  127.535  -0.0847022   0.0456804 -0.00987374 -0.0113899  0.0995574   0.203927 -0.00605832  -0.0213229   0.0486086 -0.0764145  0.0472958 0.00607977   0.0231444 -0.00433867 -0.00520084 0.0661125  0.053713 0.0188453   -0.0554665 -0.000487442     -9.80884 
                 231 -0.753183   16.6818   110.683 -0.0777491  0.0588019 -0.0055996 -0.0106569   0.100092   0.203881 -0.00560831  -0.0213133   0.0487645 -0.0133291  0.0664468  0.0132104   0.0228884 -0.00444357 -0.00503626 0.0664878 0.0543398 0.0187208   -0.0554074 -0.000430872     -9.80884 
               231.1 -0.387388   16.7711   94.5367  -0.0771529   0.0726803 -0.00217254 -0.0107476   0.100359   0.203931 -0.00556508  -0.0210293    0.048808 0.0215838 0.0603434 0.0157052   0.0228916 -0.00425076 -0.00510027 0.0663219 0.0546543 0.0185348   -0.0553947 -0.000372361     -9.80884 
               231.2 0.144989  17.4796  78.8765 -0.0800318  0.0828017 0.00186536 -0.0105747   0.100594   0.203444 -0.00578615   -0.020924   0.0487392 0.0281584 0.0459698 0.0216715   0.0228361   -0.004356 -0.00510021 0.0660355  0.054654 0.0183068    -0.055428 -0.000314098     -9.80884 
               231.3 0.61787 18.1413 63.8941  -0.0684805   0.0977208 -0.00807518 -0.0141328   0.101068   0.202608 -0.00592586   -0.020503   0.0487945  0.0650315  0.0300733 0.00591248   0.0227554 -0.00444368 -0.00520851 0.0655479  0.054429 0.0188656   -0.0552887 -0.000210284     -9.80884 
               231.4 0.692873   18.411  48.7105 -0.0461956    0.11044 -0.0144795 -0.0170494   0.102126   0.203229 -0.0060722 -0.0198214   0.048854   0.0946752  0.00911418 -0.00330427   0.0227559 -0.00444214 -0.00503209 0.0649997 0.0545813 0.0191239   -0.0550092 -0.000154074     -9.80885 
               231.5 0.964697    18.38  34.7269 -0.0358723   0.118094  -0.015873 -0.0178164   0.102525   0.203463 -0.00637605  -0.0197263   0.0487405   0.0839711  -0.0217695 -0.00555034   0.0227362 -0.00443566 -0.00508837 0.0646197 0.0544801 0.0190635   -0.0549212 -4.19596e-05     -9.80885 
               231.6 1.31755 18.2741 21.7426  -0.0168728    0.125655 -0.00920025 -0.0173575   0.101294   0.205079 -0.0068781  -0.019375   0.048523  0.0909912 -0.0376019  0.0038152   0.0226398 -0.00448827  -0.0051932 0.0643491 0.0548415  0.018548  -0.0546394 6.59502e-05    -9.80885 
               231.7 1.33375 18.0172 9.93105 -0.0114735   0.126826 -0.0139196 -0.0189275   0.103033   0.205864 -0.00704836  -0.0195668    0.048454   0.0496669  -0.0571656 -0.00397612   0.0226734 -0.00446291 -0.00521749 0.0638294 0.0543585 0.0187145  -0.0546294 0.000205571    -9.80885 
               231.8  1.30031  18.0331 0.948516  0.00394326    0.124039 -0.00321296 -0.0176097  0.0991734   0.206648 -0.00745561  -0.0193532   0.0482657  0.0252606 -0.0659985  0.0153404   0.0227754 -0.00455508  -0.0053356 0.0640306 0.0548663 0.0180802  -0.0543266 0.000175051    -9.80885 
               231.9 1.71193 17.8096 -2.4048   0.00625032     0.122657 -0.000637859 -0.0180579  0.0987695   0.208164 -0.0075775 -0.0194986  0.0482035 -0.0179485  -0.069016  0.0168702   0.0226622 -0.00455821  -0.0056245 0.0638316 0.0546245 0.0179491  -0.0542223 0.000290297    -9.80885 
                 232  1.73259  17.4294 -1.23208   0.0147534    0.123575 -0.00196492 -0.0192504   0.100662   0.209543 -0.00784698  -0.0197596   0.0480769 -0.0336813 -0.0552395  0.0141848    0.022735 -0.00454407 -0.00575349 0.0625689 0.0544156 0.0177339  -0.0538567 0.000336658    -9.80885 
               232.1 1.62785 17.2378 1.68322   0.0238262    0.123893 -0.00595808 -0.020259  0.104036  0.211254 -0.00806854  -0.0201337   0.0479972 -0.0429526 -0.0510559 0.00581551   0.0228222 -0.00455962 -0.00582488 0.0608665 0.0543131 0.0175298  -0.0534411 0.000322871    -9.80885 
               232.2 1.72728 17.0365 3.78227   0.0276263    0.118128 -0.00472232 -0.020624  0.104169   0.21202 -0.00824278  -0.0203668   0.0479445 -0.0633202 -0.0544887  0.0113285   0.0227638 -0.00454439 -0.00586391 0.0601386 0.0544731 0.0172585  -0.0531759 0.000218345    -9.80886 
               232.3 1.59777 16.9004 5.26629   0.0244998    0.121276 -0.00854982 -0.0215772   0.107125   0.216486 -0.00816625  -0.0205709   0.0479891 -0.0931304 -0.0353852 0.00972815   0.0227697 -0.00450365  -0.0058001 0.0590732 0.0540254 0.0172586  -0.0529586 0.000362198    -9.80886 
               232.4 1.14863 16.9152 6.33127   0.0185519    0.130845 -0.00318227 -0.0248046   0.104992   0.223745 -0.00802101  -0.0207814   0.0480998    -0.12146 -0.00183669   0.0258337  0.0228681 -0.0045547 -0.0057341 0.0589654 0.0529544 0.0169699  -0.0526941 0.000619942    -9.80886 
               232.5 0.740209  16.5635   7.4226    0.009537    0.132751 -0.00512411 -0.0250321   0.107016   0.227341 -0.00800251  -0.0208641   0.0481215  -0.141772 -0.0374557 0.00212987  0.0228716 -0.0045446 -0.0057907 0.0581703 0.0528527 0.0169596  -0.0525243 0.000661514    -9.80886 
               232.6 0.180989  15.9488  7.80471 0.00980616   0.131603 -0.0130917 -0.025773  0.111181  0.236356 -0.00797585  -0.0210219   0.0481108  -0.131338 -0.0576034 -0.0157115    0.022917 -0.00444874 -0.00566925 0.0560713 0.0528482 0.0167912  -0.0520172 0.000628696    -9.80886 
               232.7 0.112626  15.6129  8.11999  0.0040277   0.132692 -0.0175192 -0.0271989   0.112844   0.242898 -0.00792185  -0.0210664   0.0481278  -0.137589 -0.0476978  -0.019047   0.0229322 -0.00441466  -0.0057126 0.0550381 0.0524036 0.0166618  -0.0517004 0.000727289    -9.80886 
               232.8 0.30133 15.5862 7.51385  -0.005167    0.13148 -0.0174929 -0.0287776   0.112406   0.246193 -0.00789295  -0.0210555   0.0481411  -0.140945 -0.0501828 -0.0161882   0.0228412 -0.00447573 -0.00575456 0.0547303 0.0519739 0.0164484  -0.0515125 0.000791069    -9.80886 
               232.9 0.322527    15.67  5.44399 -0.0154681   0.135519 -0.0110009 -0.0321566   0.110274   0.250573 -0.0078887 -0.0209824  0.0481528    -0.145608   -0.0395387 -0.000216345   0.0227972 -0.00452734 -0.00565407 0.0548875  0.050882  0.015995 -0.0513077 0.00100874   -9.80887 
                 233 0.220373  15.5258  3.00603 -0.0187787   0.135239 -0.0114478 -0.0335775   0.111229    0.25512 -0.00784648   -0.020867   0.0481869   -0.142818  -0.0380324 8.28193e-05   0.0228415 -0.00441161 -0.00561304 0.0537236 0.0505194 0.0156747 -0.0508936 0.00100733   -9.80887 
               233.1  0.4661 15.7451 1.08278 -0.0270827   0.141274 -0.0109566 -0.0354999   0.111621   0.259128  -0.007874 -0.0207562  0.0481867   -0.145487  -0.0337459 0.000771534   0.0226923 -0.00446754 -0.00559289 0.0531484 0.0495458 0.0154839 -0.0506043 0.00124149   -9.80887 
               233.2 0.107892  15.7974 0.427371    -0.02529    0.133117 -0.00266417 -0.0368323   0.111772   0.261823 -0.00779888  -0.0206741   0.0482707  -0.122941 -0.0467592  0.0165925   0.0229027 -0.00450578 -0.00566613 0.0519184 0.0497689 0.0146069  -0.0501354 0.000971755    -9.80887 
               233.3 0.324023  15.7883 0.442427 -0.0301455   0.136239 0.00234361 -0.0381977   0.111999   0.263732 -0.00779412  -0.0206076   0.0482819 -0.115582 -0.042094 0.0223292   0.0227963 -0.00451484 -0.00573838 0.0513578  0.048985  0.014239 -0.0498488 0.00113079   -9.80887 
               233.4 0.185718  15.5838 0.290977  -0.0291028    0.138816 -0.00197015 -0.0386969   0.112886   0.266123 -0.00774982  -0.0205588   0.0483032 -0.105955 -0.036882 0.0105251   0.0228472  -0.0044698 -0.00567492 0.0501029 0.0484858 0.0142663 -0.0494161 0.00119732   -9.80888 
               233.5 0.268428  15.3958 0.193658  -0.0281569    0.138106 -0.00381429 -0.0391642    0.11349   0.267864 -0.00770472  -0.0205411    0.048311 -0.0974074 -0.0418713 0.00634411   0.0228143 -0.00448702 -0.00574626 0.0490304 0.0482154 0.0141318 -0.0490419 0.00118366   -9.80888 
               233.6 0.0373249   14.8027 -0.359742  -0.028552   0.145408 -0.0113215 -0.039517  0.113688  0.268679 -0.00767287  -0.0204936    0.048292  -0.0863959  -0.0222942 -0.00874984   0.0229036 -0.00442314  -0.0056471 0.0481595 0.0473581 0.0143804 -0.0486858 0.00138989   -9.80888 
               233.7 0.0246238   14.0714 -0.819864 -0.0322025    0.14444 -0.0197784 -0.0394481   0.113496   0.269466 -0.00765385  -0.0204844   0.0482691 -0.0886261  -0.023336 -0.0228465   0.0228981 -0.00435278 -0.00563499 0.0476289 0.0472582 0.0146953  -0.048505 0.00138853   -9.80888 
               233.8  0.389281   13.7321 -0.792239 -0.0361244   0.142629 -0.0199895 -0.0397719   0.113921   0.269763 -0.0076284 -0.0204778  0.0482508 -0.0826229 -0.0376191 -0.0181851   0.0227373 -0.00440132 -0.00579867 0.0472001 0.0470562 0.0144475 -0.0483432 0.00139648   -9.80888 
               233.9 0.215138  13.6122 -1.01303 -0.0344435   0.139857 -0.0236145 -0.0401516   0.114166   0.270924 -0.0075929 -0.0204759  0.0482462 -0.0788066 -0.0420739 -0.0213328    0.022821  -0.0043651 -0.00575954  0.046317 0.0469112 0.0143019 -0.0480286 0.00134292   -9.80888 
                 234 0.331267  13.7331  -1.2068 -0.0426646   0.137682 -0.0212297 -0.0402453   0.115025   0.270085 -0.00759207   -0.020467   0.0482461 -0.0911199  -0.051095 -0.0131069    0.022762 -0.00437116 -0.00579843 0.0462409 0.0466536 0.0140111 -0.0480046 0.00141138   -9.80888 
               234.1 0.0605464   13.7861  -1.86322 -0.0405859   0.133209 -0.0213181 -0.0407776   0.115898   0.271363 -0.00756987  -0.0204562   0.0482913 -0.0888981 -0.0579444 -0.0110143   0.0228751 -0.00432137 -0.00567735 0.0452173 0.0464875   0.01364 -0.0476606  0.0013447   -9.80888 
               234.2 0.108018  14.0111 -1.73427 -0.0447495   0.137295 -0.0196465 -0.0404321   0.116797   0.267991 -0.00756426  -0.0204284   0.0483169  -0.0908653  -0.0476293 -0.00559494    0.022853 -0.00438765 -0.00570374 0.0448077 0.0456249 0.0133598  -0.047463 0.00156507   -9.80889 
               234.3 0.0231412   13.9971  -1.14692 -0.0456405   0.136269 -0.0168396 -0.0405676   0.118143   0.267318 -0.00754797  -0.0204254    0.048357 -0.0848325  -0.045106 0.00067545   0.0229134 -0.00438938 -0.00574374 0.0440106 0.0452389 0.0129295 -0.0471985  0.0015981   -9.80889 
               234.4 0.204664  13.8392 -1.29497 -0.0530591   0.138465 -0.0179852 -0.0400607   0.117833   0.264378 -0.00754104  -0.0204068   0.0483565  -0.0950981  -0.0429403 -0.00159039   0.0227996 -0.00438828  -0.0056967 0.0439719 0.0446532 0.0129894 -0.0471109 0.00176874   -9.80889 
               234.5 0.0374545   13.6491   -1.5625 -0.0563611   0.135281 -0.0156285 -0.0402808   0.118871    0.26449 -0.00752215  -0.0203987   0.0483666 -0.0913582 -0.0468383 0.00361007    0.022898 -0.00440584  -0.0057364 0.0433474 0.0444773 0.0126656 -0.0469177 0.00175459   -9.80889 
               234.6 0.0198023   13.6668  -1.76231 -0.0547043   0.132379 -0.0138322 -0.0405773   0.119794   0.264725 -0.00749188  -0.0203801   0.0483878 -0.0867584 -0.0537895 0.00588404   0.0229083 -0.00446359 -0.00574176 0.0423601 0.0441904 0.0123049 -0.0465813 0.00172879   -9.80889 
               234.7 0.114124  13.5111 -1.56156  -0.0558085    0.131812 -0.00984637 -0.040538  0.121242  0.263035 -0.00746689  -0.0203588   0.0483933 -0.0816507 -0.0547512  0.0115673   0.0228638 -0.00441113 -0.00577083 0.0415837 0.0436605 0.0118834 -0.0463178 0.00180669   -9.80889 
               234.8  0.170064   13.3946 -0.227038   -0.06023   0.130815 -0.0133412 -0.0401336   0.119814   0.261107 -0.00744937  -0.0203506    0.048393 -0.0839721 -0.0563062 0.00350439   0.0228563 -0.00440483 -0.00583888 0.0414662 0.0432509 0.0121371 -0.0461727 0.00190107   -9.80889 
               234.9 0.0434609   13.5591   1.48438 -0.0576567   0.135786 -0.0098616 -0.039552  0.121256  0.256846 -0.00739813  -0.0203534   0.0484185 -0.0718029 -0.0399323  0.0101503   0.0229254 -0.00442807 -0.00579858 0.0405106 0.0423287 0.0116902 -0.0458105 0.00207936   -9.80889 
                 235 0.252356  13.7828  2.82195   -0.058963    0.145195 -0.00824749 -0.0384836   0.121625   0.250521 -0.00735004  -0.0203338   0.0484266 -0.0700864 -0.0251211  0.0114155   0.0228314 -0.00440188 -0.00585375 0.0400924  0.041198  0.011543  -0.045569 0.00237062   -9.80889 
               235.1 0.0797389   13.8013   2.82279 -0.0587547    0.14628 -0.0106959 -0.0383226   0.120621   0.249533 -0.00732908  -0.0203263   0.0484454 -0.0674097 -0.0242088 0.00501239   0.0229107 -0.00437626 -0.00580364 0.0396438 0.0408698 0.0116414 -0.0453361 0.00240593   -9.80889 
               235.2 0.0974227   13.7831   2.58649  -0.0594384    0.153187 -0.00874714 -0.0378044   0.121347   0.245663 -0.00731914  -0.0202917   0.0484543 -0.0635539 -0.0157818  0.0079039   0.0228896 -0.00440512 -0.00575592 0.0391326  0.040059  0.011415 -0.0451108 0.00259395    -9.8089 
               235.3 0.127585  13.5635  2.36156 -0.0579181   0.151729 -0.0136338 -0.0379647   0.119689   0.246539 -0.00729593  -0.0202689   0.0484549 -0.0630506 -0.0237159 -0.0022029   0.0228668 -0.00432254  -0.0057238 0.0386962 0.0399883 0.0116367 -0.0448786 0.00254897    -9.8089 
               235.4 -0.0896845    13.7153    2.30093  -0.0540449    0.151065 -0.00785055 -0.0384473   0.122151   0.246987 -0.00726819  -0.0202352    0.048469 -0.0509431 -0.0238129 0.00892874   0.0229828 -0.00442498 -0.00569342 0.0376171  0.039747 0.0109843 -0.0445895 0.00252018    -9.8089 
               235.5 -0.0397523    13.6822    2.43649  -0.0575992    0.149192 -0.00698093 -0.0384661   0.122219    0.24686 -0.0072638 -0.0202276  0.0484707 -0.0590775 -0.0281658 0.00886575   0.0229705 -0.00441191 -0.00574129 0.0374556 0.0396663 0.0109418 -0.0445289 0.00252687    -9.8089 
               235.6 -0.0731824    13.6735     2.4308  -0.0590384    0.153145 -0.00830592 -0.0380785   0.121672   0.244449 -0.00726242  -0.0201983   0.0484736 -0.0636684 -0.0196773 0.00517917   0.0229884 -0.00440718 -0.00572944 0.0371713 0.0391162 0.0109917 -0.0443559  0.0026546    -9.8089 
               235.7 0.0765014   13.5362   2.33845  -0.0681295    0.156011 -0.00919727 -0.03755 0.121131 0.241874 -0.00727721  -0.0201902   0.0484684 -0.0823703 -0.0186185 0.00248472   0.0229063 -0.00435821 -0.00572329 0.0374001 0.0387288  0.011137 -0.0443761 0.00278978    -9.8089 
               235.8 0.0365241   13.5878   2.13705  -0.062044   0.157198 -0.0048885 -0.0380344   0.122999   0.242234 -0.00724094  -0.0201487   0.0484779 -0.0619343 -0.0199152  0.0106105     0.02293 -0.00443541 -0.00571822 0.0361268 0.0383681 0.0105499  -0.043986 0.00277404    -9.8089 
               235.9 0.251265    13.59   2.0208  -0.0575095    0.158744 -0.00646571 -0.0381088   0.122585   0.241931 -0.00721653  -0.0201155    0.048482 -0.0533621 -0.0240488 0.00653118   0.0228117 -0.00442346 -0.00570834 0.0353728 0.0380119 0.0104911 -0.043677 0.0027966   -9.8089 
                 236 -0.0724755    13.5987    2.12038 -0.0577597   0.158872  -0.011813 -0.0379727    0.12087   0.241774 -0.00720588  -0.0201008   0.0484881  -0.0579338  -0.0204888 -0.00370694       0.023 -0.00438981  -0.0057323 0.0351775 0.0378542 0.0107799 -0.0435215 0.00281103    -9.8089 
               236.1 0.239683  13.7038  2.20563 -0.0531415   0.159496 -0.0059397 -0.0383202   0.123318   0.241507 -0.00718153   -0.020079   0.0485049 -0.0450239  -0.027429 0.00793421   0.0228373 -0.00442993 -0.00575662 0.0341179 0.0375009 0.0101218 -0.0432336 0.00282181    -9.8089 
               236.2 -0.0116556    13.7412    2.07776  -0.0508635    0.163136 -0.00754702 -0.0380286   0.122778   0.239684 -0.00716985  -0.0200561   0.0485174 -0.0420231 -0.0187139 0.00401184   0.0229653  -0.0044301 -0.00570167 0.0336902 0.0370098 0.0101461 -0.0430212 0.00291799   -9.80891 
               236.3 -0.0353193    13.8192    2.17844  -0.0493003    0.161981 -0.00853258 -0.0381487    0.12253    0.24012 -0.00715584  -0.0200495   0.0485278 -0.0399632 -0.0225657 0.00152202   0.0229945 -0.00444224 -0.00576631  0.033272 0.0369326 0.0101174 -0.0428616 0.00289629   -9.80891 
               236.4 0.12632 13.7864 2.17789  -0.0416277    0.162016 -0.00786794 -0.0384471   0.123154   0.240562 -0.00712465  -0.0200332   0.0485411 -0.0269248 -0.0278215 0.00285219   0.0229067 -0.00438834 -0.00576713 0.0323003  0.036687 0.0098199 -0.0425373 0.00287228   -9.80891 
               236.5 0.129875  13.8714  2.12671  -0.0433513    0.160402 -0.00229516 -0.0385772   0.125027   0.240011 -0.00711941  -0.0200271   0.0485438 -0.0345059 -0.0349351  0.0130935   0.0228989 -0.00440258 -0.00573486  0.0319509  0.0365206 0.00939193 -0.0424838 0.00289673   -9.80891 
               236.6 0.361642   13.917  2.26727   -0.043279    0.156347 -0.00434383 -0.0386082   0.124024   0.240558 -0.00710988  -0.0200254   0.0485493  -0.039798 -0.0487024 0.00662696   0.0227891 -0.00439872 -0.00580957  0.0317591  0.0365238 0.00955488 -0.0423774 0.00287045   -9.80891 
               236.7 0.119594  13.9916  2.24056 -0.0400735   0.152153 0.00163986 -0.0390874    0.12617   0.241317 -0.00708665   -0.020019   0.0485615 -0.0332706 -0.0543867  0.0177656   0.0229189 -0.00443524 -0.00579221  0.0308688   0.036408 0.00896154 -0.0421574 0.00282622   -9.80891 
               236.8 0.201175  13.9272  2.26681  -0.0421628    0.147196 -0.00247621 -0.0388787   0.124293   0.241229 -0.00708527  -0.0200159   0.0485616 -0.0416243   -0.06194 0.00643549    0.022874 -0.00442018 -0.00579156  0.0309694  0.0363709 0.00936793 -0.0421109  0.0028367   -9.80891 
               236.9 -0.031144   13.9697   2.06547 -0.0448489   0.144683 0.00362172 -0.0389145   0.126148   0.239983 -0.00707971  -0.0200062   0.0485667 -0.0452991 -0.0588338  0.0177164    0.022984 -0.00447418 -0.00573095  0.0305987  0.0360495 0.00890638 -0.0420339  0.0029018   -9.80891 
                 237 0.157524  13.9559  2.15409  -0.0471028    0.141624 0.000972753 -0.038637   0.12484  0.239036 -0.00707558   -0.019996   0.0485663 -0.0517938 -0.0627155 0.00900298   0.0228998 -0.00444674 -0.00581768  0.0305533  0.0358076 0.00918149 -0.0419454 0.00296042   -9.80891 
               237.1 -0.0521367    13.9241     2.1136  -0.0439028    0.141414 -0.00640994 -0.0383292   0.122584   0.238018 -0.00705728  -0.0199724   0.0485709  -0.0471351  -0.0546973 -0.00695014   0.0230036 -0.00438654 -0.00577738   0.030139  0.0353782 0.00960143 -0.0416809 0.00303065   -9.80891 
               237.2 0.240535  13.9151  2.35806 -0.0367818   0.141652  -0.010169 -0.0383093   0.122119   0.237209 -0.00702289  -0.0199504    0.048572 -0.0319822 -0.0562137  -0.012493   0.0228661 -0.00436478 -0.00588145  0.0292323  0.0348717 0.00954718 -0.0413187 0.00308312   -9.80891 
               237.3 0.0706179   13.9576   2.15282 -0.0335888   0.142227 -0.0116046 -0.0382111   0.122343   0.235826 -0.00700719  -0.0199283   0.0485789 -0.0278183 -0.0514286 -0.0121456   0.0229308 -0.00437949 -0.00577249  0.0286793  0.0343842 0.00939959 -0.0411024 0.00316833   -9.80891 
               237.4 -0.0965041    14.0019    2.15118 -0.0337177   0.145561 -0.0106692 -0.0378982   0.123111   0.233142 -0.00700406  -0.0199065   0.0485882    -0.03127  -0.0396715 -0.00744154   0.0230229 -0.00439313 -0.00577612 0.0283705 0.0337376   0.00917 -0.0409743 0.00332664   -9.80891 
               237.5 0.0928161   13.9145   2.20919 -0.0313593   0.148438 -0.0141868 -0.0376081   0.122525   0.231259 -0.00698988  -0.0198838   0.0485864 -0.0316814  -0.036067 -0.0127761   0.0229231 -0.00432787 -0.00580236  0.0279766   0.033184 0.00923696 -0.0407748 0.00344278   -9.80891 
               237.6 -0.0341718    14.0317    2.19671 -0.0346963   0.148094 -0.0100365 -0.0375853   0.124153   0.230023 -0.00698961  -0.0198759    0.048588  -0.0403952  -0.0352895 -0.00152822     0.02299 -0.00438145 -0.00579548  0.0277798  0.0329013 0.00882654 -0.0407478 0.00351233   -9.80891 
               237.7 -0.0759432    14.0687    2.07926  -0.0413852    0.151766 -0.00742771 -0.0371644    0.12488   0.227133 -0.00699954  -0.0198618   0.0485849 -0.0556329 -0.0265329 0.00409237   0.0229986 -0.00438842 -0.00573933  0.0278961  0.0323537 0.00867617 -0.0407662 0.00368353   -9.80891 
               237.8 -0.0561485    14.1452    2.04543  -0.0403598    0.158096 -0.00178509 -0.0370326   0.126688   0.224672 -0.00698663  -0.0198327   0.0485955 -0.0487332 -0.0160595  0.0150291   0.0229846 -0.00441579   -0.005729 0.0271813 0.0316244 0.0081328 -0.0405384 0.00383037   -9.80892 
               237.9 -0.125733   14.2016   2.08487  -0.0423217    0.155644 0.000150179 -0.0371951   0.126956   0.225287 -0.00697762  -0.0198312   0.0486012 -0.0500013 -0.0211763  0.0159386   0.0230312 -0.00442825 -0.00575941  0.0268843  0.0316591 0.00801943 -0.0404547 0.00379312   -9.80892 
                 238 -0.0624172    14.1487    2.08271  -0.037255   0.157433 -0.0017812 -0.0372275   0.126353   0.225072 -0.0069504  -0.019812  0.0486059 -0.0379496 -0.0201944 0.00954052   0.0229967 -0.00438194 -0.00576619  0.0261296  0.0313296 0.00803669 -0.0401599 0.00380958   -9.80892 
               238.1 0.0344942   14.2981   2.09288 -0.0410941   0.158549 0.00289856 -0.0371401   0.127437   0.223828 -0.00695022  -0.0198025   0.0486038 -0.0436813 -0.0227609  0.0170179   0.0229469  -0.0044487 -0.00577662 0.0260034  0.031043 0.0077552 -0.0401343 0.00388388   -9.80892 
               238.2 -0.0034473    14.1619    2.09196  -0.0373682    0.161978 -0.00269528 -0.0369299    0.12567   0.222921 -0.00693026  -0.0197826   0.0486008  -0.037324 -0.0184471 0.00266388   0.0229687 -0.00435491 -0.00577962 0.0255366 0.0306249 0.0081082 -0.0398847 0.00394712   -9.80892 
               238.3 -0.113197   14.1989   2.00786  -0.044066     0.1544 -0.0026821 -0.0371376   0.125503   0.224519 -0.00693398  -0.0197976   0.0485995 -0.0529341 -0.0332734 0.00207428   0.0230183 -0.00435564 -0.00573814  0.0257264  0.0310437 0.00818058 -0.0399751 0.00384686   -9.80892 
               238.4 0.0879379   14.2291   2.04084  -0.0442549    0.155379 -0.00499325 -0.0370102   0.125031   0.223575 -0.00692159  -0.0197822   0.0485994  -0.0518433  -0.0344196 -0.00285328   0.0229131 -0.00435239  -0.0057582  0.0253703  0.0306909 0.00824131 -0.0398147 0.00390906   -9.80892 
               238.5 0.102638  14.3305  2.13821  -0.0523836    0.148592 -0.00703254 -0.0370328   0.124453   0.224251 -0.0069274 -0.0197909  0.0485968  -0.0670405  -0.0484709 -0.00679896   0.0229186 -0.00438319 -0.00580788  0.0256207  0.0309179 0.00842772 -0.0398936 0.00386652   -9.80892 
               238.6 0.0414249    14.303   2.14283  -0.0440852    0.148508 -0.00784428 -0.0372891   0.125052    0.22438 -0.00688743  -0.0197688   0.0486086  -0.0434568  -0.0465243 -0.00622306   0.0229526 -0.00434596 -0.00581158  0.0243681  0.0305155 0.00807357 -0.0394816 0.00386225   -9.80892 
               238.7 0.142137  14.4416  2.16916  -0.0517967    0.150025 -0.00291905 -0.0370044   0.126334   0.221878 -0.00689567  -0.0197551   0.0486006 -0.0598635 -0.0456907 0.00455746   0.0228998 -0.00439935  -0.0058163  0.0244858  0.0299995 0.00775565 -0.0395195   0.004023   -9.80892 
               238.8 -0.138605   14.4267   2.07249  -0.0478272    0.151793 -0.00378581 -0.0370448   0.126472   0.221176 -0.00687172  -0.0197319   0.0486149 -0.0497395 -0.0370195 0.00302342   0.0230348 -0.00437443 -0.00574891  0.0236479   0.029524 0.00758739 -0.0392192 0.00407622   -9.80892 
               238.9 -0.0253896    14.3943    2.24078  -0.0564437    0.153088 -0.00118667 -0.0367727   0.126885   0.219254 -0.00688194  -0.0197221   0.0486133  -0.066855 -0.0357235 0.00701957   0.0229713 -0.00438472 -0.00575035  0.0238761  0.0291324 0.00750731 -0.0392722 0.00420799   -9.80892 
                 239 0.0929561   14.3227   2.53311   -0.0367626     0.150625 -0.000585841 -0.0374855   0.127932   0.221477 -0.00680375  -0.0197106    0.048613 -0.0156965 -0.0434231 0.00891715   0.0229257 -0.00436494 -0.00583127  0.0216909  0.0289536 0.00687973 -0.0386041 0.00405783   -9.80892 
               239.1 -0.00756923     14.4126      2.4317 -0.0363812   0.156819 0.00351258 -0.0372278   0.128734   0.218793 -0.00680162  -0.0196855   0.0486155 -0.0198111 -0.0305024  0.0154825   0.0229684 -0.00441327  -0.0057784  0.0214697  0.0281735 0.00660953 -0.0384954 0.00425543   -9.80892 
               239.2 -0.0473172     14.354    2.44841 -0.0302529   0.162876 0.00141372 -0.0370831   0.128241   0.217233 -0.00678418  -0.0196573   0.0486193  -0.013807  -0.019509 0.00850673   0.0229966 -0.00437236 -0.00580991 0.0208773 0.0275075 0.0066751  -0.038241 0.00438223   -9.80892 
               239.3 -0.0633778    14.3473     2.4187 -0.0343426   0.160404 0.00125657 -0.0370055   0.127926   0.217084 -0.00679064  -0.0196604   0.0486177 -0.0291947 -0.0259114  0.0064972   0.0229963 -0.00438629 -0.00578309  0.0210833  0.0275361 0.00680077 -0.0382981 0.00439232   -9.80892 
               239.4 -0.126911   14.2155   2.42828 -0.0361006   0.159329 0.00106517 -0.0369821   0.127808    0.21681 -0.00678716  -0.0196548   0.0486175 -0.037711 -0.027643 0.0047501   0.0230245 -0.00434552 -0.00576418  0.0209674  0.0274117 0.00682115 -0.0382486 0.00441532   -9.80892 
               239.5 -0.130812   14.2246   2.52174   -0.03563   0.163155 0.00122621 -0.0368719   0.127914   0.215483 -0.00677838  -0.0196361   0.0486198 -0.0381796 -0.0207334 0.00433371   0.0230357 -0.00438161 -0.00580801  0.0206185  0.0269165 0.00674112 -0.0381038 0.00451952   -9.80892 
               239.6 0.00178403    14.1533     2.4598  -0.0408432      0.1581 0.000457194 -0.0369071   0.127602   0.216029 -0.0067803 -0.0196427   0.048621 -0.0508207 -0.0348194 0.00172409   0.0229537 -0.00438481  -0.0057765  0.0207129  0.0270946 0.00684897  -0.038138 0.00447823   -9.80892 
               239.7 0.0224903   13.9982   2.53519   -0.0390631     0.155425 -8.06808e-05 -0.0370681   0.127745   0.216425 -0.00675888   -0.019633   0.0486186    -0.04332  -0.0413301 0.000983796   0.0229488 -0.00434732 -0.00580872  0.0201146   0.026987 0.00672267 -0.0379494 0.00445382   -9.80893 
               239.8 -0.0976724    13.9221    2.63386  -0.0471783    0.152864 0.000778907 -0.0369173   0.127795   0.215612 -0.00676852  -0.0196314   0.0486183 -0.0585289 -0.0440857 0.00249726   0.0230209 -0.00435321 -0.00583736   0.020371  0.0268651 0.00674443 -0.0380201 0.00451034   -9.80893 
               239.9 0.00880025    13.8614    2.74364   -0.0410136     0.158541 -0.000863971 -0.0368043   0.127831   0.213835 -0.00673925  -0.0196015     0.04862   -0.0416445   -0.0340846 -0.000850464   0.0229602 -0.00431585 -0.00583252  0.0194357  0.0261063 0.00659963 -0.0376746 0.00463189   -9.80893 
                 240 0.0319063    13.994   2.86552  -0.0395018    0.158005 -0.00257145 -0.0367941   0.127656   0.213454 -0.00672778  -0.0195916   0.0486317  -0.0379155   -0.036525 -0.00356583    0.022945 -0.00432749 -0.00582288  0.0190042   0.025874 0.00658071 -0.0375185 0.00465512   -9.80893 
               240.1 -0.0226365    14.0092    2.63127  -0.0405796    0.158787 -0.00562669 -0.036607  0.127065  0.212286 -0.00672484  -0.0195785   0.0486368  -0.0374166  -0.0347191 -0.00871799  0.0229601 -0.0043356 -0.0057643  0.0188542  0.0255439 0.00670829 -0.0374274 0.00472687   -9.80893 
               240.2 0.154788  13.8932  2.72679  -0.0511101    0.160113 -0.00631978 -0.0361448    0.12682   0.209859 -0.00674231  -0.0195735   0.0486247  -0.0624457  -0.0372975 -0.00913924   0.0228745 -0.00429649 -0.00581694  0.0193714  0.0251603 0.00685191 -0.0375477 0.00487434   -9.80893 
               240.3 -0.096875   14.0419   2.95937  -0.0537598    0.157006 -0.00578401 -0.0362186   0.127409   0.209986 -0.00673483  -0.0195714   0.0486342  -0.0602499  -0.0407117 -0.00616933   0.0230221 -0.00435876 -0.00584529  0.0190143  0.0251049 0.00665335 -0.0374545 0.00486214   -9.80893 
               240.4 -0.152159   13.8459   3.01821 -0.0485353   0.157626 -0.0115673 -0.0361927   0.126446   0.209456 -0.0067078 -0.0195551  0.0486397 -0.0454628 -0.0362293 -0.0151325   0.0230425 -0.00426664 -0.00580066  0.0182571  0.0247675 0.00675564 -0.0371655 0.00487815   -9.80893 
               240.5 -0.1714 13.8149 2.98885  -0.053271   0.157544 -0.0154545 -0.0359513   0.125764    0.20819 -0.00671055  -0.0195474   0.0486406 -0.0537156 -0.0338707  -0.019704   0.0230523 -0.00426958 -0.00579729  0.0183349  0.0245133 0.00692775 -0.0371466 0.00494762   -9.80893 
               240.6 -0.290151    13.917   2.83724 -0.0528926   0.154579  -0.008953 -0.0361698   0.128544   0.208511 -0.0066953 -0.0195398  0.0486529  -0.0470805  -0.0376549 -0.00276066   0.0231117 -0.00432143 -0.00577516  0.0175413  0.0244396 0.00616034 -0.0369959 0.00491871   -9.80893 
               240.7 0.124189   13.866  2.76175  -0.0543367    0.152477 -0.00802088 -0.0361265   0.129055   0.207913 -0.00668704  -0.0195281   0.0486538   -0.0484394   -0.0483891 -0.000128052   0.0228891 -0.00428266 -0.00580205   0.017207  0.0242427 0.00598871 -0.0368974 0.00494527   -9.80893 
               240.8 -0.138979   14.0239   2.81175  -0.0459272    0.149938 -0.00101588 -0.0363929   0.131722   0.208281 -0.0066617 -0.0195116  0.0486842 -0.0220964 -0.0491904  0.0149329   0.0230403 -0.00436446 -0.00581562  0.0159172  0.0240479 0.00516795  -0.036585 0.00490552   -9.80893 
               240.9 -0.033259   13.9998    2.9168  -0.0475638    0.151692 -0.00097317 -0.0359562   0.131307    0.20582 -0.00666207  -0.0194972   0.0486816 -0.0295024 -0.0433871  0.0119431   0.0229744 -0.00432834 -0.00577001 0.0159136 0.0235582 0.0052625 -0.0365334 0.00503115   -9.80893 
                 241 -0.0487737    14.0752    3.35011  -0.0531267    0.154931 -0.00169666 -0.0353778   0.130621   0.202757 -0.00666603  -0.0194813   0.0486748  -0.041584 -0.0344984 0.00802758   0.0230195 -0.00435029 -0.00590424  0.0161921  0.0230164 0.00546772 -0.0365539 0.00519202   -9.80893 
               241.1 0.0709666   13.9513   3.25188  -0.0574103      0.1476 -0.00402212 -0.0355607   0.129667   0.203949 -0.00666649  -0.0194882   0.0486772 -0.0509858 -0.0513031 0.00169413   0.0229464 -0.00428993 -0.00586851  0.0162711  0.0232452 0.00569513 -0.0365619 0.00513126   -9.80893 
               241.2 -0.225323   14.0263   2.99413   -0.053729    0.152489 -0.00152773 -0.0352153   0.130721   0.201308 -0.00665198  -0.0194594   0.0486914  -0.038091 -0.0354496 0.00699886   0.0230864 -0.00433289 -0.00577549 0.0155011 0.0225486  0.005319 -0.0363159 0.00525566   -9.80893 
               241.3 -0.229097   13.9493   2.93962  -0.0562379    0.155678 -0.00689246 -0.0347931   0.128972   0.199146 -0.00665614  -0.0194438   0.0486932  -0.0445633  -0.0264506 -0.00522037   0.0230818 -0.00428622   -0.005738  0.0155945  0.0220922 0.00573954 -0.0362517 0.00537003   -9.80893 
               241.4 -0.132941   13.9735    3.0805  -0.0582652     0.15482 -0.00757701 -0.0347294   0.129019   0.198654 -0.00665019  -0.0194375   0.0486941  -0.0465659  -0.0292929 -0.00540545   0.0230452 -0.00429781 -0.00579255  0.0153884  0.0219428 0.00569328 -0.0361812 0.00539205   -9.80893 
               241.5 -0.165638   14.0118   2.95086  -0.0589352    0.154668 -0.00320019 -0.0347155    0.13064   0.198019 -0.00663946  -0.0194268   0.0486987  -0.043593 -0.0293335 0.00475472   0.0230497 -0.00431511 -0.00573149   0.014877  0.0217212 0.00522476  -0.036067 0.00541835   -9.80893 
               241.6 0.0600106    14.039   3.10884 -0.0477354   0.155517 0.00121699 -0.0348908   0.132407   0.197939 -0.00660448  -0.0194044   0.0487176 -0.0148944 -0.0335309   0.013848   0.0229525 -0.00431848 -0.00582551  0.0135024  0.0213873 0.00457075 -0.0356942 0.00540276   -9.80893 
               241.7 -0.43151  14.0499  2.91362   -0.0458792     0.155882 -0.000317609 -0.034777  0.131732  0.197268 -0.00659966  -0.0193947   0.0487247 -0.0147341 -0.0235583 0.00834852   0.0231969 -0.00431415 -0.00571468  0.0133125  0.0211781 0.00469924 -0.0356012 0.00543645   -9.80893 
               241.8 0.0949063   14.0257   3.12393  -0.0483336    0.161344 -0.00329762 -0.0342224   0.130622   0.194293 -0.00660194  -0.0193808   0.0487095  -0.0252228  -0.0205105 0.000243162   0.0229353  -0.0042907 -0.00582159  0.0135054  0.0205848 0.00500531 -0.0355801  0.0055984   -9.80893 
               241.9 0.0223249   14.0634   3.15456  -0.0462466    0.159917 -0.00143344 -0.034311  0.131342  0.194412 -0.00659037  -0.0193756   0.0487148 -0.0215026  -0.026357 0.00422218   0.0229827 -0.00429761 -0.00584121  0.0130577  0.0205085 0.00475515 -0.0354666 0.00558591   -9.80893 
                 242 0.120966  14.0069  3.10083  -0.0468285    0.161926 -0.00540852 -0.0340293   0.130182   0.192918 -0.0065887 -0.0193653  0.0487108   -0.027275  -0.0271263 -0.00499128   0.0229247 -0.00424719 -0.00581276 0.0130531 0.0201607 0.0050401 -0.0354037 0.00566732   -9.80893 
               242.1 -0.186631   14.1434      3.02  -0.0424063    0.162311 -0.00115119 -0.0341039   0.131785   0.192617 -0.00657471  -0.0193563   0.0487249 -0.0162633 -0.0246196 0.00516901   0.0230865 -0.00430312 -0.00576943  0.0123403  0.0199433 0.00452593 -0.0352313  0.0056752   -9.80894 
               242.2 -0.0647752    14.1462    3.08053  -0.0474378     0.16206 -0.00294285 -0.0338629   0.131031   0.191519 -0.00658309  -0.0193535   0.0487207   -0.030728  -0.0276284 0.000268007   0.0230294 -0.00428419 -0.00580197   0.012655  0.0197732 0.00476757 -0.0352872 0.00573972   -9.80893 
               242.3 -0.0219974    14.3133    3.26508 -0.0440816   0.151112 0.00627983 -0.0345363   0.133805   0.194483 -0.0065697  -0.019365  0.0487398 -0.0182699 -0.0515419  0.0191141   0.0230357 -0.00435044 -0.00590207  0.0118376  0.0202637 0.00393168  -0.035171 0.00556534   -9.80894 
               242.4 0.0770667   14.2866   3.16164 -0.0521733   0.150366 0.00695488 -0.0341253    0.13325    0.19245 -0.0065848 -0.0193615  0.0487303 -0.0387098 -0.0521231  0.0162299   0.0229688 -0.00430214 -0.00584504 0.0123466 0.0199425 0.0041596 -0.0352785 0.00568532   -9.80893 
               242.5 -0.330026   14.2191     3.057   -0.043682    0.147427 -0.00674469 -0.0341847   0.129632   0.193234 -0.00656134  -0.0193418   0.0487309 -0.0223351 -0.0461211 -0.0137929   0.0231814  -0.0042269 -0.00578606  0.0118214   0.019862 0.00500804 -0.0350111  0.0056421   -9.80894 
               242.6 -0.294915   14.2877    3.1079 -0.0442482   0.150849 -0.0121356 -0.0337947    0.12869   0.191036 -0.00656253  -0.0193247   0.0487359 -0.0296913 -0.0331718 -0.0216464   0.0231715 -0.00423021 -0.00580353  0.0117817  0.0193247 0.00525394 -0.0349342 0.00577013   -9.80894 
               242.7 -0.153061   14.3339   3.07196 -0.0437914   0.154759 -0.0078516 -0.0336226   0.130472   0.189115 -0.00655455  -0.0193054   0.0487375   -0.030955  -0.0257193 -0.00880943   0.0230849 -0.00424588  -0.0057629  0.0113109   0.018779 0.00469817 -0.0348139 0.00587992   -9.80894 
               242.8 -0.150887    14.279    3.1918  -0.0414448     0.15591 -0.00709194 -0.033605  0.131083   0.18849 -0.0065402 -0.0192942  0.0487372  -0.0258608  -0.0228427 -0.00539783    0.023089 -0.00425496 -0.00576433   0.010821  0.0184998 0.00444828 -0.0346722 0.00591466   -9.80894 
               242.9 -0.0778175    14.1796    3.36863  -0.0518354    0.156445 -0.00895948 -0.0332927   0.130522   0.187022 -0.00656089  -0.0192914   0.0487376  -0.0504927  -0.0231981 -0.00845915   0.0230761 -0.00424256 -0.00585663  0.0114435  0.0182949 0.00471557 -0.0348198 0.00601274   -9.80894 
                 243 -0.114395   14.1591   2.96771 -0.0437875   0.157131 -0.0114147 -0.0335143   0.130638   0.187496 -0.00652859  -0.0192658   0.0487358 -0.0312365 -0.0234238 -0.0110001   0.0230761 -0.00421457 -0.00576534  0.0104246  0.0180726 0.00452489 -0.0345186 0.00598824   -9.80894 
               243.1 -0.294692   14.4062   2.84393 -0.0407065   0.157276  -0.006352 -0.0336923   0.132246   0.187484 -0.00651955  -0.0192545   0.0487539 -0.0219782 -0.0202885 0.00168578   0.0231738 -0.00429781 -0.00574739 0.00979362  0.0178912 0.00394552 -0.0343711  0.0059906   -9.80894 
               243.2 -0.0192061    14.4437      3.059  -0.0348881    0.163036 0.000430922 -0.0337124   0.134004   0.186136 -0.00650539  -0.0192314   0.0487641 -0.00883586  -0.0143908   0.0154054    0.023047 -0.00428013 -0.00583279 0.00902662  0.0173017  0.0032997 -0.0341619 0.00608494   -9.80894 
               243.3 0.0230005     14.48   3.07578  -0.0373741    0.162817 0.000218986 -0.0335952   0.133586    0.18564 -0.00650824  -0.0192296   0.0487604 -0.0212952 -0.0189759  0.0120115   0.0230255 -0.00426371  -0.0058231 0.00916059  0.0172031 0.00345043 -0.0341818 0.00611868   -9.80894 
               243.4 -0.075288   14.5704   3.12944   -0.0384227     0.156447 -0.000121406 -0.0337486   0.133304   0.186828 -0.00650449   -0.019237    0.048763 -0.0264364 -0.0313298 0.00874464   0.0230963 -0.00428996  -0.0058722 0.00907445  0.0174987  0.0035249 -0.0341705 0.00603761   -9.80894 
               243.5 -0.0640429    14.3749    2.76984  -0.0382245    0.159302 -0.00526987 -0.0335304   0.132184   0.185757 -0.0065039  -0.019222  0.0487596  -0.0289542  -0.0250681 -0.00283035   0.0230669 -0.00421839 -0.00576578 0.00895625  0.0171075 0.00388122  -0.034083 0.00612363   -9.80894 
               243.6 -0.0219629    14.5266    2.61311 -0.0342083   0.160505 0.00295637 -0.0337767   0.134167   0.185466 -0.00648907  -0.0192039   0.0487669 -0.0204328 -0.0256203  0.0143543   0.0230582 -0.00432233 -0.00581677 0.00824723  0.0167854 0.00311604 -0.0339121 0.00615226   -9.80894 
               243.7 0.104499  14.4258  2.83325 -0.0385504    0.16078 0.00406552 -0.0336255   0.134047   0.184543 -0.00649435  -0.0191986   0.0487645 -0.0324582 -0.0291124  0.0135976   0.0230142 -0.00429117 -0.00590232 0.00840244  0.0165589 0.00318199 -0.0339369 0.00622017   -9.80894 
               243.8 0.0980633   14.4384     3.041 -0.029447  0.160349 0.0079347 -0.0338906   0.134921   0.185031 -0.0064654 -0.0191934  0.0487682 -0.00847428  -0.0329711   0.0193684   0.0230111 -0.00431526 -0.00585959 0.00741437  0.0163541 0.00273927 -0.0336709 0.00619713   -9.80894 
               243.9 -0.124232   14.3268   3.04689 -0.0369707   0.154316 0.00165294 -0.0336648   0.133192    0.18516 -0.00648404  -0.0191967   0.0487688 -0.0336322 -0.0399094 0.00274604    0.023124 -0.00424649 -0.00581235 0.00800209  0.0165751 0.00343156 -0.0338075 0.00618552   -9.80894 
                 244 -0.151076   14.4533    2.9906 -0.0361399   0.150712 0.00186569 -0.0337561   0.133335   0.185463 -0.00647551  -0.0191937   0.0487743 -0.0308526 -0.0435851 0.00284097   0.0231423 -0.00429558 -0.00582178 0.00766736   0.016541 0.00333648 -0.0337167 0.00616898   -9.80894 
               244.1 0.0116482   14.5221   2.84424 -0.0423435   0.149763 0.00564295 -0.0336593   0.133911   0.184364 -0.00648203  -0.0191891   0.0487686 -0.0438669 -0.0448212 0.00943678    0.023042 -0.00431717 -0.00577577 0.00782771  0.0162734 0.00315928  -0.033756 0.00624709   -9.80894 
               244.2 -0.238147   14.5553   2.97959 -0.0430281   0.150293 0.00660256 -0.0336129   0.134061   0.183705 -0.00647696  -0.0191791   0.0487776 -0.0401791  -0.036037 0.00991165   0.0231961 -0.00433371  -0.0058311  0.0075393  0.0159602 0.00307002 -0.0336597 0.00630284   -9.80894 
               244.3 -0.21901  14.4935  2.97129 -0.0452818   0.154599 0.00164947 -0.0333085   0.132996   0.182257 -0.00647795  -0.0191638   0.0487795  -0.0426094  -0.0229251 -0.00195036   0.0231814 -0.00430956 -0.00580859 0.00750666  0.0154714 0.00344353 -0.0335938  0.0064195   -9.80894 
               244.4 -0.201822   14.4197   2.94027 -0.0359896    0.15494 0.00188062 -0.0335758   0.133548   0.182913 -0.00644598  -0.0191478   0.0487797   -0.019375  -0.0215593 -0.00032707   0.0231708 -0.00426954 -0.00580149 0.00645908  0.0152783 0.00311128 -0.0333092 0.00638939   -9.80894 
               244.5 -0.0970844    14.3889    3.05957   -0.0323136     0.155497 -0.000932588 -0.0335651   0.133203   0.182805 -0.00643397  -0.0191395   0.0487785  -0.0138421  -0.0217602 -0.00579038   0.0231329 -0.00425478 -0.00587374 0.00606665  0.0150873 0.00317838 -0.0331824 0.00640689   -9.80894 
               244.6 0.0001331   14.2799   2.99895 -0.0276545   0.156086 -0.0105395 -0.0334334   0.131636     0.1828 -0.0064234 -0.0191315  0.0487729 -0.0101471  -0.023284 -0.0237162   0.0230705 -0.00420011 -0.00583487 0.00574194   0.014922 0.00367133 -0.0330473 0.00642221   -9.80894 
               244.7 0.113015  14.1781  3.01587 -0.0281808   0.159909 -0.0126475 -0.0332732   0.131738    0.18144 -0.00642161  -0.0191189   0.0487647  -0.018771 -0.0206198  -0.022944   0.0230106 -0.00415391 -0.00583926 0.00566942  0.0144862 0.00363163 -0.0330017 0.00652221   -9.80894 
               244.8 0.0497715   14.4314   2.98451  -0.0294539    0.162755 -0.00589767 -0.0333507    0.13359   0.180289 -0.00642311  -0.0191081    0.048767  -0.0199759  -0.0180835 -0.00464363   0.0230421 -0.00429836 -0.00582478 0.00546113  0.0141035  0.0029845 -0.0329646 0.00660059   -9.80894 
               244.9 -0.0392733    14.2126    2.97507 -0.0313006   0.160882 -0.0075542 -0.0333396   0.133381   0.180354 -0.0064219 -0.0191074  0.0487672  -0.0289235  -0.0227815 -0.00691815   0.0230943   -0.004192 -0.00582078 0.00542641  0.0141043 0.00304922 -0.0329503 0.00659775   -9.80894 
                 245 0.141052  14.2026  3.07871    -0.02557    0.164788 -0.00591344 -0.0334005   0.134168   0.179656 -0.00640404  -0.0190902   0.0487695  -0.0178245  -0.0204831 -0.00154795   0.0230104 -0.00420093 -0.00587314 0.00472716  0.0136487 0.00269321 -0.0327526 0.00665742   -9.80894 
               245.1 0.186741  14.1014  2.99191  -0.0263196    0.162069 -0.00686199 -0.0334269   0.134057   0.179846 -0.00640093  -0.0190893   0.0487699  -0.0249908  -0.0307414 -0.00321765   0.0229744 -0.00416264 -0.00582473 0.00462918  0.0136619  0.0027145 -0.0327246  0.0066471   -9.80894 
               245.2 -0.174177   14.1772   2.92608 -0.0264009   0.160982 -0.0114002 -0.0333415   0.133288   0.179772 -0.0063981 -0.0190833  0.0487744 -0.0276017 -0.0273217 -0.0112837   0.0231651 -0.00422133 -0.00578567 0.00451638  0.0135735 0.00294541 -0.0326698 0.00665943   -9.80894 
               245.3 -0.286056   13.9293   2.94703 -0.0260218   0.159572 -0.0203202 -0.0332155   0.131796   0.179956 -0.00639345  -0.0190763   0.0487723 -0.0347401 -0.0251535 -0.0265524   0.0232287 -0.00410754 -0.00579109   0.004382  0.0135337 0.00340108 -0.0325943 0.00665804   -9.80894 
               245.4 0.00401943    14.0976     3.0504 -0.0352359   0.160137 -0.0108581 -0.0332488    0.13419   0.178412 -0.0064027 -0.0190704  0.0487645  -0.0519975  -0.0284552 -0.00331705    0.023083 -0.00423119 -0.00584188  0.0045528   0.013222 0.00267795 -0.0326796 0.00674608   -9.80894 
               245.5 -0.0197433    13.8825    3.01065 -0.0364556   0.161243 -0.0128985 -0.0331733    0.13398   0.177887 -0.00639399  -0.0190604   0.0487627  -0.0546203   -0.026952 -0.00636673   0.0230897 -0.00414673  -0.0058177 0.00424543  0.0129624 0.00269853 -0.0325765 0.00678556   -9.80894 
             245.601 -0.26615  13.9721  2.92771  -0.0426678     0.16028 -0.00460116 -0.0333242   0.135961   0.177373 -0.00639475  -0.0190601   0.0487658 -0.0596982 -0.0245851  0.0119016   0.0232157 -0.00423617 -0.00576779 0.00408349  0.0128186 0.00207361 -0.0325757 0.00681081   -9.80894 
               245.7 -0.112928   13.8532     3.095  -0.0520767    0.161147 -0.00351767 -0.0330926   0.135836   0.176129 -0.00640179  -0.0190557   0.0487621 -0.0719836 -0.0230775  0.0115427   0.0231529 -0.00420204 -0.00585451 0.00433286  0.0125828 0.00215257 -0.0326233 0.00688362   -9.80894 
               245.8 -0.261197   13.8912   2.86275  -0.0460101    0.157142 -0.00275272 -0.0335195   0.136181   0.177984 -0.00637602  -0.0190463   0.0487781 -0.0472247 -0.0274561  0.0120245     0.02322 -0.00419988 -0.00579923 0.00334794  0.0127038 0.00189628 -0.0323811 0.00678644   -9.80894 
               245.9 0.171951   13.912  2.87354   -0.0461656      0.15922 -0.000196354 -0.0334134   0.136697    0.17684 -0.00636744  -0.0190303   0.0487759 -0.0468793 -0.0307178   0.014318   0.0229989 -0.00417944 -0.00586312 0.00294474  0.0123112 0.00169512  -0.032265 0.00685115   -9.80894 
                 246 0.0297767   14.1041    2.9595  -0.048838   0.162489 0.00107135 -0.0331319   0.136737   0.175159 -0.00636589  -0.0190189   0.0487771 -0.0458065 -0.0242835  0.0137078   0.0230645 -0.00424447 -0.00580359 0.00281371  0.0118943   0.001666 -0.0322059 0.00693932   -9.80894 
